ISO-10303-21;
HEADER;
FILE_DESCRIPTION(('FreeCAD Model'),'2;1');
FILE_NAME('Open CASCADE Shape Model','2026-09-28T21:17:47',('Author'),(
    ''),'Open CASCADE STEP processor 7.8','FreeCAD','Unknown');
FILE_SCHEMA(('AUTOMOTIVE_DESIGN { 1 0 10303 214 1 1 1 1 }'));
ENDSEC;
DATA;
#1 = APPLICATION_PROTOCOL_DEFINITION('international standard',
  'automotive_design',2000,#2);
#2 = APPLICATION_CONTEXT(
  'core data for automotive mechanical design processes');
#3 = SHAPE_DEFINITION_REPRESENTATION(#4,#10);
#4 = PRODUCT_DEFINITION_SHAPE('','',#5);
#5 = PRODUCT_DEFINITION('design','',#6,#9);
#6 = PRODUCT_DEFINITION_FORMATION('','',#7);
#7 = PRODUCT('Fantabulous_Kup__2___1_001 (Solid)',
  'Fantabulous_Kup__2___1_001 (Solid)','',(#8));
#8 = PRODUCT_CONTEXT('',#2,'mechanical');
#9 = PRODUCT_DEFINITION_CONTEXT('part definition',#2,'design');
#10 = ADVANCED_BREP_SHAPE_REPRESENTATION('',(#11,#15),#16478);
#11 = AXIS2_PLACEMENT_3D('',#12,#13,#14);
#12 = CARTESIAN_POINT('',(0.,0.,0.));
#13 = DIRECTION('',(0.,0.,1.));
#14 = DIRECTION('',(1.,0.,-0.));
#15 = BREP_WITH_VOIDS('',#16,(#4887,#6449));
#16 = CLOSED_SHELL('',(#17,#49,#72,#104,#125,#157,#180,#203,#226,#249,
    #272,#295,#325,#341,#364,#387,#417,#433,#456,#479,#502,#525,#555,
    #571,#594,#617,#640,#663,#693,#709,#732,#755,#778,#801,#831,#847,
    #870,#900,#923,#949,#965,#988,#1011,#1037,#1053,#1076,#1099,#1125,
    #1141,#1164,#1187,#1213,#1229,#1252,#1278,#1294,#1317,#1343,#1359,
    #1382,#1410,#1426,#1449,#1472,#1495,#1516,#1544,#1560,#1583,#1606,
    #1622,#1643,#1664,#1685,#1706,#1729,#1752,#1775,#1798,#1821,#1842,
    #1865,#1888,#1911,#1932,#1962,#1978,#2008,#2031,#2054,#2077,#2100,
    #2121,#2144,#2167,#2190,#2218,#2241,#2264,#2287,#2310,#2340,#2363,
    #2391,#2414,#2442,#2458,#2474,#2497,#2525,#2541,#2562,#2585,#2608,
    #2631,#2654,#2665,#2688,#2709,#2730,#2751,#2762,#2778,#2794,#2810,
    #2833,#2856,#2872,#2893,#2914,#2930,#2953,#2976,#2999,#3020,#3046,
    #3067,#3083,#3094,#3105,#3126,#3152,#3168,#3189,#3205,#3216,#3237,
    #3248,#3271,#3287,#3308,#3324,#3345,#3361,#3377,#3388,#3409,#3430,
    #3451,#3467,#3478,#3494,#3510,#3521,#3537,#3548,#3569,#3585,#3606,
    #3622,#3633,#3649,#3665,#3681,#3704,#3725,#3736,#3757,#3773,#3789,
    #3800,#3816,#3837,#3848,#3869,#3880,#3891,#3902,#3918,#3929,#3950,
    #3961,#3977,#3993,#4009,#4025,#4041,#4057,#4073,#4089,#4105,#4121,
    #4137,#4153,#4174,#4190,#4211,#4227,#4243,#4259,#4275,#4291,#4312,
    #4328,#4344,#4360,#4376,#4392,#4408,#4424,#4440,#4456,#4472,#4488,
    #4504,#4520,#4531,#4542,#4558,#4569,#4585,#4601,#4612,#4628,#4649,
    #4660,#4671,#4687,#4698,#4714,#4725,#4741,#4752,#4768,#4779,#4795,
    #4806,#4822,#4833,#4849,#4860,#4876));
#17 = ADVANCED_FACE('',(#18),#44,.T.);
#18 = FACE_BOUND('',#19,.T.);
#19 = EDGE_LOOP('',(#20,#30,#38));
#20 = ORIENTED_EDGE('',*,*,#21,.T.);
#21 = EDGE_CURVE('',#22,#24,#26,.T.);
#22 = VERTEX_POINT('',#23);
#23 = CARTESIAN_POINT('',(62.935001373291,1.351999998093,6.349999427795)
  );
#24 = VERTEX_POINT('',#25);
#25 = CARTESIAN_POINT('',(54.997001647949,6.498000144958,6.349999427795)
  );
#26 = LINE('',#27,#28);
#27 = CARTESIAN_POINT('',(62.935001373291,1.351999998093,6.349999427795)
  );
#28 = VECTOR('',#29,1.);
#29 = DIRECTION('',(-0.83910472154,0.543969913037,0.));
#30 = ORIENTED_EDGE('',*,*,#31,.T.);
#31 = EDGE_CURVE('',#24,#32,#34,.T.);
#32 = VERTEX_POINT('',#33);
#33 = CARTESIAN_POINT('',(42.001998901367,-15.,6.349999427795));
#34 = LINE('',#35,#36);
#35 = CARTESIAN_POINT('',(54.997001647949,6.498000144958,6.349999427795)
  );
#36 = VECTOR('',#37,1.);
#37 = DIRECTION('',(-0.517308910589,-0.855798744464,0.));
#38 = ORIENTED_EDGE('',*,*,#39,.T.);
#39 = EDGE_CURVE('',#32,#22,#40,.T.);
#40 = LINE('',#41,#42);
#41 = CARTESIAN_POINT('',(42.001998901367,-15.,6.349999427795));
#42 = VECTOR('',#43,1.);
#43 = DIRECTION('',(0.788059223579,0.615599431556,0.));
#44 = PLANE('',#45);
#45 = AXIS2_PLACEMENT_3D('',#46,#47,#48);
#46 = CARTESIAN_POINT('',(51.843149578296,-4.103808865161,6.349999427795
    ));
#47 = DIRECTION('',(0.,0.,1.));
#48 = DIRECTION('',(1.,0.,-0.));
#49 = ADVANCED_FACE('',(#50),#67,.T.);
#50 = FACE_BOUND('',#51,.T.);
#51 = EDGE_LOOP('',(#52,#53,#61));
#52 = ORIENTED_EDGE('',*,*,#21,.F.);
#53 = ORIENTED_EDGE('',*,*,#54,.F.);
#54 = EDGE_CURVE('',#55,#22,#57,.T.);
#55 = VERTEX_POINT('',#56);
#56 = CARTESIAN_POINT('',(107.38999938964,1.351999998093,6.349999427795)
  );
#57 = LINE('',#58,#59);
#58 = CARTESIAN_POINT('',(107.38999938964,1.351999998093,6.349999427795)
  );
#59 = VECTOR('',#60,1.);
#60 = DIRECTION('',(-1.,0.,0.));
#61 = ORIENTED_EDGE('',*,*,#62,.T.);
#62 = EDGE_CURVE('',#55,#24,#63,.T.);
#63 = LINE('',#64,#65);
#64 = CARTESIAN_POINT('',(107.38999938964,1.351999998093,6.349999427795)
  );
#65 = VECTOR('',#66,1.);
#66 = DIRECTION('',(-0.995211112103,9.774887389136E-02,0.));
#67 = PLANE('',#68);
#68 = AXIS2_PLACEMENT_3D('',#69,#70,#71);
#69 = CARTESIAN_POINT('',(80.876007756415,2.851590634054,6.349999427795)
  );
#70 = DIRECTION('',(0.,0.,1.));
#71 = DIRECTION('',(1.,0.,-0.));
#72 = ADVANCED_FACE('',(#73),#99,.T.);
#73 = FACE_BOUND('',#74,.T.);
#74 = EDGE_LOOP('',(#75,#85,#93));
#75 = ORIENTED_EDGE('',*,*,#76,.T.);
#76 = EDGE_CURVE('',#77,#79,#81,.T.);
#77 = VERTEX_POINT('',#78);
#78 = CARTESIAN_POINT('',(107.38999938964,-5.002999782562,
    -7.629394076503E-07));
#79 = VERTEX_POINT('',#80);
#80 = CARTESIAN_POINT('',(107.38999938964,1.351999998093,
    -7.629394076503E-07));
#81 = LINE('',#82,#83);
#82 = CARTESIAN_POINT('',(107.38999938964,-5.002999782562,
    -7.629394076503E-07));
#83 = VECTOR('',#84,1.);
#84 = DIRECTION('',(0.,1.,0.));
#85 = ORIENTED_EDGE('',*,*,#86,.T.);
#86 = EDGE_CURVE('',#79,#87,#89,.T.);
#87 = VERTEX_POINT('',#88);
#88 = CARTESIAN_POINT('',(151.00300598144,6.498000144958,
    -7.629394644937E-07));
#89 = LINE('',#90,#91);
#90 = CARTESIAN_POINT('',(107.38999938964,1.351999998093,
    -7.629394076503E-07));
#91 = VECTOR('',#92,1.);
#92 = DIRECTION('',(0.993110757475,0.117179449508,-1.294380167153E-15));
#93 = ORIENTED_EDGE('',*,*,#94,.T.);
#94 = EDGE_CURVE('',#87,#77,#95,.T.);
#95 = LINE('',#96,#97);
#96 = CARTESIAN_POINT('',(151.00300598144,6.498000144958,
    -7.629394644937E-07));
#97 = VECTOR('',#98,1.);
#98 = DIRECTION('',(-0.966944036355,-0.254988687116,1.26027552716E-15));
#99 = PLANE('',#100);
#100 = AXIS2_PLACEMENT_3D('',#101,#102,#103);
#101 = CARTESIAN_POINT('',(127.74349055839,2.03914761962,
    -7.629394341782E-07));
#102 = DIRECTION('',(-1.303359325644E-15,-0.,-1.));
#103 = DIRECTION('',(-1.,0.,1.303359325644E-15));
#104 = ADVANCED_FACE('',(#105),#120,.T.);
#105 = FACE_BOUND('',#106,.T.);
#106 = EDGE_LOOP('',(#107,#108,#114));
#107 = ORIENTED_EDGE('',*,*,#76,.F.);
#108 = ORIENTED_EDGE('',*,*,#109,.F.);
#109 = EDGE_CURVE('',#55,#77,#110,.T.);
#110 = LINE('',#111,#112);
#111 = CARTESIAN_POINT('',(107.38999938964,1.351999998093,6.349999427795
    ));
#112 = VECTOR('',#113,1.);
#113 = DIRECTION('',(0.,-0.707384982531,-0.706828470344));
#114 = ORIENTED_EDGE('',*,*,#115,.T.);
#115 = EDGE_CURVE('',#55,#79,#116,.T.);
#116 = LINE('',#117,#118);
#117 = CARTESIAN_POINT('',(107.38999938964,1.351999998093,6.349999427795
    ));
#118 = VECTOR('',#119,1.);
#119 = DIRECTION('',(0.,0.,-1.));
#120 = PLANE('',#121);
#121 = AXIS2_PLACEMENT_3D('',#122,#123,#124);
#122 = CARTESIAN_POINT('',(107.38999938964,-0.895197981969,
    2.244697422163));
#123 = DIRECTION('',(-1.,-0.,-0.));
#124 = DIRECTION('',(0.,0.,-1.));
#125 = ADVANCED_FACE('',(#126),#152,.T.);
#126 = FACE_BOUND('',#127,.T.);
#127 = EDGE_LOOP('',(#128,#138,#146));
#128 = ORIENTED_EDGE('',*,*,#129,.T.);
#129 = EDGE_CURVE('',#130,#132,#134,.T.);
#130 = VERTEX_POINT('',#131);
#131 = CARTESIAN_POINT('',(63.106998443604,85.002998352051,
    -7.629394644937E-07));
#132 = VERTEX_POINT('',#133);
#133 = CARTESIAN_POINT('',(60.997001647949,85.002998352051,
    6.349999427795));
#134 = LINE('',#135,#136);
#135 = CARTESIAN_POINT('',(63.106998443604,85.002998352051,
    -7.629394644937E-07));
#136 = VECTOR('',#137,1.);
#137 = DIRECTION('',(-0.315330509289,0.,0.948981912321));
#138 = ORIENTED_EDGE('',*,*,#139,.T.);
#139 = EDGE_CURVE('',#132,#140,#142,.T.);
#140 = VERTEX_POINT('',#141);
#141 = CARTESIAN_POINT('',(60.997001647949,85.002998352051,
    -7.629394644937E-07));
#142 = LINE('',#143,#144);
#143 = CARTESIAN_POINT('',(60.997001647949,85.002998352051,
    6.349999427795));
#144 = VECTOR('',#145,1.);
#145 = DIRECTION('',(0.,0.,-1.));
#146 = ORIENTED_EDGE('',*,*,#147,.T.);
#147 = EDGE_CURVE('',#140,#130,#148,.T.);
#148 = LINE('',#149,#150);
#149 = CARTESIAN_POINT('',(60.997001647949,85.002998352051,
    -7.629394644937E-07));
#150 = VECTOR('',#151,1.);
#151 = DIRECTION('',(1.,0.,0.));
#152 = PLANE('',#153);
#153 = AXIS2_PLACEMENT_3D('',#154,#155,#156);
#154 = CARTESIAN_POINT('',(61.609846221282,85.002998352051,
    2.732845507933));
#155 = DIRECTION('',(-0.,-1.,-0.));
#156 = DIRECTION('',(0.,0.,-1.));
#157 = ADVANCED_FACE('',(#158),#175,.T.);
#158 = FACE_BOUND('',#159,.T.);
#159 = EDGE_LOOP('',(#160,#168,#169));
#160 = ORIENTED_EDGE('',*,*,#161,.T.);
#161 = EDGE_CURVE('',#162,#132,#164,.T.);
#162 = VERTEX_POINT('',#163);
#163 = CARTESIAN_POINT('',(63.106998443604,85.002998352051,
    6.349999427795));
#164 = LINE('',#165,#166);
#165 = CARTESIAN_POINT('',(63.106998443604,85.002998352051,
    6.349999427795));
#166 = VECTOR('',#167,1.);
#167 = DIRECTION('',(-1.,0.,0.));
#168 = ORIENTED_EDGE('',*,*,#129,.F.);
#169 = ORIENTED_EDGE('',*,*,#170,.T.);
#170 = EDGE_CURVE('',#130,#162,#171,.T.);
#171 = LINE('',#172,#173);
#172 = CARTESIAN_POINT('',(63.106998443604,85.002998352051,
    -7.629394644937E-07));
#173 = VECTOR('',#174,1.);
#174 = DIRECTION('',(0.,0.,1.));
#175 = PLANE('',#176);
#176 = AXIS2_PLACEMENT_3D('',#177,#178,#179);
#177 = CARTESIAN_POINT('',(62.494153870271,85.002998352051,
    3.617153156922));
#178 = DIRECTION('',(-0.,-1.,-0.));
#179 = DIRECTION('',(0.,0.,-1.));
#180 = ADVANCED_FACE('',(#181),#198,.T.);
#181 = FACE_BOUND('',#182,.T.);
#182 = EDGE_LOOP('',(#183,#191,#192));
#183 = ORIENTED_EDGE('',*,*,#184,.T.);
#184 = EDGE_CURVE('',#185,#140,#187,.T.);
#185 = VERTEX_POINT('',#186);
#186 = CARTESIAN_POINT('',(60.997001647949,65.477996826172,
    6.349999427795));
#187 = LINE('',#188,#189);
#188 = CARTESIAN_POINT('',(60.997001647949,65.477996826172,
    6.349999427795));
#189 = VECTOR('',#190,1.);
#190 = DIRECTION('',(0.,0.950971416718,-0.309278781338));
#191 = ORIENTED_EDGE('',*,*,#139,.F.);
#192 = ORIENTED_EDGE('',*,*,#193,.T.);
#193 = EDGE_CURVE('',#132,#185,#194,.T.);
#194 = LINE('',#195,#196);
#195 = CARTESIAN_POINT('',(60.997001647949,85.002998352051,
    6.349999427795));
#196 = VECTOR('',#197,1.);
#197 = DIRECTION('',(0.,-1.,0.));
#198 = PLANE('',#199);
#199 = AXIS2_PLACEMENT_3D('',#200,#201,#202);
#200 = CARTESIAN_POINT('',(60.997001647949,76.576338347523,4.51084009084
    ));
#201 = DIRECTION('',(1.,0.,0.));
#202 = DIRECTION('',(-0.,0.,1.));
#203 = ADVANCED_FACE('',(#204),#221,.T.);
#204 = FACE_BOUND('',#205,.T.);
#205 = EDGE_LOOP('',(#206,#214,#215));
#206 = ORIENTED_EDGE('',*,*,#207,.T.);
#207 = EDGE_CURVE('',#208,#140,#210,.T.);
#208 = VERTEX_POINT('',#209);
#209 = CARTESIAN_POINT('',(60.997001647949,65.477996826172,
    -7.629394644937E-07));
#210 = LINE('',#211,#212);
#211 = CARTESIAN_POINT('',(60.997001647949,65.477996826172,
    -7.629394644937E-07));
#212 = VECTOR('',#213,1.);
#213 = DIRECTION('',(0.,1.,0.));
#214 = ORIENTED_EDGE('',*,*,#184,.F.);
#215 = ORIENTED_EDGE('',*,*,#216,.T.);
#216 = EDGE_CURVE('',#185,#208,#217,.T.);
#217 = LINE('',#218,#219);
#218 = CARTESIAN_POINT('',(60.997001647949,65.477996826172,
    6.349999427795));
#219 = VECTOR('',#220,1.);
#220 = DIRECTION('',(0.,0.,-1.));
#221 = PLANE('',#222);
#222 = AXIS2_PLACEMENT_3D('',#223,#224,#225);
#223 = CARTESIAN_POINT('',(60.997001647949,73.9046568307,1.839158574016)
  );
#224 = DIRECTION('',(1.,0.,0.));
#225 = DIRECTION('',(-0.,0.,1.));
#226 = ADVANCED_FACE('',(#227),#244,.T.);
#227 = FACE_BOUND('',#228,.T.);
#228 = EDGE_LOOP('',(#229,#237,#243));
#229 = ORIENTED_EDGE('',*,*,#230,.T.);
#230 = EDGE_CURVE('',#162,#231,#233,.T.);
#231 = VERTEX_POINT('',#232);
#232 = CARTESIAN_POINT('',(42.001998901367,96.,6.349999427795));
#233 = LINE('',#234,#235);
#234 = CARTESIAN_POINT('',(63.106998443604,85.002998352051,
    6.349999427795));
#235 = VECTOR('',#236,1.);
#236 = DIRECTION('',(-0.886831188234,0.462093544183,0.));
#237 = ORIENTED_EDGE('',*,*,#238,.T.);
#238 = EDGE_CURVE('',#231,#132,#239,.T.);
#239 = LINE('',#240,#241);
#240 = CARTESIAN_POINT('',(42.001998901367,96.,6.349999427795));
#241 = VECTOR('',#242,1.);
#242 = DIRECTION('',(0.865428363872,-0.501032680577,0.));
#243 = ORIENTED_EDGE('',*,*,#161,.F.);
#244 = PLANE('',#245);
#245 = AXIS2_PLACEMENT_3D('',#246,#247,#248);
#246 = CARTESIAN_POINT('',(52.489385455049,90.259071790791,
    6.349999427795));
#247 = DIRECTION('',(0.,0.,1.));
#248 = DIRECTION('',(1.,0.,-0.));
#249 = ADVANCED_FACE('',(#250),#267,.T.);
#250 = FACE_BOUND('',#251,.T.);
#251 = EDGE_LOOP('',(#252,#260,#261));
#252 = ORIENTED_EDGE('',*,*,#253,.T.);
#253 = EDGE_CURVE('',#254,#231,#256,.T.);
#254 = VERTEX_POINT('',#255);
#255 = CARTESIAN_POINT('',(67.484001159668,85.002998352051,
    6.349999427795));
#256 = LINE('',#257,#258);
#257 = CARTESIAN_POINT('',(67.484001159668,85.002998352051,
    6.349999427795));
#258 = VECTOR('',#259,1.);
#259 = DIRECTION('',(-0.918148754012,0.39623587105,0.));
#260 = ORIENTED_EDGE('',*,*,#230,.F.);
#261 = ORIENTED_EDGE('',*,*,#262,.T.);
#262 = EDGE_CURVE('',#162,#254,#263,.T.);
#263 = LINE('',#264,#265);
#264 = CARTESIAN_POINT('',(63.106998443604,85.002998352051,
    6.349999427795));
#265 = VECTOR('',#266,1.);
#266 = DIRECTION('',(1.,0.,0.));
#267 = PLANE('',#268);
#268 = AXIS2_PLACEMENT_3D('',#269,#270,#271);
#269 = CARTESIAN_POINT('',(54.637614316874,90.071185760485,
    6.349999427795));
#270 = DIRECTION('',(0.,0.,1.));
#271 = DIRECTION('',(1.,0.,-0.));
#272 = ADVANCED_FACE('',(#273),#290,.T.);
#273 = FACE_BOUND('',#274,.T.);
#274 = EDGE_LOOP('',(#275,#283,#284));
#275 = ORIENTED_EDGE('',*,*,#276,.T.);
#276 = EDGE_CURVE('',#277,#231,#279,.T.);
#277 = VERTEX_POINT('',#278);
#278 = CARTESIAN_POINT('',(69.59400177002,85.002998352051,6.349999427795
    ));
#279 = LINE('',#280,#281);
#280 = CARTESIAN_POINT('',(69.59400177002,85.002998352051,6.349999427795
    ));
#281 = VECTOR('',#282,1.);
#282 = DIRECTION('',(-0.928938016129,0.370235279506,0.));
#283 = ORIENTED_EDGE('',*,*,#253,.F.);
#284 = ORIENTED_EDGE('',*,*,#285,.F.);
#285 = EDGE_CURVE('',#277,#254,#286,.T.);
#286 = LINE('',#287,#288);
#287 = CARTESIAN_POINT('',(69.59400177002,85.002998352051,6.349999427795
    ));
#288 = VECTOR('',#289,1.);
#289 = DIRECTION('',(-1.,0.,0.));
#290 = PLANE('',#291);
#291 = AXIS2_PLACEMENT_3D('',#292,#293,#294);
#292 = CARTESIAN_POINT('',(55.757765991751,90.306727671628,
    6.349999427795));
#293 = DIRECTION('',(0.,0.,1.));
#294 = DIRECTION('',(1.,0.,-0.));
#295 = ADVANCED_FACE('',(#296),#320,.T.);
#296 = FACE_BOUND('',#297,.T.);
#297 = EDGE_LOOP('',(#298,#306,#314));
#298 = ORIENTED_EDGE('',*,*,#299,.T.);
#299 = EDGE_CURVE('',#300,#254,#302,.T.);
#300 = VERTEX_POINT('',#301);
#301 = CARTESIAN_POINT('',(69.59400177002,85.002998352051,
    -7.629394644937E-07));
#302 = LINE('',#303,#304);
#303 = CARTESIAN_POINT('',(69.59400177002,85.002998352051,
    -7.629394644937E-07));
#304 = VECTOR('',#305,1.);
#305 = DIRECTION('',(-0.315331022694,0.,0.948981741725));
#306 = ORIENTED_EDGE('',*,*,#307,.T.);
#307 = EDGE_CURVE('',#254,#308,#310,.T.);
#308 = VERTEX_POINT('',#309);
#309 = CARTESIAN_POINT('',(67.484001159668,85.002998352051,
    -7.629394644937E-07));
#310 = LINE('',#311,#312);
#311 = CARTESIAN_POINT('',(67.484001159668,85.002998352051,
    6.349999427795));
#312 = VECTOR('',#313,1.);
#313 = DIRECTION('',(0.,0.,-1.));
#314 = ORIENTED_EDGE('',*,*,#315,.T.);
#315 = EDGE_CURVE('',#308,#300,#316,.T.);
#316 = LINE('',#317,#318);
#317 = CARTESIAN_POINT('',(67.484001159668,85.002998352051,
    -7.629394644937E-07));
#318 = VECTOR('',#319,1.);
#319 = DIRECTION('',(1.,0.,0.));
#320 = PLANE('',#321);
#321 = AXIS2_PLACEMENT_3D('',#322,#323,#324);
#322 = CARTESIAN_POINT('',(68.096846987398,85.002998352051,
    2.732844854982));
#323 = DIRECTION('',(-0.,-1.,-0.));
#324 = DIRECTION('',(0.,0.,-1.));
#325 = ADVANCED_FACE('',(#326),#336,.T.);
#326 = FACE_BOUND('',#327,.T.);
#327 = EDGE_LOOP('',(#328,#329,#330));
#328 = ORIENTED_EDGE('',*,*,#285,.T.);
#329 = ORIENTED_EDGE('',*,*,#299,.F.);
#330 = ORIENTED_EDGE('',*,*,#331,.T.);
#331 = EDGE_CURVE('',#300,#277,#332,.T.);
#332 = LINE('',#333,#334);
#333 = CARTESIAN_POINT('',(69.59400177002,85.002998352051,
    -7.629394644937E-07));
#334 = VECTOR('',#335,1.);
#335 = DIRECTION('',(0.,0.,1.));
#336 = PLANE('',#337);
#337 = AXIS2_PLACEMENT_3D('',#338,#339,#340);
#338 = CARTESIAN_POINT('',(68.98115594229,85.002998352051,3.617153809874
    ));
#339 = DIRECTION('',(-0.,-1.,-0.));
#340 = DIRECTION('',(0.,0.,-1.));
#341 = ADVANCED_FACE('',(#342),#359,.T.);
#342 = FACE_BOUND('',#343,.T.);
#343 = EDGE_LOOP('',(#344,#352,#353));
#344 = ORIENTED_EDGE('',*,*,#345,.T.);
#345 = EDGE_CURVE('',#346,#231,#348,.T.);
#346 = VERTEX_POINT('',#347);
#347 = CARTESIAN_POINT('',(73.971000671387,85.002998352051,
    6.349999427795));
#348 = LINE('',#349,#350);
#349 = CARTESIAN_POINT('',(73.971000671387,85.002998352051,
    6.349999427795));
#350 = VECTOR('',#351,1.);
#351 = DIRECTION('',(-0.945616947287,0.325282321996,0.));
#352 = ORIENTED_EDGE('',*,*,#276,.F.);
#353 = ORIENTED_EDGE('',*,*,#354,.T.);
#354 = EDGE_CURVE('',#277,#346,#355,.T.);
#355 = LINE('',#356,#357);
#356 = CARTESIAN_POINT('',(69.59400177002,85.002998352051,6.349999427795
    ));
#357 = VECTOR('',#358,1.);
#358 = DIRECTION('',(1.,0.,0.));
#359 = PLANE('',#360);
#360 = AXIS2_PLACEMENT_3D('',#361,#362,#363);
#361 = CARTESIAN_POINT('',(57.918455488022,90.146986137578,
    6.349999427795));
#362 = DIRECTION('',(0.,0.,1.));
#363 = DIRECTION('',(1.,0.,-0.));
#364 = ADVANCED_FACE('',(#365),#382,.T.);
#365 = FACE_BOUND('',#366,.T.);
#366 = EDGE_LOOP('',(#367,#375,#376));
#367 = ORIENTED_EDGE('',*,*,#368,.T.);
#368 = EDGE_CURVE('',#369,#231,#371,.T.);
#369 = VERTEX_POINT('',#370);
#370 = CARTESIAN_POINT('',(76.081001281738,85.002998352051,
    6.349999427795));
#371 = LINE('',#372,#373);
#372 = CARTESIAN_POINT('',(76.081001281738,85.002998352051,
    6.349999427795));
#373 = VECTOR('',#374,1.);
#374 = DIRECTION('',(-0.951677811262,0.307098263674,0.));
#375 = ORIENTED_EDGE('',*,*,#345,.F.);
#376 = ORIENTED_EDGE('',*,*,#377,.F.);
#377 = EDGE_CURVE('',#369,#346,#378,.T.);
#378 = LINE('',#379,#380);
#379 = CARTESIAN_POINT('',(76.081001281738,85.002998352051,
    6.349999427795));
#380 = VECTOR('',#381,1.);
#381 = DIRECTION('',(-1.,0.,0.));
#382 = PLANE('',#383);
#383 = AXIS2_PLACEMENT_3D('',#384,#385,#386);
#384 = CARTESIAN_POINT('',(59.014457542571,90.33974909605,6.349999427795
    ));
#385 = DIRECTION('',(0.,0.,1.));
#386 = DIRECTION('',(1.,0.,-0.));
#387 = ADVANCED_FACE('',(#388),#412,.T.);
#388 = FACE_BOUND('',#389,.T.);
#389 = EDGE_LOOP('',(#390,#398,#406));
#390 = ORIENTED_EDGE('',*,*,#391,.T.);
#391 = EDGE_CURVE('',#392,#346,#394,.T.);
#392 = VERTEX_POINT('',#393);
#393 = CARTESIAN_POINT('',(76.081001281738,85.002998352051,
    -7.629394644937E-07));
#394 = LINE('',#395,#396);
#395 = CARTESIAN_POINT('',(76.081001281738,85.002998352051,
    -7.629394644937E-07));
#396 = VECTOR('',#397,1.);
#397 = DIRECTION('',(-0.315331022694,0.,0.948981741725));
#398 = ORIENTED_EDGE('',*,*,#399,.T.);
#399 = EDGE_CURVE('',#346,#400,#402,.T.);
#400 = VERTEX_POINT('',#401);
#401 = CARTESIAN_POINT('',(73.971000671387,85.002998352051,
    -7.629394644937E-07));
#402 = LINE('',#403,#404);
#403 = CARTESIAN_POINT('',(73.971000671387,85.002998352051,
    6.349999427795));
#404 = VECTOR('',#405,1.);
#405 = DIRECTION('',(0.,0.,-1.));
#406 = ORIENTED_EDGE('',*,*,#407,.T.);
#407 = EDGE_CURVE('',#400,#392,#408,.T.);
#408 = LINE('',#409,#410);
#409 = CARTESIAN_POINT('',(73.971000671387,85.002998352051,
    -7.629394644937E-07));
#410 = VECTOR('',#411,1.);
#411 = DIRECTION('',(1.,0.,0.));
#412 = PLANE('',#413);
#413 = AXIS2_PLACEMENT_3D('',#414,#415,#416);
#414 = CARTESIAN_POINT('',(74.583846499117,85.002998352051,
    2.732844854982));
#415 = DIRECTION('',(-0.,-1.,-0.));
#416 = DIRECTION('',(0.,0.,-1.));
#417 = ADVANCED_FACE('',(#418),#428,.T.);
#418 = FACE_BOUND('',#419,.T.);
#419 = EDGE_LOOP('',(#420,#421,#422));
#420 = ORIENTED_EDGE('',*,*,#377,.T.);
#421 = ORIENTED_EDGE('',*,*,#391,.F.);
#422 = ORIENTED_EDGE('',*,*,#423,.T.);
#423 = EDGE_CURVE('',#392,#369,#424,.T.);
#424 = LINE('',#425,#426);
#425 = CARTESIAN_POINT('',(76.081001281738,85.002998352051,
    -7.629394644937E-07));
#426 = VECTOR('',#427,1.);
#427 = DIRECTION('',(0.,0.,1.));
#428 = PLANE('',#429);
#429 = AXIS2_PLACEMENT_3D('',#430,#431,#432);
#430 = CARTESIAN_POINT('',(75.468155454008,85.002998352051,
    3.617153809874));
#431 = DIRECTION('',(-0.,-1.,-0.));
#432 = DIRECTION('',(0.,0.,-1.));
#433 = ADVANCED_FACE('',(#434),#451,.T.);
#434 = FACE_BOUND('',#435,.T.);
#435 = EDGE_LOOP('',(#436,#444,#445));
#436 = ORIENTED_EDGE('',*,*,#437,.T.);
#437 = EDGE_CURVE('',#438,#231,#440,.T.);
#438 = VERTEX_POINT('',#439);
#439 = CARTESIAN_POINT('',(80.458000183105,85.002998352051,
    6.349999427795));
#440 = LINE('',#441,#442);
#441 = CARTESIAN_POINT('',(80.458000183105,85.002998352051,
    6.349999427795));
#442 = VECTOR('',#443,1.);
#443 = DIRECTION('',(-0.96146070218,0.274942390626,0.));
#444 = ORIENTED_EDGE('',*,*,#368,.F.);
#445 = ORIENTED_EDGE('',*,*,#446,.F.);
#446 = EDGE_CURVE('',#438,#369,#447,.T.);
#447 = LINE('',#448,#449);
#448 = CARTESIAN_POINT('',(80.458000183105,85.002998352051,
    6.349999427795));
#449 = VECTOR('',#450,1.);
#450 = DIRECTION('',(-1.,0.,0.));
#451 = PLANE('',#452);
#452 = AXIS2_PLACEMENT_3D('',#453,#454,#455);
#453 = CARTESIAN_POINT('',(61.182771169679,90.201352357614,
    6.349999427795));
#454 = DIRECTION('',(0.,0.,1.));
#455 = DIRECTION('',(1.,0.,-0.));
#456 = ADVANCED_FACE('',(#457),#474,.T.);
#457 = FACE_BOUND('',#458,.T.);
#458 = EDGE_LOOP('',(#459,#467,#473));
#459 = ORIENTED_EDGE('',*,*,#460,.T.);
#460 = EDGE_CURVE('',#369,#461,#463,.T.);
#461 = VERTEX_POINT('',#462);
#462 = CARTESIAN_POINT('',(80.458000183105,65.477996826172,
    6.349999427795));
#463 = LINE('',#464,#465);
#464 = CARTESIAN_POINT('',(76.081001281738,85.002998352051,
    6.349999427795));
#465 = VECTOR('',#466,1.);
#466 = DIRECTION('',(0.218745026219,-0.975782052256,0.));
#467 = ORIENTED_EDGE('',*,*,#468,.T.);
#468 = EDGE_CURVE('',#461,#438,#469,.T.);
#469 = LINE('',#470,#471);
#470 = CARTESIAN_POINT('',(80.458000183105,65.477996826172,
    6.349999427795));
#471 = VECTOR('',#472,1.);
#472 = DIRECTION('',(0.,1.,0.));
#473 = ORIENTED_EDGE('',*,*,#446,.T.);
#474 = PLANE('',#475);
#475 = AXIS2_PLACEMENT_3D('',#476,#477,#478);
#476 = CARTESIAN_POINT('',(79.242602639569,76.213599496258,
    6.349999427795));
#477 = DIRECTION('',(0.,0.,1.));
#478 = DIRECTION('',(1.,0.,-0.));
#479 = ADVANCED_FACE('',(#480),#497,.T.);
#480 = FACE_BOUND('',#481,.T.);
#481 = EDGE_LOOP('',(#482,#490,#491));
#482 = ORIENTED_EDGE('',*,*,#483,.T.);
#483 = EDGE_CURVE('',#484,#461,#486,.T.);
#484 = VERTEX_POINT('',#485);
#485 = CARTESIAN_POINT('',(76.081001281738,65.477996826172,
    6.349999427795));
#486 = LINE('',#487,#488);
#487 = CARTESIAN_POINT('',(76.081001281738,65.477996826172,
    6.349999427795));
#488 = VECTOR('',#489,1.);
#489 = DIRECTION('',(1.,0.,0.));
#490 = ORIENTED_EDGE('',*,*,#460,.F.);
#491 = ORIENTED_EDGE('',*,*,#492,.T.);
#492 = EDGE_CURVE('',#369,#484,#493,.T.);
#493 = LINE('',#494,#495);
#494 = CARTESIAN_POINT('',(76.081001281738,85.002998352051,
    6.349999427795));
#495 = VECTOR('',#496,1.);
#496 = DIRECTION('',(0.,-1.,0.));
#497 = PLANE('',#498);
#498 = AXIS2_PLACEMENT_3D('',#499,#500,#501);
#499 = CARTESIAN_POINT('',(77.296398825275,74.267395681965,
    6.349999427795));
#500 = DIRECTION('',(0.,0.,1.));
#501 = DIRECTION('',(1.,0.,-0.));
#502 = ADVANCED_FACE('',(#503),#520,.T.);
#503 = FACE_BOUND('',#504,.T.);
#504 = EDGE_LOOP('',(#505,#513,#514));
#505 = ORIENTED_EDGE('',*,*,#506,.T.);
#506 = EDGE_CURVE('',#507,#231,#509,.T.);
#507 = VERTEX_POINT('',#508);
#508 = CARTESIAN_POINT('',(82.568000793457,85.002998352051,
    6.349999427795));
#509 = LINE('',#510,#511);
#510 = CARTESIAN_POINT('',(82.568000793457,85.002998352051,
    6.349999427795));
#511 = VECTOR('',#512,1.);
#512 = DIRECTION('',(-0.96516405212,0.261645471001,0.));
#513 = ORIENTED_EDGE('',*,*,#437,.F.);
#514 = ORIENTED_EDGE('',*,*,#515,.F.);
#515 = EDGE_CURVE('',#507,#438,#516,.T.);
#516 = LINE('',#517,#518);
#517 = CARTESIAN_POINT('',(82.568000793457,85.002998352051,
    6.349999427795));
#518 = VECTOR('',#519,1.);
#519 = DIRECTION('',(-1.,0.,0.));
#520 = PLANE('',#521);
#521 = AXIS2_PLACEMENT_3D('',#522,#523,#524);
#522 = CARTESIAN_POINT('',(62.26567132534,90.363607974932,6.349999427795
    ));
#523 = DIRECTION('',(0.,0.,1.));
#524 = DIRECTION('',(1.,0.,-0.));
#525 = ADVANCED_FACE('',(#526),#550,.T.);
#526 = FACE_BOUND('',#527,.T.);
#527 = EDGE_LOOP('',(#528,#536,#544));
#528 = ORIENTED_EDGE('',*,*,#529,.T.);
#529 = EDGE_CURVE('',#530,#438,#532,.T.);
#530 = VERTEX_POINT('',#531);
#531 = CARTESIAN_POINT('',(82.568000793457,85.002998352051,
    -7.629394644937E-07));
#532 = LINE('',#533,#534);
#533 = CARTESIAN_POINT('',(82.568000793457,85.002998352051,
    -7.629394644937E-07));
#534 = VECTOR('',#535,1.);
#535 = DIRECTION('',(-0.315331022694,0.,0.948981741725));
#536 = ORIENTED_EDGE('',*,*,#537,.T.);
#537 = EDGE_CURVE('',#438,#538,#540,.T.);
#538 = VERTEX_POINT('',#539);
#539 = CARTESIAN_POINT('',(80.458000183105,85.002998352051,
    -7.629394644937E-07));
#540 = LINE('',#541,#542);
#541 = CARTESIAN_POINT('',(80.458000183105,85.002998352051,
    6.349999427795));
#542 = VECTOR('',#543,1.);
#543 = DIRECTION('',(0.,0.,-1.));
#544 = ORIENTED_EDGE('',*,*,#545,.T.);
#545 = EDGE_CURVE('',#538,#530,#546,.T.);
#546 = LINE('',#547,#548);
#547 = CARTESIAN_POINT('',(80.458000183105,85.002998352051,
    -7.629394644937E-07));
#548 = VECTOR('',#549,1.);
#549 = DIRECTION('',(1.,0.,0.));
#550 = PLANE('',#551);
#551 = AXIS2_PLACEMENT_3D('',#552,#553,#554);
#552 = CARTESIAN_POINT('',(81.070846010835,85.002998352051,
    2.732844854982));
#553 = DIRECTION('',(-0.,-1.,-0.));
#554 = DIRECTION('',(0.,0.,-1.));
#555 = ADVANCED_FACE('',(#556),#566,.T.);
#556 = FACE_BOUND('',#557,.T.);
#557 = EDGE_LOOP('',(#558,#559,#560));
#558 = ORIENTED_EDGE('',*,*,#515,.T.);
#559 = ORIENTED_EDGE('',*,*,#529,.F.);
#560 = ORIENTED_EDGE('',*,*,#561,.T.);
#561 = EDGE_CURVE('',#530,#507,#562,.T.);
#562 = LINE('',#563,#564);
#563 = CARTESIAN_POINT('',(82.568000793457,85.002998352051,
    -7.629394644937E-07));
#564 = VECTOR('',#565,1.);
#565 = DIRECTION('',(0.,0.,1.));
#566 = PLANE('',#567);
#567 = AXIS2_PLACEMENT_3D('',#568,#569,#570);
#568 = CARTESIAN_POINT('',(81.955154965727,85.002998352051,
    3.617153809874));
#569 = DIRECTION('',(-0.,-1.,-0.));
#570 = DIRECTION('',(0.,0.,-1.));
#571 = ADVANCED_FACE('',(#572),#589,.T.);
#572 = FACE_BOUND('',#573,.T.);
#573 = EDGE_LOOP('',(#574,#582,#583));
#574 = ORIENTED_EDGE('',*,*,#575,.T.);
#575 = EDGE_CURVE('',#576,#231,#578,.T.);
#576 = VERTEX_POINT('',#577);
#577 = CARTESIAN_POINT('',(86.944999694824,85.002998352051,
    6.349999427795));
#578 = LINE('',#579,#580);
#579 = CARTESIAN_POINT('',(86.944999694824,85.002998352051,
    6.349999427795));
#580 = VECTOR('',#581,1.);
#581 = DIRECTION('',(-0.971344468282,0.237676090378,0.));
#582 = ORIENTED_EDGE('',*,*,#506,.F.);
#583 = ORIENTED_EDGE('',*,*,#584,.F.);
#584 = EDGE_CURVE('',#576,#507,#585,.T.);
#585 = LINE('',#586,#587);
#586 = CARTESIAN_POINT('',(86.944999694824,85.002998352051,
    6.349999427795));
#587 = VECTOR('',#588,1.);
#588 = DIRECTION('',(-1.,0.,0.));
#589 = PLANE('',#590);
#590 = AXIS2_PLACEMENT_3D('',#591,#592,#593);
#591 = CARTESIAN_POINT('',(64.438923854265,90.241810296098,
    6.349999427795));
#592 = DIRECTION('',(0.,0.,1.));
#593 = DIRECTION('',(1.,0.,-0.));
#594 = ADVANCED_FACE('',(#595),#612,.T.);
#595 = FACE_BOUND('',#596,.T.);
#596 = EDGE_LOOP('',(#597,#605,#611));
#597 = ORIENTED_EDGE('',*,*,#598,.T.);
#598 = EDGE_CURVE('',#507,#599,#601,.T.);
#599 = VERTEX_POINT('',#600);
#600 = CARTESIAN_POINT('',(86.944999694824,65.477996826172,
    6.349999427795));
#601 = LINE('',#602,#603);
#602 = CARTESIAN_POINT('',(82.568000793457,85.002998352051,
    6.349999427795));
#603 = VECTOR('',#604,1.);
#604 = DIRECTION('',(0.218745026219,-0.975782052256,0.));
#605 = ORIENTED_EDGE('',*,*,#606,.T.);
#606 = EDGE_CURVE('',#599,#576,#607,.T.);
#607 = LINE('',#608,#609);
#608 = CARTESIAN_POINT('',(86.944999694824,65.477996826172,
    6.349999427795));
#609 = VECTOR('',#610,1.);
#610 = DIRECTION('',(0.,1.,0.));
#611 = ORIENTED_EDGE('',*,*,#584,.T.);
#612 = PLANE('',#613);
#613 = AXIS2_PLACEMENT_3D('',#614,#615,#616);
#614 = CARTESIAN_POINT('',(85.729602151287,76.213599496258,
    6.349999427795));
#615 = DIRECTION('',(0.,0.,1.));
#616 = DIRECTION('',(1.,0.,-0.));
#617 = ADVANCED_FACE('',(#618),#635,.T.);
#618 = FACE_BOUND('',#619,.T.);
#619 = EDGE_LOOP('',(#620,#628,#629));
#620 = ORIENTED_EDGE('',*,*,#621,.T.);
#621 = EDGE_CURVE('',#622,#599,#624,.T.);
#622 = VERTEX_POINT('',#623);
#623 = CARTESIAN_POINT('',(82.568000793457,65.477996826172,
    6.349999427795));
#624 = LINE('',#625,#626);
#625 = CARTESIAN_POINT('',(82.568000793457,65.477996826172,
    6.349999427795));
#626 = VECTOR('',#627,1.);
#627 = DIRECTION('',(1.,0.,0.));
#628 = ORIENTED_EDGE('',*,*,#598,.F.);
#629 = ORIENTED_EDGE('',*,*,#630,.T.);
#630 = EDGE_CURVE('',#507,#622,#631,.T.);
#631 = LINE('',#632,#633);
#632 = CARTESIAN_POINT('',(82.568000793457,85.002998352051,
    6.349999427795));
#633 = VECTOR('',#634,1.);
#634 = DIRECTION('',(0.,-1.,0.));
#635 = PLANE('',#636);
#636 = AXIS2_PLACEMENT_3D('',#637,#638,#639);
#637 = CARTESIAN_POINT('',(83.783398336994,74.267395681965,
    6.349999427795));
#638 = DIRECTION('',(0.,0.,1.));
#639 = DIRECTION('',(1.,0.,-0.));
#640 = ADVANCED_FACE('',(#641),#658,.T.);
#641 = FACE_BOUND('',#642,.T.);
#642 = EDGE_LOOP('',(#643,#651,#652));
#643 = ORIENTED_EDGE('',*,*,#644,.T.);
#644 = EDGE_CURVE('',#645,#231,#647,.T.);
#645 = VERTEX_POINT('',#646);
#646 = CARTESIAN_POINT('',(89.055000305176,85.002998352051,
    6.349999427795));
#647 = LINE('',#648,#649);
#648 = CARTESIAN_POINT('',(89.055000305176,85.002998352051,
    6.349999427795));
#649 = VECTOR('',#650,1.);
#650 = DIRECTION('',(-0.973758861663,0.227582247401,0.));
#651 = ORIENTED_EDGE('',*,*,#575,.F.);
#652 = ORIENTED_EDGE('',*,*,#653,.F.);
#653 = EDGE_CURVE('',#645,#576,#654,.T.);
#654 = LINE('',#655,#656);
#655 = CARTESIAN_POINT('',(89.055000305176,85.002998352051,
    6.349999427795));
#656 = VECTOR('',#657,1.);
#657 = DIRECTION('',(-1.,0.,0.));
#658 = PLANE('',#659);
#659 = AXIS2_PLACEMENT_3D('',#660,#661,#662);
#660 = CARTESIAN_POINT('',(65.514034417742,90.381521337989,
    6.349999427795));
#661 = DIRECTION('',(0.,0.,1.));
#662 = DIRECTION('',(1.,0.,-0.));
#663 = ADVANCED_FACE('',(#664),#688,.T.);
#664 = FACE_BOUND('',#665,.T.);
#665 = EDGE_LOOP('',(#666,#674,#682));
#666 = ORIENTED_EDGE('',*,*,#667,.T.);
#667 = EDGE_CURVE('',#668,#576,#670,.T.);
#668 = VERTEX_POINT('',#669);
#669 = CARTESIAN_POINT('',(89.055000305176,85.002998352051,
    -7.629394644937E-07));
#670 = LINE('',#671,#672);
#671 = CARTESIAN_POINT('',(89.055000305176,85.002998352051,
    -7.629394644937E-07));
#672 = VECTOR('',#673,1.);
#673 = DIRECTION('',(-0.315331022694,0.,0.948981741725));
#674 = ORIENTED_EDGE('',*,*,#675,.T.);
#675 = EDGE_CURVE('',#576,#676,#678,.T.);
#676 = VERTEX_POINT('',#677);
#677 = CARTESIAN_POINT('',(86.944999694824,85.002998352051,
    -7.629394644937E-07));
#678 = LINE('',#679,#680);
#679 = CARTESIAN_POINT('',(86.944999694824,85.002998352051,
    6.349999427795));
#680 = VECTOR('',#681,1.);
#681 = DIRECTION('',(0.,0.,-1.));
#682 = ORIENTED_EDGE('',*,*,#683,.T.);
#683 = EDGE_CURVE('',#676,#668,#684,.T.);
#684 = LINE('',#685,#686);
#685 = CARTESIAN_POINT('',(86.944999694824,85.002998352051,
    -7.629394644937E-07));
#686 = VECTOR('',#687,1.);
#687 = DIRECTION('',(1.,0.,0.));
#688 = PLANE('',#689);
#689 = AXIS2_PLACEMENT_3D('',#690,#691,#692);
#690 = CARTESIAN_POINT('',(87.557845522554,85.002998352051,
    2.732844854982));
#691 = DIRECTION('',(-0.,-1.,-0.));
#692 = DIRECTION('',(0.,0.,-1.));
#693 = ADVANCED_FACE('',(#694),#704,.T.);
#694 = FACE_BOUND('',#695,.T.);
#695 = EDGE_LOOP('',(#696,#697,#698));
#696 = ORIENTED_EDGE('',*,*,#653,.T.);
#697 = ORIENTED_EDGE('',*,*,#667,.F.);
#698 = ORIENTED_EDGE('',*,*,#699,.T.);
#699 = EDGE_CURVE('',#668,#645,#700,.T.);
#700 = LINE('',#701,#702);
#701 = CARTESIAN_POINT('',(89.055000305176,85.002998352051,
    -7.629394644937E-07));
#702 = VECTOR('',#703,1.);
#703 = DIRECTION('',(0.,0.,1.));
#704 = PLANE('',#705);
#705 = AXIS2_PLACEMENT_3D('',#706,#707,#708);
#706 = CARTESIAN_POINT('',(88.442154477446,85.002998352051,
    3.617153809874));
#707 = DIRECTION('',(-0.,-1.,-0.));
#708 = DIRECTION('',(0.,0.,-1.));
#709 = ADVANCED_FACE('',(#710),#727,.T.);
#710 = FACE_BOUND('',#711,.T.);
#711 = EDGE_LOOP('',(#712,#720,#721));
#712 = ORIENTED_EDGE('',*,*,#713,.T.);
#713 = EDGE_CURVE('',#714,#231,#716,.T.);
#714 = VERTEX_POINT('',#715);
#715 = CARTESIAN_POINT('',(93.431999206543,85.002998352051,
    6.349999427795));
#716 = LINE('',#717,#718);
#717 = CARTESIAN_POINT('',(93.431999206543,85.002998352051,
    6.349999427795));
#718 = VECTOR('',#719,1.);
#719 = DIRECTION('',(-0.977894693543,0.209097987412,0.));
#720 = ORIENTED_EDGE('',*,*,#644,.F.);
#721 = ORIENTED_EDGE('',*,*,#722,.F.);
#722 = EDGE_CURVE('',#714,#645,#723,.T.);
#723 = LINE('',#724,#725);
#724 = CARTESIAN_POINT('',(93.431999206543,85.002998352051,
    6.349999427795));
#725 = VECTOR('',#726,1.);
#726 = DIRECTION('',(-1.,0.,0.));
#727 = PLANE('',#728);
#728 = AXIS2_PLACEMENT_3D('',#729,#730,#731);
#729 = CARTESIAN_POINT('',(67.69064329486,90.272922853998,6.349999427795
    ));
#730 = DIRECTION('',(0.,0.,1.));
#731 = DIRECTION('',(1.,0.,-0.));
#732 = ADVANCED_FACE('',(#733),#750,.T.);
#733 = FACE_BOUND('',#734,.T.);
#734 = EDGE_LOOP('',(#735,#743,#749));
#735 = ORIENTED_EDGE('',*,*,#736,.T.);
#736 = EDGE_CURVE('',#645,#737,#739,.T.);
#737 = VERTEX_POINT('',#738);
#738 = CARTESIAN_POINT('',(93.431999206543,65.477996826172,
    6.349999427795));
#739 = LINE('',#740,#741);
#740 = CARTESIAN_POINT('',(89.055000305176,85.002998352051,
    6.349999427795));
#741 = VECTOR('',#742,1.);
#742 = DIRECTION('',(0.218745026219,-0.975782052256,0.));
#743 = ORIENTED_EDGE('',*,*,#744,.T.);
#744 = EDGE_CURVE('',#737,#714,#745,.T.);
#745 = LINE('',#746,#747);
#746 = CARTESIAN_POINT('',(93.431999206543,65.477996826172,
    6.349999427795));
#747 = VECTOR('',#748,1.);
#748 = DIRECTION('',(0.,1.,0.));
#749 = ORIENTED_EDGE('',*,*,#722,.T.);
#750 = PLANE('',#751);
#751 = AXIS2_PLACEMENT_3D('',#752,#753,#754);
#752 = CARTESIAN_POINT('',(92.216601663006,76.213599496258,
    6.349999427795));
#753 = DIRECTION('',(0.,0.,1.));
#754 = DIRECTION('',(1.,0.,-0.));
#755 = ADVANCED_FACE('',(#756),#773,.T.);
#756 = FACE_BOUND('',#757,.T.);
#757 = EDGE_LOOP('',(#758,#766,#767));
#758 = ORIENTED_EDGE('',*,*,#759,.T.);
#759 = EDGE_CURVE('',#760,#737,#762,.T.);
#760 = VERTEX_POINT('',#761);
#761 = CARTESIAN_POINT('',(89.055000305176,65.477996826172,
    6.349999427795));
#762 = LINE('',#763,#764);
#763 = CARTESIAN_POINT('',(89.055000305176,65.477996826172,
    6.349999427795));
#764 = VECTOR('',#765,1.);
#765 = DIRECTION('',(1.,0.,0.));
#766 = ORIENTED_EDGE('',*,*,#736,.F.);
#767 = ORIENTED_EDGE('',*,*,#768,.T.);
#768 = EDGE_CURVE('',#645,#760,#769,.T.);
#769 = LINE('',#770,#771);
#770 = CARTESIAN_POINT('',(89.055000305176,85.002998352051,
    6.349999427795));
#771 = VECTOR('',#772,1.);
#772 = DIRECTION('',(0.,-1.,0.));
#773 = PLANE('',#774);
#774 = AXIS2_PLACEMENT_3D('',#775,#776,#777);
#775 = CARTESIAN_POINT('',(90.270397848713,74.267395681965,
    6.349999427795));
#776 = DIRECTION('',(0.,0.,1.));
#777 = DIRECTION('',(1.,0.,-0.));
#778 = ADVANCED_FACE('',(#779),#796,.T.);
#779 = FACE_BOUND('',#780,.T.);
#780 = EDGE_LOOP('',(#781,#789,#790));
#781 = ORIENTED_EDGE('',*,*,#782,.T.);
#782 = EDGE_CURVE('',#783,#231,#785,.T.);
#783 = VERTEX_POINT('',#784);
#784 = CARTESIAN_POINT('',(95.541999816895,85.002998352051,
    6.349999427795));
#785 = LINE('',#786,#787);
#786 = CARTESIAN_POINT('',(95.541999816895,85.002998352051,
    6.349999427795));
#787 = VECTOR('',#788,1.);
#788 = DIRECTION('',(-0.979550672849,0.201197612614,0.));
#789 = ORIENTED_EDGE('',*,*,#713,.F.);
#790 = ORIENTED_EDGE('',*,*,#791,.F.);
#791 = EDGE_CURVE('',#783,#714,#792,.T.);
#792 = LINE('',#793,#794);
#793 = CARTESIAN_POINT('',(95.541999816895,85.002998352051,
    6.349999427795));
#794 = VECTOR('',#795,1.);
#795 = DIRECTION('',(-1.,0.,0.));
#796 = PLANE('',#797);
#797 = AXIS2_PLACEMENT_3D('',#798,#799,#800);
#798 = CARTESIAN_POINT('',(68.760783981315,90.395410941787,
    6.349999427795));
#799 = DIRECTION('',(0.,0.,1.));
#800 = DIRECTION('',(1.,0.,-0.));
#801 = ADVANCED_FACE('',(#802),#826,.T.);
#802 = FACE_BOUND('',#803,.T.);
#803 = EDGE_LOOP('',(#804,#812,#820));
#804 = ORIENTED_EDGE('',*,*,#805,.T.);
#805 = EDGE_CURVE('',#806,#714,#808,.T.);
#806 = VERTEX_POINT('',#807);
#807 = CARTESIAN_POINT('',(95.541999816895,85.002998352051,
    -7.629394644937E-07));
#808 = LINE('',#809,#810);
#809 = CARTESIAN_POINT('',(95.541999816895,85.002998352051,
    -7.629394644937E-07));
#810 = VECTOR('',#811,1.);
#811 = DIRECTION('',(-0.315331022694,0.,0.948981741725));
#812 = ORIENTED_EDGE('',*,*,#813,.T.);
#813 = EDGE_CURVE('',#714,#814,#816,.T.);
#814 = VERTEX_POINT('',#815);
#815 = CARTESIAN_POINT('',(93.431999206543,85.002998352051,
    -7.629394644937E-07));
#816 = LINE('',#817,#818);
#817 = CARTESIAN_POINT('',(93.431999206543,85.002998352051,
    6.349999427795));
#818 = VECTOR('',#819,1.);
#819 = DIRECTION('',(0.,0.,-1.));
#820 = ORIENTED_EDGE('',*,*,#821,.T.);
#821 = EDGE_CURVE('',#814,#806,#822,.T.);
#822 = LINE('',#823,#824);
#823 = CARTESIAN_POINT('',(93.431999206543,85.002998352051,
    -7.629394644937E-07));
#824 = VECTOR('',#825,1.);
#825 = DIRECTION('',(1.,0.,0.));
#826 = PLANE('',#827);
#827 = AXIS2_PLACEMENT_3D('',#828,#829,#830);
#828 = CARTESIAN_POINT('',(94.044845034273,85.002998352051,
    2.732844854982));
#829 = DIRECTION('',(-0.,-1.,-0.));
#830 = DIRECTION('',(0.,0.,-1.));
#831 = ADVANCED_FACE('',(#832),#842,.T.);
#832 = FACE_BOUND('',#833,.T.);
#833 = EDGE_LOOP('',(#834,#835,#836));
#834 = ORIENTED_EDGE('',*,*,#791,.T.);
#835 = ORIENTED_EDGE('',*,*,#805,.F.);
#836 = ORIENTED_EDGE('',*,*,#837,.T.);
#837 = EDGE_CURVE('',#806,#783,#838,.T.);
#838 = LINE('',#839,#840);
#839 = CARTESIAN_POINT('',(95.541999816895,85.002998352051,
    -7.629394644937E-07));
#840 = VECTOR('',#841,1.);
#841 = DIRECTION('',(0.,0.,1.));
#842 = PLANE('',#843);
#843 = AXIS2_PLACEMENT_3D('',#844,#845,#846);
#844 = CARTESIAN_POINT('',(94.929153989165,85.002998352051,
    3.617153809874));
#845 = DIRECTION('',(-0.,-1.,-0.));
#846 = DIRECTION('',(0.,0.,-1.));
#847 = ADVANCED_FACE('',(#848),#865,.T.);
#848 = FACE_BOUND('',#849,.T.);
#849 = EDGE_LOOP('',(#850,#858,#859));
#850 = ORIENTED_EDGE('',*,*,#851,.T.);
#851 = EDGE_CURVE('',#852,#231,#854,.T.);
#852 = VERTEX_POINT('',#853);
#853 = CARTESIAN_POINT('',(99.918998718262,85.002998352051,
    6.349999427795));
#854 = LINE('',#855,#856);
#855 = CARTESIAN_POINT('',(99.918998718262,85.002998352051,
    6.349999427795));
#856 = VECTOR('',#857,1.);
#857 = DIRECTION('',(-0.982446929537,0.186542302559,0.));
#858 = ORIENTED_EDGE('',*,*,#782,.F.);
#859 = ORIENTED_EDGE('',*,*,#860,.F.);
#860 = EDGE_CURVE('',#852,#783,#861,.T.);
#861 = LINE('',#862,#863);
#862 = CARTESIAN_POINT('',(99.918998718262,85.002998352051,
    6.349999427795));
#863 = VECTOR('',#864,1.);
#864 = DIRECTION('',(-1.,0.,0.));
#865 = PLANE('',#866);
#866 = AXIS2_PLACEMENT_3D('',#867,#868,#869);
#867 = CARTESIAN_POINT('',(70.939766646505,90.297518784332,
    6.349999427795));
#868 = DIRECTION('',(0.,0.,1.));
#869 = DIRECTION('',(1.,0.,-0.));
#870 = ADVANCED_FACE('',(#871),#895,.T.);
#871 = FACE_BOUND('',#872,.T.);
#872 = EDGE_LOOP('',(#873,#881,#889));
#873 = ORIENTED_EDGE('',*,*,#874,.T.);
#874 = EDGE_CURVE('',#875,#208,#877,.T.);
#875 = VERTEX_POINT('',#876);
#876 = CARTESIAN_POINT('',(54.997001647949,46.501998901367,
    -7.629394644937E-07));
#877 = LINE('',#878,#879);
#878 = CARTESIAN_POINT('',(54.997001647949,46.501998901367,
    -7.629394644937E-07));
#879 = VECTOR('',#880,1.);
#880 = DIRECTION('',(0.301477659665,0.953473240696,0.));
#881 = ORIENTED_EDGE('',*,*,#882,.T.);
#882 = EDGE_CURVE('',#208,#883,#885,.T.);
#883 = VERTEX_POINT('',#884);
#884 = CARTESIAN_POINT('',(63.106998443604,65.477996826172,
    -7.629394644937E-07));
#885 = LINE('',#886,#887);
#886 = CARTESIAN_POINT('',(60.997001647949,65.477996826172,
    -7.629394644937E-07));
#887 = VECTOR('',#888,1.);
#888 = DIRECTION('',(1.,0.,0.));
#889 = ORIENTED_EDGE('',*,*,#890,.T.);
#890 = EDGE_CURVE('',#883,#875,#891,.T.);
#891 = LINE('',#892,#893);
#892 = CARTESIAN_POINT('',(63.106998443604,65.477996826172,
    -7.629394644937E-07));
#893 = VECTOR('',#894,1.);
#894 = DIRECTION('',(-0.392994959043,-0.919540625621,0.));
#895 = PLANE('',#896);
#896 = AXIS2_PLACEMENT_3D('',#897,#898,#899);
#897 = CARTESIAN_POINT('',(58.70810501369,56.459409780567,
    -7.629394644937E-07));
#898 = DIRECTION('',(-0.,-0.,-1.));
#899 = DIRECTION('',(-1.,0.,0.));
#900 = ADVANCED_FACE('',(#901),#918,.T.);
#901 = FACE_BOUND('',#902,.T.);
#902 = EDGE_LOOP('',(#903,#911,#912));
#903 = ORIENTED_EDGE('',*,*,#904,.T.);
#904 = EDGE_CURVE('',#905,#875,#907,.T.);
#905 = VERTEX_POINT('',#906);
#906 = CARTESIAN_POINT('',(67.484001159668,65.477996826172,
    -7.629394644937E-07));
#907 = LINE('',#908,#909);
#908 = CARTESIAN_POINT('',(67.484001159668,65.477996826172,
    -7.629394644937E-07));
#909 = VECTOR('',#910,1.);
#910 = DIRECTION('',(-0.54970222899,-0.835360676261,0.));
#911 = ORIENTED_EDGE('',*,*,#890,.F.);
#912 = ORIENTED_EDGE('',*,*,#913,.F.);
#913 = EDGE_CURVE('',#905,#883,#914,.T.);
#914 = LINE('',#915,#916);
#915 = CARTESIAN_POINT('',(67.484001159668,65.477996826172,
    -7.629394644937E-07));
#916 = VECTOR('',#917,1.);
#917 = DIRECTION('',(-1.,0.,0.));
#918 = PLANE('',#919);
#919 = AXIS2_PLACEMENT_3D('',#920,#921,#922);
#920 = CARTESIAN_POINT('',(60.666136990314,56.860091811073,
    -7.629394644937E-07));
#921 = DIRECTION('',(-0.,-0.,-1.));
#922 = DIRECTION('',(-1.,0.,0.));
#923 = ADVANCED_FACE('',(#924),#944,.T.);
#924 = FACE_BOUND('',#925,.T.);
#925 = EDGE_LOOP('',(#926,#932,#938));
#926 = ORIENTED_EDGE('',*,*,#927,.T.);
#927 = EDGE_CURVE('',#308,#883,#928,.T.);
#928 = LINE('',#929,#930);
#929 = CARTESIAN_POINT('',(67.484001159668,85.002998352051,
    -7.629394644937E-07));
#930 = VECTOR('',#931,1.);
#931 = DIRECTION('',(-0.21874520774,-0.975782011563,0.));
#932 = ORIENTED_EDGE('',*,*,#933,.T.);
#933 = EDGE_CURVE('',#883,#130,#934,.T.);
#934 = LINE('',#935,#936);
#935 = CARTESIAN_POINT('',(63.106998443604,65.477996826172,
    -7.629394644937E-07));
#936 = VECTOR('',#937,1.);
#937 = DIRECTION('',(0.,1.,0.));
#938 = ORIENTED_EDGE('',*,*,#939,.T.);
#939 = EDGE_CURVE('',#130,#308,#940,.T.);
#940 = LINE('',#941,#942);
#941 = CARTESIAN_POINT('',(63.106998443604,85.002998352051,
    -7.629394644937E-07));
#942 = VECTOR('',#943,1.);
#943 = DIRECTION('',(1.,0.,0.));
#944 = PLANE('',#945);
#945 = AXIS2_PLACEMENT_3D('',#946,#947,#948);
#946 = CARTESIAN_POINT('',(64.322397149426,76.213600241321,
    -7.629394644937E-07));
#947 = DIRECTION('',(-0.,-0.,-1.));
#948 = DIRECTION('',(-1.,0.,0.));
#949 = ADVANCED_FACE('',(#950),#960,.T.);
#950 = FACE_BOUND('',#951,.T.);
#951 = EDGE_LOOP('',(#952,#953,#954));
#952 = ORIENTED_EDGE('',*,*,#913,.T.);
#953 = ORIENTED_EDGE('',*,*,#927,.F.);
#954 = ORIENTED_EDGE('',*,*,#955,.T.);
#955 = EDGE_CURVE('',#308,#905,#956,.T.);
#956 = LINE('',#957,#958);
#957 = CARTESIAN_POINT('',(67.484001159668,85.002998352051,
    -7.629394644937E-07));
#958 = VECTOR('',#959,1.);
#959 = DIRECTION('',(0.,-1.,0.));
#960 = PLANE('',#961);
#961 = AXIS2_PLACEMENT_3D('',#962,#963,#964);
#962 = CARTESIAN_POINT('',(66.268602453845,74.267394936902,
    -7.629394644937E-07));
#963 = DIRECTION('',(-0.,-0.,-1.));
#964 = DIRECTION('',(-1.,0.,0.));
#965 = ADVANCED_FACE('',(#966),#983,.T.);
#966 = FACE_BOUND('',#967,.T.);
#967 = EDGE_LOOP('',(#968,#976,#977));
#968 = ORIENTED_EDGE('',*,*,#969,.T.);
#969 = EDGE_CURVE('',#970,#875,#972,.T.);
#970 = VERTEX_POINT('',#971);
#971 = CARTESIAN_POINT('',(69.59400177002,65.477996826172,
    -7.629394644937E-07));
#972 = LINE('',#973,#974);
#973 = CARTESIAN_POINT('',(69.59400177002,65.477996826172,
    -7.629394644937E-07));
#974 = VECTOR('',#975,1.);
#975 = DIRECTION('',(-0.609712824553,-0.792622401636,0.));
#976 = ORIENTED_EDGE('',*,*,#904,.F.);
#977 = ORIENTED_EDGE('',*,*,#978,.T.);
#978 = EDGE_CURVE('',#905,#970,#979,.T.);
#979 = LINE('',#980,#981);
#980 = CARTESIAN_POINT('',(67.484001159668,65.477996826172,
    -7.629394644937E-07));
#981 = VECTOR('',#982,1.);
#982 = DIRECTION('',(1.,0.,0.));
#983 = PLANE('',#984);
#984 = AXIS2_PLACEMENT_3D('',#985,#986,#987);
#985 = CARTESIAN_POINT('',(62.074212881108,56.400517295142,
    -7.629394644937E-07));
#986 = DIRECTION('',(-0.,-0.,-1.));
#987 = DIRECTION('',(-1.,0.,0.));
#988 = ADVANCED_FACE('',(#989),#1006,.T.);
#989 = FACE_BOUND('',#990,.T.);
#990 = EDGE_LOOP('',(#991,#999,#1000));
#991 = ORIENTED_EDGE('',*,*,#992,.T.);
#992 = EDGE_CURVE('',#993,#875,#995,.T.);
#993 = VERTEX_POINT('',#994);
#994 = CARTESIAN_POINT('',(73.971000671387,65.477996826172,
    -7.629394644937E-07));
#995 = LINE('',#996,#997);
#996 = CARTESIAN_POINT('',(73.971000671387,65.477996826172,
    -7.629394644937E-07));
#997 = VECTOR('',#998,1.);
#998 = DIRECTION('',(-0.707069535494,-0.707144024918,0.));
#999 = ORIENTED_EDGE('',*,*,#969,.F.);
#1000 = ORIENTED_EDGE('',*,*,#1001,.F.);
#1001 = EDGE_CURVE('',#993,#970,#1002,.T.);
#1002 = LINE('',#1003,#1004);
#1003 = CARTESIAN_POINT('',(73.971000671387,65.477996826172,
    -7.629394644937E-07));
#1004 = VECTOR('',#1005,1.);
#1005 = DIRECTION('',(-1.,0.,0.));
#1006 = PLANE('',#1007);
#1007 = AXIS2_PLACEMENT_3D('',#1008,#1009,#1010);
#1008 = CARTESIAN_POINT('',(64.113231684902,56.742982358342,
    -7.629394644937E-07));
#1009 = DIRECTION('',(-0.,-0.,-1.));
#1010 = DIRECTION('',(-1.,0.,0.));
#1011 = ADVANCED_FACE('',(#1012),#1032,.T.);
#1012 = FACE_BOUND('',#1013,.T.);
#1013 = EDGE_LOOP('',(#1014,#1020,#1026));
#1014 = ORIENTED_EDGE('',*,*,#1015,.T.);
#1015 = EDGE_CURVE('',#400,#970,#1016,.T.);
#1016 = LINE('',#1017,#1018);
#1017 = CARTESIAN_POINT('',(73.971000671387,85.002998352051,
    -7.629394644937E-07));
#1018 = VECTOR('',#1019,1.);
#1019 = DIRECTION('',(-0.218745026219,-0.975782052256,0.));
#1020 = ORIENTED_EDGE('',*,*,#1021,.T.);
#1021 = EDGE_CURVE('',#970,#300,#1022,.T.);
#1022 = LINE('',#1023,#1024);
#1023 = CARTESIAN_POINT('',(69.59400177002,65.477996826172,
    -7.629394644937E-07));
#1024 = VECTOR('',#1025,1.);
#1025 = DIRECTION('',(0.,1.,0.));
#1026 = ORIENTED_EDGE('',*,*,#1027,.T.);
#1027 = EDGE_CURVE('',#300,#400,#1028,.T.);
#1028 = LINE('',#1029,#1030);
#1029 = CARTESIAN_POINT('',(69.59400177002,85.002998352051,
    -7.629394644937E-07));
#1030 = VECTOR('',#1031,1.);
#1031 = DIRECTION('',(1.,0.,0.));
#1032 = PLANE('',#1033);
#1033 = AXIS2_PLACEMENT_3D('',#1034,#1035,#1036);
#1034 = CARTESIAN_POINT('',(70.809399313556,76.213599496258,
    -7.629394644937E-07));
#1035 = DIRECTION('',(-0.,-0.,-1.));
#1036 = DIRECTION('',(-1.,0.,0.));
#1037 = ADVANCED_FACE('',(#1038),#1048,.T.);
#1038 = FACE_BOUND('',#1039,.T.);
#1039 = EDGE_LOOP('',(#1040,#1041,#1042));
#1040 = ORIENTED_EDGE('',*,*,#1001,.T.);
#1041 = ORIENTED_EDGE('',*,*,#1015,.F.);
#1042 = ORIENTED_EDGE('',*,*,#1043,.T.);
#1043 = EDGE_CURVE('',#400,#993,#1044,.T.);
#1044 = LINE('',#1045,#1046);
#1045 = CARTESIAN_POINT('',(73.971000671387,85.002998352051,
    -7.629394644937E-07));
#1046 = VECTOR('',#1047,1.);
#1047 = DIRECTION('',(0.,-1.,0.));
#1048 = PLANE('',#1049);
#1049 = AXIS2_PLACEMENT_3D('',#1050,#1051,#1052);
#1050 = CARTESIAN_POINT('',(72.75560312785,74.267395681965,
    -7.629394644937E-07));
#1051 = DIRECTION('',(-0.,-0.,-1.));
#1052 = DIRECTION('',(-1.,0.,0.));
#1053 = ADVANCED_FACE('',(#1054),#1071,.T.);
#1054 = FACE_BOUND('',#1055,.T.);
#1055 = EDGE_LOOP('',(#1056,#1064,#1065));
#1056 = ORIENTED_EDGE('',*,*,#1057,.T.);
#1057 = EDGE_CURVE('',#1058,#875,#1060,.T.);
#1058 = VERTEX_POINT('',#1059);
#1059 = CARTESIAN_POINT('',(76.081001281738,65.477996826172,
    -7.629394644937E-07));
#1060 = LINE('',#1061,#1062);
#1061 = CARTESIAN_POINT('',(76.081001281738,65.477996826172,
    -7.629394644937E-07));
#1062 = VECTOR('',#1063,1.);
#1063 = DIRECTION('',(-0.743287165038,-0.66897248844,0.));
#1064 = ORIENTED_EDGE('',*,*,#992,.F.);
#1065 = ORIENTED_EDGE('',*,*,#1066,.T.);
#1066 = EDGE_CURVE('',#993,#1058,#1067,.T.);
#1067 = LINE('',#1068,#1069);
#1068 = CARTESIAN_POINT('',(73.971000671387,65.477996826172,
    -7.629394644937E-07));
#1069 = VECTOR('',#1070,1.);
#1070 = DIRECTION('',(1.,0.,0.));
#1071 = PLANE('',#1072);
#1072 = AXIS2_PLACEMENT_3D('',#1073,#1074,#1075);
#1073 = CARTESIAN_POINT('',(65.394297972885,56.339316975715,
    -7.629394644937E-07));
#1074 = DIRECTION('',(-0.,-0.,-1.));
#1075 = DIRECTION('',(-1.,0.,0.));
#1076 = ADVANCED_FACE('',(#1077),#1094,.T.);
#1077 = FACE_BOUND('',#1078,.T.);
#1078 = EDGE_LOOP('',(#1079,#1087,#1088));
#1079 = ORIENTED_EDGE('',*,*,#1080,.T.);
#1080 = EDGE_CURVE('',#1081,#875,#1083,.T.);
#1081 = VERTEX_POINT('',#1082);
#1082 = CARTESIAN_POINT('',(80.458000183105,65.477996826172,
    -7.629394644937E-07));
#1083 = LINE('',#1084,#1085);
#1084 = CARTESIAN_POINT('',(80.458000183105,65.477996826172,
    -7.629394644937E-07));
#1085 = VECTOR('',#1086,1.);
#1086 = DIRECTION('',(-0.801806508787,-0.597583736782,0.));
#1087 = ORIENTED_EDGE('',*,*,#1057,.F.);
#1088 = ORIENTED_EDGE('',*,*,#1089,.F.);
#1089 = EDGE_CURVE('',#1081,#1058,#1090,.T.);
#1090 = LINE('',#1091,#1092);
#1091 = CARTESIAN_POINT('',(80.458000183105,65.477996826172,
    -7.629394644937E-07));
#1092 = VECTOR('',#1093,1.);
#1093 = DIRECTION('',(-1.,0.,0.));
#1094 = PLANE('',#1095);
#1095 = AXIS2_PLACEMENT_3D('',#1096,#1097,#1098);
#1096 = CARTESIAN_POINT('',(67.480414996918,56.633883401689,
    -7.629394644937E-07));
#1097 = DIRECTION('',(-0.,-0.,-1.));
#1098 = DIRECTION('',(-1.,0.,0.));
#1099 = ADVANCED_FACE('',(#1100),#1120,.T.);
#1100 = FACE_BOUND('',#1101,.T.);
#1101 = EDGE_LOOP('',(#1102,#1108,#1114));
#1102 = ORIENTED_EDGE('',*,*,#1103,.T.);
#1103 = EDGE_CURVE('',#538,#1058,#1104,.T.);
#1104 = LINE('',#1105,#1106);
#1105 = CARTESIAN_POINT('',(80.458000183105,85.002998352051,
    -7.629394644937E-07));
#1106 = VECTOR('',#1107,1.);
#1107 = DIRECTION('',(-0.218745026219,-0.975782052256,0.));
#1108 = ORIENTED_EDGE('',*,*,#1109,.T.);
#1109 = EDGE_CURVE('',#1058,#392,#1110,.T.);
#1110 = LINE('',#1111,#1112);
#1111 = CARTESIAN_POINT('',(76.081001281738,65.477996826172,
    -7.629394644937E-07));
#1112 = VECTOR('',#1113,1.);
#1113 = DIRECTION('',(0.,1.,0.));
#1114 = ORIENTED_EDGE('',*,*,#1115,.T.);
#1115 = EDGE_CURVE('',#392,#538,#1116,.T.);
#1116 = LINE('',#1117,#1118);
#1117 = CARTESIAN_POINT('',(76.081001281738,85.002998352051,
    -7.629394644937E-07));
#1118 = VECTOR('',#1119,1.);
#1119 = DIRECTION('',(1.,0.,0.));
#1120 = PLANE('',#1121);
#1121 = AXIS2_PLACEMENT_3D('',#1122,#1123,#1124);
#1122 = CARTESIAN_POINT('',(77.296398825275,76.213599496258,
    -7.629394644937E-07));
#1123 = DIRECTION('',(-0.,-0.,-1.));
#1124 = DIRECTION('',(-1.,0.,0.));
#1125 = ADVANCED_FACE('',(#1126),#1136,.T.);
#1126 = FACE_BOUND('',#1127,.T.);
#1127 = EDGE_LOOP('',(#1128,#1129,#1130));
#1128 = ORIENTED_EDGE('',*,*,#1089,.T.);
#1129 = ORIENTED_EDGE('',*,*,#1103,.F.);
#1130 = ORIENTED_EDGE('',*,*,#1131,.T.);
#1131 = EDGE_CURVE('',#538,#1081,#1132,.T.);
#1132 = LINE('',#1133,#1134);
#1133 = CARTESIAN_POINT('',(80.458000183105,85.002998352051,
    -7.629394644937E-07));
#1134 = VECTOR('',#1135,1.);
#1135 = DIRECTION('',(0.,-1.,0.));
#1136 = PLANE('',#1137);
#1137 = AXIS2_PLACEMENT_3D('',#1138,#1139,#1140);
#1138 = CARTESIAN_POINT('',(79.242602639569,74.267395681965,
    -7.629394644937E-07));
#1139 = DIRECTION('',(-0.,-0.,-1.));
#1140 = DIRECTION('',(-1.,0.,0.));
#1141 = ADVANCED_FACE('',(#1142),#1159,.T.);
#1142 = FACE_BOUND('',#1143,.T.);
#1143 = EDGE_LOOP('',(#1144,#1152,#1153));
#1144 = ORIENTED_EDGE('',*,*,#1145,.T.);
#1145 = EDGE_CURVE('',#1146,#875,#1148,.T.);
#1146 = VERTEX_POINT('',#1147);
#1147 = CARTESIAN_POINT('',(82.568000793457,65.477996826172,
    -7.629394644937E-07));
#1148 = LINE('',#1149,#1150);
#1149 = CARTESIAN_POINT('',(82.568000793457,65.477996826172,
    -7.629394644937E-07));
#1150 = VECTOR('',#1151,1.);
#1151 = DIRECTION('',(-0.823749797755,-0.566953499591,0.));
#1152 = ORIENTED_EDGE('',*,*,#1080,.F.);
#1153 = ORIENTED_EDGE('',*,*,#1154,.T.);
#1154 = EDGE_CURVE('',#1081,#1146,#1155,.T.);
#1155 = LINE('',#1156,#1157);
#1156 = CARTESIAN_POINT('',(80.458000183105,65.477996826172,
    -7.629394644937E-07));
#1157 = VECTOR('',#1158,1.);
#1158 = DIRECTION('',(1.,0.,0.));
#1159 = PLANE('',#1160);
#1160 = AXIS2_PLACEMENT_3D('',#1161,#1162,#1163);
#1161 = CARTESIAN_POINT('',(68.683893894848,56.287314056636,
    -7.629394644937E-07));
#1162 = DIRECTION('',(-0.,-0.,-1.));
#1163 = DIRECTION('',(-1.,0.,0.));
#1164 = ADVANCED_FACE('',(#1165),#1182,.T.);
#1165 = FACE_BOUND('',#1166,.T.);
#1166 = EDGE_LOOP('',(#1167,#1175,#1176));
#1167 = ORIENTED_EDGE('',*,*,#1168,.T.);
#1168 = EDGE_CURVE('',#1169,#875,#1171,.T.);
#1169 = VERTEX_POINT('',#1170);
#1170 = CARTESIAN_POINT('',(86.944999694824,65.477996826172,
    -7.629394644937E-07));
#1171 = LINE('',#1172,#1173);
#1172 = CARTESIAN_POINT('',(86.944999694824,65.477996826172,
    -7.629394644937E-07));
#1173 = VECTOR('',#1174,1.);
#1174 = DIRECTION('',(-0.859773523042,-0.5106755223,0.));
#1175 = ORIENTED_EDGE('',*,*,#1145,.F.);
#1176 = ORIENTED_EDGE('',*,*,#1177,.F.);
#1177 = EDGE_CURVE('',#1169,#1146,#1178,.T.);
#1178 = LINE('',#1179,#1180);
#1179 = CARTESIAN_POINT('',(86.944999694824,65.477996826172,
    -7.629394644937E-07));
#1180 = VECTOR('',#1181,1.);
#1181 = DIRECTION('',(-1.,0.,0.));
#1182 = PLANE('',#1183);
#1183 = AXIS2_PLACEMENT_3D('',#1184,#1185,#1186);
#1184 = CARTESIAN_POINT('',(70.798877717192,56.543675022704,
    -7.629394644937E-07));
#1185 = DIRECTION('',(-0.,-0.,-1.));
#1186 = DIRECTION('',(-1.,0.,0.));
#1187 = ADVANCED_FACE('',(#1188),#1208,.T.);
#1188 = FACE_BOUND('',#1189,.T.);
#1189 = EDGE_LOOP('',(#1190,#1196,#1202));
#1190 = ORIENTED_EDGE('',*,*,#1191,.T.);
#1191 = EDGE_CURVE('',#676,#1146,#1192,.T.);
#1192 = LINE('',#1193,#1194);
#1193 = CARTESIAN_POINT('',(86.944999694824,85.002998352051,
    -7.629394644937E-07));
#1194 = VECTOR('',#1195,1.);
#1195 = DIRECTION('',(-0.218745026219,-0.975782052256,0.));
#1196 = ORIENTED_EDGE('',*,*,#1197,.T.);
#1197 = EDGE_CURVE('',#1146,#530,#1198,.T.);
#1198 = LINE('',#1199,#1200);
#1199 = CARTESIAN_POINT('',(82.568000793457,65.477996826172,
    -7.629394644937E-07));
#1200 = VECTOR('',#1201,1.);
#1201 = DIRECTION('',(0.,1.,0.));
#1202 = ORIENTED_EDGE('',*,*,#1203,.T.);
#1203 = EDGE_CURVE('',#530,#676,#1204,.T.);
#1204 = LINE('',#1205,#1206);
#1205 = CARTESIAN_POINT('',(82.568000793457,85.002998352051,
    -7.629394644937E-07));
#1206 = VECTOR('',#1207,1.);
#1207 = DIRECTION('',(1.,0.,0.));
#1208 = PLANE('',#1209);
#1209 = AXIS2_PLACEMENT_3D('',#1210,#1211,#1212);
#1210 = CARTESIAN_POINT('',(83.783398336994,76.213599496258,
    -7.629394644937E-07));
#1211 = DIRECTION('',(-0.,-0.,-1.));
#1212 = DIRECTION('',(-1.,0.,0.));
#1213 = ADVANCED_FACE('',(#1214),#1224,.T.);
#1214 = FACE_BOUND('',#1215,.T.);
#1215 = EDGE_LOOP('',(#1216,#1217,#1218));
#1216 = ORIENTED_EDGE('',*,*,#1177,.T.);
#1217 = ORIENTED_EDGE('',*,*,#1191,.F.);
#1218 = ORIENTED_EDGE('',*,*,#1219,.T.);
#1219 = EDGE_CURVE('',#676,#1169,#1220,.T.);
#1220 = LINE('',#1221,#1222);
#1221 = CARTESIAN_POINT('',(86.944999694824,85.002998352051,
    -7.629394644937E-07));
#1222 = VECTOR('',#1223,1.);
#1223 = DIRECTION('',(0.,-1.,0.));
#1224 = PLANE('',#1225);
#1225 = AXIS2_PLACEMENT_3D('',#1226,#1227,#1228);
#1226 = CARTESIAN_POINT('',(85.729602151287,74.267395681965,
    -7.629394644937E-07));
#1227 = DIRECTION('',(-0.,-0.,-1.));
#1228 = DIRECTION('',(-1.,0.,0.));
#1229 = ADVANCED_FACE('',(#1230),#1247,.T.);
#1230 = FACE_BOUND('',#1231,.T.);
#1231 = EDGE_LOOP('',(#1232,#1240,#1241));
#1232 = ORIENTED_EDGE('',*,*,#1233,.T.);
#1233 = EDGE_CURVE('',#1234,#875,#1236,.T.);
#1234 = VERTEX_POINT('',#1235);
#1235 = CARTESIAN_POINT('',(89.055000305176,65.477996826172,
    -7.629394644937E-07));
#1236 = LINE('',#1237,#1238);
#1237 = CARTESIAN_POINT('',(89.055000305176,65.477996826172,
    -7.629394644937E-07));
#1238 = VECTOR('',#1239,1.);
#1239 = DIRECTION('',(-0.87355895488,-0.486718350125,0.));
#1240 = ORIENTED_EDGE('',*,*,#1168,.F.);
#1241 = ORIENTED_EDGE('',*,*,#1242,.F.);
#1242 = EDGE_CURVE('',#1234,#1169,#1243,.T.);
#1243 = LINE('',#1244,#1245);
#1244 = CARTESIAN_POINT('',(89.055000305176,65.477996826172,
    -7.629394644937E-07));
#1245 = VECTOR('',#1246,1.);
#1246 = DIRECTION('',(-1.,0.,0.));
#1247 = PLANE('',#1248);
#1248 = AXIS2_PLACEMENT_3D('',#1249,#1250,#1251);
#1249 = CARTESIAN_POINT('',(71.955754730963,56.245820009055,
    -7.629394644937E-07));
#1250 = DIRECTION('',(-0.,-0.,-1.));
#1251 = DIRECTION('',(-1.,0.,0.));
#1252 = ADVANCED_FACE('',(#1253),#1273,.T.);
#1253 = FACE_BOUND('',#1254,.T.);
#1254 = EDGE_LOOP('',(#1255,#1261,#1267));
#1255 = ORIENTED_EDGE('',*,*,#1256,.T.);
#1256 = EDGE_CURVE('',#760,#1169,#1257,.T.);
#1257 = LINE('',#1258,#1259);
#1258 = CARTESIAN_POINT('',(89.055000305176,65.477996826172,
    6.349999427795));
#1259 = VECTOR('',#1260,1.);
#1260 = DIRECTION('',(-0.315331022694,0.,-0.948981741725));
#1261 = ORIENTED_EDGE('',*,*,#1262,.T.);
#1262 = EDGE_CURVE('',#1169,#599,#1263,.T.);
#1263 = LINE('',#1264,#1265);
#1264 = CARTESIAN_POINT('',(86.944999694824,65.477996826172,
    -7.629394644937E-07));
#1265 = VECTOR('',#1266,1.);
#1266 = DIRECTION('',(0.,0.,1.));
#1267 = ORIENTED_EDGE('',*,*,#1268,.T.);
#1268 = EDGE_CURVE('',#599,#760,#1269,.T.);
#1269 = LINE('',#1270,#1271);
#1270 = CARTESIAN_POINT('',(86.944999694824,65.477996826172,
    6.349999427795));
#1271 = VECTOR('',#1272,1.);
#1272 = DIRECTION('',(1.,0.,0.));
#1273 = PLANE('',#1274);
#1274 = AXIS2_PLACEMENT_3D('',#1275,#1276,#1277);
#1275 = CARTESIAN_POINT('',(87.557845522554,65.477996826172,
    3.617153809874));
#1276 = DIRECTION('',(0.,1.,0.));
#1277 = DIRECTION('',(0.,-0.,1.));
#1278 = ADVANCED_FACE('',(#1279),#1289,.T.);
#1279 = FACE_BOUND('',#1280,.T.);
#1280 = EDGE_LOOP('',(#1281,#1282,#1283));
#1281 = ORIENTED_EDGE('',*,*,#1242,.T.);
#1282 = ORIENTED_EDGE('',*,*,#1256,.F.);
#1283 = ORIENTED_EDGE('',*,*,#1284,.T.);
#1284 = EDGE_CURVE('',#760,#1234,#1285,.T.);
#1285 = LINE('',#1286,#1287);
#1286 = CARTESIAN_POINT('',(89.055000305176,65.477996826172,
    6.349999427795));
#1287 = VECTOR('',#1288,1.);
#1288 = DIRECTION('',(0.,0.,-1.));
#1289 = PLANE('',#1290);
#1290 = AXIS2_PLACEMENT_3D('',#1291,#1292,#1293);
#1291 = CARTESIAN_POINT('',(88.442154477446,65.477996826172,
    2.732844854982));
#1292 = DIRECTION('',(0.,1.,0.));
#1293 = DIRECTION('',(0.,-0.,1.));
#1294 = ADVANCED_FACE('',(#1295),#1312,.T.);
#1295 = FACE_BOUND('',#1296,.T.);
#1296 = EDGE_LOOP('',(#1297,#1305,#1306));
#1297 = ORIENTED_EDGE('',*,*,#1298,.T.);
#1298 = EDGE_CURVE('',#1299,#875,#1301,.T.);
#1299 = VERTEX_POINT('',#1300);
#1300 = CARTESIAN_POINT('',(93.431999206543,65.477996826172,
    -7.629394644937E-07));
#1301 = LINE('',#1302,#1303);
#1302 = CARTESIAN_POINT('',(93.431999206543,65.477996826172,
    -7.629394644937E-07));
#1303 = VECTOR('',#1304,1.);
#1304 = DIRECTION('',(-0.896669472364,-0.442700640761,0.));
#1305 = ORIENTED_EDGE('',*,*,#1233,.F.);
#1306 = ORIENTED_EDGE('',*,*,#1307,.F.);
#1307 = EDGE_CURVE('',#1299,#1234,#1308,.T.);
#1308 = LINE('',#1309,#1310);
#1309 = CARTESIAN_POINT('',(93.431999206543,65.477996826172,
    -7.629394644937E-07));
#1310 = VECTOR('',#1311,1.);
#1311 = DIRECTION('',(-1.,0.,0.));
#1312 = PLANE('',#1313);
#1313 = AXIS2_PLACEMENT_3D('',#1314,#1315,#1316);
#1314 = CARTESIAN_POINT('',(74.089385528733,56.471611385098,
    -7.629394644937E-07));
#1315 = DIRECTION('',(-0.,-0.,-1.));
#1316 = DIRECTION('',(-1.,0.,0.));
#1317 = ADVANCED_FACE('',(#1318),#1338,.T.);
#1318 = FACE_BOUND('',#1319,.T.);
#1319 = EDGE_LOOP('',(#1320,#1326,#1332));
#1320 = ORIENTED_EDGE('',*,*,#1321,.T.);
#1321 = EDGE_CURVE('',#814,#1234,#1322,.T.);
#1322 = LINE('',#1323,#1324);
#1323 = CARTESIAN_POINT('',(93.431999206543,85.002998352051,
    -7.629394644937E-07));
#1324 = VECTOR('',#1325,1.);
#1325 = DIRECTION('',(-0.218745026219,-0.975782052256,0.));
#1326 = ORIENTED_EDGE('',*,*,#1327,.T.);
#1327 = EDGE_CURVE('',#1234,#668,#1328,.T.);
#1328 = LINE('',#1329,#1330);
#1329 = CARTESIAN_POINT('',(89.055000305176,65.477996826172,
    -7.629394644937E-07));
#1330 = VECTOR('',#1331,1.);
#1331 = DIRECTION('',(0.,1.,0.));
#1332 = ORIENTED_EDGE('',*,*,#1333,.T.);
#1333 = EDGE_CURVE('',#668,#814,#1334,.T.);
#1334 = LINE('',#1335,#1336);
#1335 = CARTESIAN_POINT('',(89.055000305176,85.002998352051,
    -7.629394644937E-07));
#1336 = VECTOR('',#1337,1.);
#1337 = DIRECTION('',(1.,0.,0.));
#1338 = PLANE('',#1339);
#1339 = AXIS2_PLACEMENT_3D('',#1340,#1341,#1342);
#1340 = CARTESIAN_POINT('',(90.270397848713,76.213599496258,
    -7.629394644937E-07));
#1341 = DIRECTION('',(-0.,-0.,-1.));
#1342 = DIRECTION('',(-1.,0.,0.));
#1343 = ADVANCED_FACE('',(#1344),#1354,.T.);
#1344 = FACE_BOUND('',#1345,.T.);
#1345 = EDGE_LOOP('',(#1346,#1347,#1348));
#1346 = ORIENTED_EDGE('',*,*,#1307,.T.);
#1347 = ORIENTED_EDGE('',*,*,#1321,.F.);
#1348 = ORIENTED_EDGE('',*,*,#1349,.T.);
#1349 = EDGE_CURVE('',#814,#1299,#1350,.T.);
#1350 = LINE('',#1351,#1352);
#1351 = CARTESIAN_POINT('',(93.431999206543,85.002998352051,
    -7.629394644937E-07));
#1352 = VECTOR('',#1353,1.);
#1353 = DIRECTION('',(0.,-1.,0.));
#1354 = PLANE('',#1355);
#1355 = AXIS2_PLACEMENT_3D('',#1356,#1357,#1358);
#1356 = CARTESIAN_POINT('',(92.216601663006,74.267395681965,
    -7.629394644937E-07));
#1357 = DIRECTION('',(-0.,-0.,-1.));
#1358 = DIRECTION('',(-1.,0.,0.));
#1359 = ADVANCED_FACE('',(#1360),#1377,.T.);
#1360 = FACE_BOUND('',#1361,.T.);
#1361 = EDGE_LOOP('',(#1362,#1370,#1371));
#1362 = ORIENTED_EDGE('',*,*,#1363,.T.);
#1363 = EDGE_CURVE('',#1364,#875,#1366,.T.);
#1364 = VERTEX_POINT('',#1365);
#1365 = CARTESIAN_POINT('',(95.541999816895,65.477996826172,
    -7.629394644937E-07));
#1366 = LINE('',#1367,#1368);
#1367 = CARTESIAN_POINT('',(95.541999816895,65.477996826172,
    -7.629394644937E-07));
#1368 = VECTOR('',#1369,1.);
#1369 = DIRECTION('',(-0.905711769656,-0.423894079113,0.));
#1370 = ORIENTED_EDGE('',*,*,#1298,.F.);
#1371 = ORIENTED_EDGE('',*,*,#1372,.F.);
#1372 = EDGE_CURVE('',#1364,#1299,#1373,.T.);
#1373 = LINE('',#1374,#1375);
#1374 = CARTESIAN_POINT('',(95.541999816895,65.477996826172,
    -7.629394644937E-07));
#1375 = VECTOR('',#1376,1.);
#1376 = DIRECTION('',(-1.,0.,0.));
#1377 = PLANE('',#1378);
#1378 = AXIS2_PLACEMENT_3D('',#1379,#1380,#1381);
#1379 = CARTESIAN_POINT('',(75.217430526408,56.213083084509,
    -7.629394644937E-07));
#1380 = DIRECTION('',(-0.,-0.,-1.));
#1381 = DIRECTION('',(-1.,0.,0.));
#1382 = ADVANCED_FACE('',(#1383),#1405,.T.);
#1383 = FACE_BOUND('',#1384,.T.);
#1384 = EDGE_LOOP('',(#1385,#1393,#1399));
#1385 = ORIENTED_EDGE('',*,*,#1386,.T.);
#1386 = EDGE_CURVE('',#1387,#1299,#1389,.T.);
#1387 = VERTEX_POINT('',#1388);
#1388 = CARTESIAN_POINT('',(95.541999816895,65.477996826172,
    6.349999427795));
#1389 = LINE('',#1390,#1391);
#1390 = CARTESIAN_POINT('',(95.541999816895,65.477996826172,
    6.349999427795));
#1391 = VECTOR('',#1392,1.);
#1392 = DIRECTION('',(-0.315331022694,0.,-0.948981741725));
#1393 = ORIENTED_EDGE('',*,*,#1394,.T.);
#1394 = EDGE_CURVE('',#1299,#737,#1395,.T.);
#1395 = LINE('',#1396,#1397);
#1396 = CARTESIAN_POINT('',(93.431999206543,65.477996826172,
    -7.629394644937E-07));
#1397 = VECTOR('',#1398,1.);
#1398 = DIRECTION('',(0.,0.,1.));
#1399 = ORIENTED_EDGE('',*,*,#1400,.T.);
#1400 = EDGE_CURVE('',#737,#1387,#1401,.T.);
#1401 = LINE('',#1402,#1403);
#1402 = CARTESIAN_POINT('',(93.431999206543,65.477996826172,
    6.349999427795));
#1403 = VECTOR('',#1404,1.);
#1404 = DIRECTION('',(1.,0.,0.));
#1405 = PLANE('',#1406);
#1406 = AXIS2_PLACEMENT_3D('',#1407,#1408,#1409);
#1407 = CARTESIAN_POINT('',(94.044845034273,65.477996826172,
    3.617153809874));
#1408 = DIRECTION('',(0.,1.,0.));
#1409 = DIRECTION('',(0.,-0.,1.));
#1410 = ADVANCED_FACE('',(#1411),#1421,.T.);
#1411 = FACE_BOUND('',#1412,.T.);
#1412 = EDGE_LOOP('',(#1413,#1414,#1415));
#1413 = ORIENTED_EDGE('',*,*,#1372,.T.);
#1414 = ORIENTED_EDGE('',*,*,#1386,.F.);
#1415 = ORIENTED_EDGE('',*,*,#1416,.T.);
#1416 = EDGE_CURVE('',#1387,#1364,#1417,.T.);
#1417 = LINE('',#1418,#1419);
#1418 = CARTESIAN_POINT('',(95.541999816895,65.477996826172,
    6.349999427795));
#1419 = VECTOR('',#1420,1.);
#1420 = DIRECTION('',(0.,0.,-1.));
#1421 = PLANE('',#1422);
#1422 = AXIS2_PLACEMENT_3D('',#1423,#1424,#1425);
#1423 = CARTESIAN_POINT('',(94.929153989165,65.477996826172,
    2.732844854982));
#1424 = DIRECTION('',(0.,1.,0.));
#1425 = DIRECTION('',(0.,-0.,1.));
#1426 = ADVANCED_FACE('',(#1427),#1444,.T.);
#1427 = FACE_BOUND('',#1428,.T.);
#1428 = EDGE_LOOP('',(#1429,#1437,#1438));
#1429 = ORIENTED_EDGE('',*,*,#1430,.T.);
#1430 = EDGE_CURVE('',#1431,#875,#1433,.T.);
#1431 = VERTEX_POINT('',#1432);
#1432 = CARTESIAN_POINT('',(99.918998718262,65.477996826172,
    -7.629394644937E-07));
#1433 = LINE('',#1434,#1435);
#1434 = CARTESIAN_POINT('',(99.918998718262,65.477996826172,
    -7.629394644937E-07));
#1435 = VECTOR('',#1436,1.);
#1436 = DIRECTION('',(-0.921183910233,-0.389127490071,0.));
#1437 = ORIENTED_EDGE('',*,*,#1363,.F.);
#1438 = ORIENTED_EDGE('',*,*,#1439,.T.);
#1439 = EDGE_CURVE('',#1364,#1431,#1440,.T.);
#1440 = LINE('',#1441,#1442);
#1441 = CARTESIAN_POINT('',(95.541999816895,65.477996826172,
    -7.629394644937E-07));
#1442 = VECTOR('',#1443,1.);
#1443 = DIRECTION('',(1.,0.,0.));
#1444 = PLANE('',#1445);
#1445 = AXIS2_PLACEMENT_3D('',#1446,#1447,#1448);
#1446 = CARTESIAN_POINT('',(77.363652495984,56.414159244282,
    -7.629394644937E-07));
#1447 = DIRECTION('',(-0.,-0.,-1.));
#1448 = DIRECTION('',(-1.,0.,0.));
#1449 = ADVANCED_FACE('',(#1450),#1467,.T.);
#1450 = FACE_BOUND('',#1451,.T.);
#1451 = EDGE_LOOP('',(#1452,#1460,#1461));
#1452 = ORIENTED_EDGE('',*,*,#1453,.T.);
#1453 = EDGE_CURVE('',#1454,#875,#1456,.T.);
#1454 = VERTEX_POINT('',#1455);
#1455 = CARTESIAN_POINT('',(102.02899932861,65.477996826172,
    -7.629394644937E-07));
#1456 = LINE('',#1457,#1458);
#1457 = CARTESIAN_POINT('',(102.02899932861,65.477996826172,
    -7.629394644937E-07));
#1458 = VECTOR('',#1459,1.);
#1459 = DIRECTION('',(-0.927362923893,-0.37416307593,0.));
#1460 = ORIENTED_EDGE('',*,*,#1430,.F.);
#1461 = ORIENTED_EDGE('',*,*,#1462,.T.);
#1462 = EDGE_CURVE('',#1431,#1454,#1463,.T.);
#1463 = LINE('',#1464,#1465);
#1464 = CARTESIAN_POINT('',(99.918998718262,65.477996826172,
    -7.629394644937E-07));
#1465 = VECTOR('',#1466,1.);
#1466 = DIRECTION('',(1.,0.,0.));
#1467 = PLANE('',#1468);
#1468 = AXIS2_PLACEMENT_3D('',#1469,#1470,#1471);
#1469 = CARTESIAN_POINT('',(78.473086655015,56.187058765977,
    -7.629394644937E-07));
#1470 = DIRECTION('',(-0.,-0.,-1.));
#1471 = DIRECTION('',(-1.,0.,0.));
#1472 = ADVANCED_FACE('',(#1473),#1490,.T.);
#1473 = FACE_BOUND('',#1474,.T.);
#1474 = EDGE_LOOP('',(#1475,#1476,#1484));
#1475 = ORIENTED_EDGE('',*,*,#1439,.F.);
#1476 = ORIENTED_EDGE('',*,*,#1477,.F.);
#1477 = EDGE_CURVE('',#1478,#1364,#1480,.T.);
#1478 = VERTEX_POINT('',#1479);
#1479 = CARTESIAN_POINT('',(99.918998718262,85.002998352051,
    -7.629394644937E-07));
#1480 = LINE('',#1481,#1482);
#1481 = CARTESIAN_POINT('',(99.918998718262,85.002998352051,
    -7.629394644937E-07));
#1482 = VECTOR('',#1483,1.);
#1483 = DIRECTION('',(-0.218745026219,-0.975782052256,0.));
#1484 = ORIENTED_EDGE('',*,*,#1485,.F.);
#1485 = EDGE_CURVE('',#1431,#1478,#1486,.T.);
#1486 = LINE('',#1487,#1488);
#1487 = CARTESIAN_POINT('',(99.918998718262,65.477996826172,
    -7.629394644937E-07));
#1488 = VECTOR('',#1489,1.);
#1489 = DIRECTION('',(0.,1.,0.));
#1490 = PLANE('',#1491);
#1491 = AXIS2_PLACEMENT_3D('',#1492,#1493,#1494);
#1492 = CARTESIAN_POINT('',(98.703601174725,74.267395681965,
    -7.629394644937E-07));
#1493 = DIRECTION('',(-0.,-0.,-1.));
#1494 = DIRECTION('',(-1.,0.,0.));
#1495 = ADVANCED_FACE('',(#1496),#1511,.T.);
#1496 = FACE_BOUND('',#1497,.T.);
#1497 = EDGE_LOOP('',(#1498,#1499,#1505));
#1498 = ORIENTED_EDGE('',*,*,#1477,.T.);
#1499 = ORIENTED_EDGE('',*,*,#1500,.T.);
#1500 = EDGE_CURVE('',#1364,#806,#1501,.T.);
#1501 = LINE('',#1502,#1503);
#1502 = CARTESIAN_POINT('',(95.541999816895,65.477996826172,
    -7.629394644937E-07));
#1503 = VECTOR('',#1504,1.);
#1504 = DIRECTION('',(0.,1.,0.));
#1505 = ORIENTED_EDGE('',*,*,#1506,.T.);
#1506 = EDGE_CURVE('',#806,#1478,#1507,.T.);
#1507 = LINE('',#1508,#1509);
#1508 = CARTESIAN_POINT('',(95.541999816895,85.002998352051,
    -7.629394644937E-07));
#1509 = VECTOR('',#1510,1.);
#1510 = DIRECTION('',(1.,0.,0.));
#1511 = PLANE('',#1512);
#1512 = AXIS2_PLACEMENT_3D('',#1513,#1514,#1515);
#1513 = CARTESIAN_POINT('',(96.757397360431,76.213599496258,
    -7.629394644937E-07));
#1514 = DIRECTION('',(-0.,-0.,-1.));
#1515 = DIRECTION('',(-1.,0.,0.));
#1516 = ADVANCED_FACE('',(#1517),#1539,.T.);
#1517 = FACE_BOUND('',#1518,.T.);
#1518 = EDGE_LOOP('',(#1519,#1527,#1533));
#1519 = ORIENTED_EDGE('',*,*,#1520,.T.);
#1520 = EDGE_CURVE('',#1521,#1478,#1523,.T.);
#1521 = VERTEX_POINT('',#1522);
#1522 = CARTESIAN_POINT('',(99.918998718262,65.477996826172,
    6.349999427795));
#1523 = LINE('',#1524,#1525);
#1524 = CARTESIAN_POINT('',(99.918998718262,65.477996826172,
    6.349999427795));
#1525 = VECTOR('',#1526,1.);
#1526 = DIRECTION('',(0.,0.950971416718,-0.309278781338));
#1527 = ORIENTED_EDGE('',*,*,#1528,.T.);
#1528 = EDGE_CURVE('',#1478,#852,#1529,.T.);
#1529 = LINE('',#1530,#1531);
#1530 = CARTESIAN_POINT('',(99.918998718262,85.002998352051,
    -7.629394644937E-07));
#1531 = VECTOR('',#1532,1.);
#1532 = DIRECTION('',(0.,0.,1.));
#1533 = ORIENTED_EDGE('',*,*,#1534,.T.);
#1534 = EDGE_CURVE('',#852,#1521,#1535,.T.);
#1535 = LINE('',#1536,#1537);
#1536 = CARTESIAN_POINT('',(99.918998718262,85.002998352051,
    6.349999427795));
#1537 = VECTOR('',#1538,1.);
#1538 = DIRECTION('',(0.,-1.,0.));
#1539 = PLANE('',#1540);
#1540 = AXIS2_PLACEMENT_3D('',#1541,#1542,#1543);
#1541 = CARTESIAN_POINT('',(99.918998718262,76.576338347523,
    4.51084009084));
#1542 = DIRECTION('',(1.,0.,0.));
#1543 = DIRECTION('',(-0.,0.,1.));
#1544 = ADVANCED_FACE('',(#1545),#1555,.T.);
#1545 = FACE_BOUND('',#1546,.T.);
#1546 = EDGE_LOOP('',(#1547,#1548,#1549));
#1547 = ORIENTED_EDGE('',*,*,#1485,.T.);
#1548 = ORIENTED_EDGE('',*,*,#1520,.F.);
#1549 = ORIENTED_EDGE('',*,*,#1550,.T.);
#1550 = EDGE_CURVE('',#1521,#1431,#1551,.T.);
#1551 = LINE('',#1552,#1553);
#1552 = CARTESIAN_POINT('',(99.918998718262,65.477996826172,
    6.349999427795));
#1553 = VECTOR('',#1554,1.);
#1554 = DIRECTION('',(0.,0.,-1.));
#1555 = PLANE('',#1556);
#1556 = AXIS2_PLACEMENT_3D('',#1557,#1558,#1559);
#1557 = CARTESIAN_POINT('',(99.918998718262,73.9046568307,1.839158574016
    ));
#1558 = DIRECTION('',(1.,0.,0.));
#1559 = DIRECTION('',(-0.,0.,1.));
#1560 = ADVANCED_FACE('',(#1561),#1578,.T.);
#1561 = FACE_BOUND('',#1562,.T.);
#1562 = EDGE_LOOP('',(#1563,#1571,#1572));
#1563 = ORIENTED_EDGE('',*,*,#1564,.T.);
#1564 = EDGE_CURVE('',#1565,#852,#1567,.T.);
#1565 = VERTEX_POINT('',#1566);
#1566 = CARTESIAN_POINT('',(102.02899932861,85.002998352051,
    -7.629394644937E-07));
#1567 = LINE('',#1568,#1569);
#1568 = CARTESIAN_POINT('',(102.02899932861,85.002998352051,
    -7.629394644937E-07));
#1569 = VECTOR('',#1570,1.);
#1570 = DIRECTION('',(-0.315331022694,0.,0.948981741725));
#1571 = ORIENTED_EDGE('',*,*,#1528,.F.);
#1572 = ORIENTED_EDGE('',*,*,#1573,.T.);
#1573 = EDGE_CURVE('',#1478,#1565,#1574,.T.);
#1574 = LINE('',#1575,#1576);
#1575 = CARTESIAN_POINT('',(99.918998718262,85.002998352051,
    -7.629394644937E-07));
#1576 = VECTOR('',#1577,1.);
#1577 = DIRECTION('',(1.,0.,0.));
#1578 = PLANE('',#1579);
#1579 = AXIS2_PLACEMENT_3D('',#1580,#1581,#1582);
#1580 = CARTESIAN_POINT('',(100.53184454599,85.002998352051,
    2.732844854982));
#1581 = DIRECTION('',(-0.,-1.,-0.));
#1582 = DIRECTION('',(0.,0.,-1.));
#1583 = ADVANCED_FACE('',(#1584),#1601,.T.);
#1584 = FACE_BOUND('',#1585,.T.);
#1585 = EDGE_LOOP('',(#1586,#1594,#1595));
#1586 = ORIENTED_EDGE('',*,*,#1587,.T.);
#1587 = EDGE_CURVE('',#1588,#852,#1590,.T.);
#1588 = VERTEX_POINT('',#1589);
#1589 = CARTESIAN_POINT('',(102.02899932861,85.002998352051,
    6.349999427795));
#1590 = LINE('',#1591,#1592);
#1591 = CARTESIAN_POINT('',(102.02899932861,85.002998352051,
    6.349999427795));
#1592 = VECTOR('',#1593,1.);
#1593 = DIRECTION('',(-1.,0.,0.));
#1594 = ORIENTED_EDGE('',*,*,#1564,.F.);
#1595 = ORIENTED_EDGE('',*,*,#1596,.T.);
#1596 = EDGE_CURVE('',#1565,#1588,#1597,.T.);
#1597 = LINE('',#1598,#1599);
#1598 = CARTESIAN_POINT('',(102.02899932861,85.002998352051,
    -7.629394644937E-07));
#1599 = VECTOR('',#1600,1.);
#1600 = DIRECTION('',(0.,0.,1.));
#1601 = PLANE('',#1602);
#1602 = AXIS2_PLACEMENT_3D('',#1603,#1604,#1605);
#1603 = CARTESIAN_POINT('',(101.41615350088,85.002998352051,
    3.617153809874));
#1604 = DIRECTION('',(-0.,-1.,-0.));
#1605 = DIRECTION('',(0.,0.,-1.));
#1606 = ADVANCED_FACE('',(#1607),#1617,.T.);
#1607 = FACE_BOUND('',#1608,.T.);
#1608 = EDGE_LOOP('',(#1609,#1615,#1616));
#1609 = ORIENTED_EDGE('',*,*,#1610,.T.);
#1610 = EDGE_CURVE('',#783,#1521,#1611,.T.);
#1611 = LINE('',#1612,#1613);
#1612 = CARTESIAN_POINT('',(95.541999816895,85.002998352051,
    6.349999427795));
#1613 = VECTOR('',#1614,1.);
#1614 = DIRECTION('',(0.218745026219,-0.975782052256,0.));
#1615 = ORIENTED_EDGE('',*,*,#1534,.F.);
#1616 = ORIENTED_EDGE('',*,*,#860,.T.);
#1617 = PLANE('',#1618);
#1618 = AXIS2_PLACEMENT_3D('',#1619,#1620,#1621);
#1619 = CARTESIAN_POINT('',(98.703601174725,76.213599496258,
    6.349999427795));
#1620 = DIRECTION('',(0.,0.,1.));
#1621 = DIRECTION('',(1.,0.,-0.));
#1622 = ADVANCED_FACE('',(#1623),#1638,.T.);
#1623 = FACE_BOUND('',#1624,.T.);
#1624 = EDGE_LOOP('',(#1625,#1631,#1632));
#1625 = ORIENTED_EDGE('',*,*,#1626,.T.);
#1626 = EDGE_CURVE('',#1387,#1521,#1627,.T.);
#1627 = LINE('',#1628,#1629);
#1628 = CARTESIAN_POINT('',(95.541999816895,65.477996826172,
    6.349999427795));
#1629 = VECTOR('',#1630,1.);
#1630 = DIRECTION('',(1.,0.,0.));
#1631 = ORIENTED_EDGE('',*,*,#1610,.F.);
#1632 = ORIENTED_EDGE('',*,*,#1633,.T.);
#1633 = EDGE_CURVE('',#783,#1387,#1634,.T.);
#1634 = LINE('',#1635,#1636);
#1635 = CARTESIAN_POINT('',(95.541999816895,85.002998352051,
    6.349999427795));
#1636 = VECTOR('',#1637,1.);
#1637 = DIRECTION('',(0.,-1.,0.));
#1638 = PLANE('',#1639);
#1639 = AXIS2_PLACEMENT_3D('',#1640,#1641,#1642);
#1640 = CARTESIAN_POINT('',(96.757397360431,74.267395681965,
    6.349999427795));
#1641 = DIRECTION('',(0.,0.,1.));
#1642 = DIRECTION('',(1.,0.,-0.));
#1643 = ADVANCED_FACE('',(#1644),#1659,.T.);
#1644 = FACE_BOUND('',#1645,.T.);
#1645 = EDGE_LOOP('',(#1646,#1647,#1653));
#1646 = ORIENTED_EDGE('',*,*,#1154,.F.);
#1647 = ORIENTED_EDGE('',*,*,#1648,.F.);
#1648 = EDGE_CURVE('',#622,#1081,#1649,.T.);
#1649 = LINE('',#1650,#1651);
#1650 = CARTESIAN_POINT('',(82.568000793457,65.477996826172,
    6.349999427795));
#1651 = VECTOR('',#1652,1.);
#1652 = DIRECTION('',(-0.315331022694,0.,-0.948981741725));
#1653 = ORIENTED_EDGE('',*,*,#1654,.T.);
#1654 = EDGE_CURVE('',#622,#1146,#1655,.T.);
#1655 = LINE('',#1656,#1657);
#1656 = CARTESIAN_POINT('',(82.568000793457,65.477996826172,
    6.349999427795));
#1657 = VECTOR('',#1658,1.);
#1658 = DIRECTION('',(0.,0.,-1.));
#1659 = PLANE('',#1660);
#1660 = AXIS2_PLACEMENT_3D('',#1661,#1662,#1663);
#1661 = CARTESIAN_POINT('',(81.955154965727,65.477996826172,
    2.732844854982));
#1662 = DIRECTION('',(0.,1.,0.));
#1663 = DIRECTION('',(0.,-0.,1.));
#1664 = ADVANCED_FACE('',(#1665),#1680,.T.);
#1665 = FACE_BOUND('',#1666,.T.);
#1666 = EDGE_LOOP('',(#1667,#1668,#1674));
#1667 = ORIENTED_EDGE('',*,*,#1648,.T.);
#1668 = ORIENTED_EDGE('',*,*,#1669,.T.);
#1669 = EDGE_CURVE('',#1081,#461,#1670,.T.);
#1670 = LINE('',#1671,#1672);
#1671 = CARTESIAN_POINT('',(80.458000183105,65.477996826172,
    -7.629394644937E-07));
#1672 = VECTOR('',#1673,1.);
#1673 = DIRECTION('',(0.,0.,1.));
#1674 = ORIENTED_EDGE('',*,*,#1675,.T.);
#1675 = EDGE_CURVE('',#461,#622,#1676,.T.);
#1676 = LINE('',#1677,#1678);
#1677 = CARTESIAN_POINT('',(80.458000183105,65.477996826172,
    6.349999427795));
#1678 = VECTOR('',#1679,1.);
#1679 = DIRECTION('',(1.,0.,0.));
#1680 = PLANE('',#1681);
#1681 = AXIS2_PLACEMENT_3D('',#1682,#1683,#1684);
#1682 = CARTESIAN_POINT('',(81.070846010835,65.477996826172,
    3.617153809874));
#1683 = DIRECTION('',(0.,1.,0.));
#1684 = DIRECTION('',(0.,-0.,1.));
#1685 = ADVANCED_FACE('',(#1686),#1701,.T.);
#1686 = FACE_BOUND('',#1687,.T.);
#1687 = EDGE_LOOP('',(#1688,#1689,#1695));
#1688 = ORIENTED_EDGE('',*,*,#1066,.F.);
#1689 = ORIENTED_EDGE('',*,*,#1690,.F.);
#1690 = EDGE_CURVE('',#484,#993,#1691,.T.);
#1691 = LINE('',#1692,#1693);
#1692 = CARTESIAN_POINT('',(76.081001281738,65.477996826172,
    6.349999427795));
#1693 = VECTOR('',#1694,1.);
#1694 = DIRECTION('',(-0.315331022694,0.,-0.948981741725));
#1695 = ORIENTED_EDGE('',*,*,#1696,.T.);
#1696 = EDGE_CURVE('',#484,#1058,#1697,.T.);
#1697 = LINE('',#1698,#1699);
#1698 = CARTESIAN_POINT('',(76.081001281738,65.477996826172,
    6.349999427795));
#1699 = VECTOR('',#1700,1.);
#1700 = DIRECTION('',(0.,0.,-1.));
#1701 = PLANE('',#1702);
#1702 = AXIS2_PLACEMENT_3D('',#1703,#1704,#1705);
#1703 = CARTESIAN_POINT('',(75.468155454008,65.477996826172,
    2.732844854982));
#1704 = DIRECTION('',(0.,1.,0.));
#1705 = DIRECTION('',(0.,-0.,1.));
#1706 = ADVANCED_FACE('',(#1707),#1724,.T.);
#1707 = FACE_BOUND('',#1708,.T.);
#1708 = EDGE_LOOP('',(#1709,#1710,#1718));
#1709 = ORIENTED_EDGE('',*,*,#1690,.T.);
#1710 = ORIENTED_EDGE('',*,*,#1711,.T.);
#1711 = EDGE_CURVE('',#993,#1712,#1714,.T.);
#1712 = VERTEX_POINT('',#1713);
#1713 = CARTESIAN_POINT('',(73.971000671387,65.477996826172,
    6.349999427795));
#1714 = LINE('',#1715,#1716);
#1715 = CARTESIAN_POINT('',(73.971000671387,65.477996826172,
    -7.629394644937E-07));
#1716 = VECTOR('',#1717,1.);
#1717 = DIRECTION('',(0.,0.,1.));
#1718 = ORIENTED_EDGE('',*,*,#1719,.T.);
#1719 = EDGE_CURVE('',#1712,#484,#1720,.T.);
#1720 = LINE('',#1721,#1722);
#1721 = CARTESIAN_POINT('',(73.971000671387,65.477996826172,
    6.349999427795));
#1722 = VECTOR('',#1723,1.);
#1723 = DIRECTION('',(1.,0.,0.));
#1724 = PLANE('',#1725);
#1725 = AXIS2_PLACEMENT_3D('',#1726,#1727,#1728);
#1726 = CARTESIAN_POINT('',(74.583846499117,65.477996826172,
    3.617153809874));
#1727 = DIRECTION('',(0.,1.,0.));
#1728 = DIRECTION('',(0.,-0.,1.));
#1729 = ADVANCED_FACE('',(#1730),#1747,.T.);
#1730 = FACE_BOUND('',#1731,.T.);
#1731 = EDGE_LOOP('',(#1732,#1740,#1741));
#1732 = ORIENTED_EDGE('',*,*,#1733,.T.);
#1733 = EDGE_CURVE('',#1734,#208,#1736,.T.);
#1734 = VERTEX_POINT('',#1735);
#1735 = CARTESIAN_POINT('',(42.001998901367,96.,-7.629394644937E-07));
#1736 = LINE('',#1737,#1738);
#1737 = CARTESIAN_POINT('',(42.001998901367,96.,-7.629394644937E-07));
#1738 = VECTOR('',#1739,1.);
#1739 = DIRECTION('',(0.528372753544,-0.849012504803,0.));
#1740 = ORIENTED_EDGE('',*,*,#874,.F.);
#1741 = ORIENTED_EDGE('',*,*,#1742,.T.);
#1742 = EDGE_CURVE('',#875,#1734,#1743,.T.);
#1743 = LINE('',#1744,#1745);
#1744 = CARTESIAN_POINT('',(54.997001647949,46.501998901367,
    -7.629394644937E-07));
#1745 = VECTOR('',#1746,1.);
#1746 = DIRECTION('',(-0.253930621917,0.967222435251,0.));
#1747 = PLANE('',#1748);
#1748 = AXIS2_PLACEMENT_3D('',#1749,#1750,#1751);
#1749 = CARTESIAN_POINT('',(51.273267262273,71.600158451039,
    -7.629394644937E-07));
#1750 = DIRECTION('',(-0.,-0.,-1.));
#1751 = DIRECTION('',(-1.,0.,0.));
#1752 = ADVANCED_FACE('',(#1753),#1770,.T.);
#1753 = FACE_BOUND('',#1754,.T.);
#1754 = EDGE_LOOP('',(#1755,#1763,#1764));
#1755 = ORIENTED_EDGE('',*,*,#1756,.T.);
#1756 = EDGE_CURVE('',#1757,#1734,#1759,.T.);
#1757 = VERTEX_POINT('',#1758);
#1758 = CARTESIAN_POINT('',(42.001998901367,-15.,-7.629394076503E-07));
#1759 = LINE('',#1760,#1761);
#1760 = CARTESIAN_POINT('',(42.001998901367,-15.,-7.629394076503E-07));
#1761 = VECTOR('',#1762,1.);
#1762 = DIRECTION('',(0.,1.,-5.121028726199E-16));
#1763 = ORIENTED_EDGE('',*,*,#1742,.F.);
#1764 = ORIENTED_EDGE('',*,*,#1765,.F.);
#1765 = EDGE_CURVE('',#1757,#875,#1766,.T.);
#1766 = LINE('',#1767,#1768);
#1767 = CARTESIAN_POINT('',(42.001998901367,-15.,-7.629394076503E-07));
#1768 = VECTOR('',#1769,1.);
#1769 = DIRECTION('',(0.206729639948,0.978398107095,-9.042875745131E-16)
  );
#1770 = PLANE('',#1771);
#1771 = AXIS2_PLACEMENT_3D('',#1772,#1773,#1774);
#1772 = CARTESIAN_POINT('',(45.294569051145,40.579878137021,
    -7.629394425354E-07));
#1773 = DIRECTION('',(-1.950601246177E-15,-5.121028726199E-16,-1.));
#1774 = DIRECTION('',(-1.,0.,1.950601246177E-15));
#1775 = ADVANCED_FACE('',(#1776),#1793,.T.);
#1776 = FACE_BOUND('',#1777,.T.);
#1777 = EDGE_LOOP('',(#1778,#1786,#1792));
#1778 = ORIENTED_EDGE('',*,*,#1779,.T.);
#1779 = EDGE_CURVE('',#875,#1780,#1782,.T.);
#1780 = VERTEX_POINT('',#1781);
#1781 = CARTESIAN_POINT('',(54.997001647949,6.498000144958,
    -7.629394076503E-07));
#1782 = LINE('',#1783,#1784);
#1783 = CARTESIAN_POINT('',(54.997001647949,46.501998901367,
    -7.629394644937E-07));
#1784 = VECTOR('',#1785,1.);
#1785 = DIRECTION('',(0.,-1.,1.420943421355E-15));
#1786 = ORIENTED_EDGE('',*,*,#1787,.T.);
#1787 = EDGE_CURVE('',#1780,#1757,#1788,.T.);
#1788 = LINE('',#1789,#1790);
#1789 = CARTESIAN_POINT('',(54.997001647949,6.498000144958,
    -7.629394076503E-07));
#1790 = VECTOR('',#1791,1.);
#1791 = DIRECTION('',(-0.517308910589,-0.855798744464,0.));
#1792 = ORIENTED_EDGE('',*,*,#1765,.T.);
#1793 = PLANE('',#1794);
#1794 = AXIS2_PLACEMENT_3D('',#1795,#1796,#1797);
#1795 = CARTESIAN_POINT('',(50.530421819704,15.184874586609,
    -7.629394304934E-07));
#1796 = DIRECTION('',(2.350706842775E-15,-1.420943421355E-15,-1.));
#1797 = DIRECTION('',(-1.,0.,-2.350706842775E-15));
#1798 = ADVANCED_FACE('',(#1799),#1816,.T.);
#1799 = FACE_BOUND('',#1800,.T.);
#1800 = EDGE_LOOP('',(#1801,#1809,#1810));
#1801 = ORIENTED_EDGE('',*,*,#1802,.T.);
#1802 = EDGE_CURVE('',#1803,#1757,#1805,.T.);
#1803 = VERTEX_POINT('',#1804);
#1804 = CARTESIAN_POINT('',(62.935001373291,1.351999998093,
    -7.629394076503E-07));
#1805 = LINE('',#1806,#1807);
#1806 = CARTESIAN_POINT('',(62.935001373291,1.351999998093,
    -7.629394076503E-07));
#1807 = VECTOR('',#1808,1.);
#1808 = DIRECTION('',(-0.788059223579,-0.615599431556,0.));
#1809 = ORIENTED_EDGE('',*,*,#1787,.F.);
#1810 = ORIENTED_EDGE('',*,*,#1811,.F.);
#1811 = EDGE_CURVE('',#1803,#1780,#1812,.T.);
#1812 = LINE('',#1813,#1814);
#1813 = CARTESIAN_POINT('',(62.935001373291,1.351999998093,
    -7.629394076503E-07));
#1814 = VECTOR('',#1815,1.);
#1815 = DIRECTION('',(-0.83910472154,0.543969913037,0.));
#1816 = PLANE('',#1817);
#1817 = AXIS2_PLACEMENT_3D('',#1818,#1819,#1820);
#1818 = CARTESIAN_POINT('',(51.843149578296,-4.103808865161,
    -7.629394076503E-07));
#1819 = DIRECTION('',(-0.,-0.,-1.));
#1820 = DIRECTION('',(-1.,0.,0.));
#1821 = ADVANCED_FACE('',(#1822),#1837,.T.);
#1822 = FACE_BOUND('',#1823,.T.);
#1823 = EDGE_LOOP('',(#1824,#1830,#1836));
#1824 = ORIENTED_EDGE('',*,*,#1825,.T.);
#1825 = EDGE_CURVE('',#1780,#79,#1826,.T.);
#1826 = LINE('',#1827,#1828);
#1827 = CARTESIAN_POINT('',(54.997001647949,6.498000144958,
    -7.629394076503E-07));
#1828 = VECTOR('',#1829,1.);
#1829 = DIRECTION('',(0.995211112103,-9.774887389136E-02,0.));
#1830 = ORIENTED_EDGE('',*,*,#1831,.T.);
#1831 = EDGE_CURVE('',#79,#1803,#1832,.T.);
#1832 = LINE('',#1833,#1834);
#1833 = CARTESIAN_POINT('',(107.38999938964,1.351999998093,
    -7.629394076503E-07));
#1834 = VECTOR('',#1835,1.);
#1835 = DIRECTION('',(-1.,0.,0.));
#1836 = ORIENTED_EDGE('',*,*,#1811,.T.);
#1837 = PLANE('',#1838);
#1838 = AXIS2_PLACEMENT_3D('',#1839,#1840,#1841);
#1839 = CARTESIAN_POINT('',(80.876007756415,2.851590634054,
    -7.629394076503E-07));
#1840 = DIRECTION('',(-0.,-0.,-1.));
#1841 = DIRECTION('',(-1.,0.,0.));
#1842 = ADVANCED_FACE('',(#1843),#1860,.T.);
#1843 = FACE_BOUND('',#1844,.T.);
#1844 = EDGE_LOOP('',(#1845,#1846,#1854));
#1845 = ORIENTED_EDGE('',*,*,#978,.F.);
#1846 = ORIENTED_EDGE('',*,*,#1847,.F.);
#1847 = EDGE_CURVE('',#1848,#905,#1850,.T.);
#1848 = VERTEX_POINT('',#1849);
#1849 = CARTESIAN_POINT('',(69.59400177002,65.477996826172,
    6.349999427795));
#1850 = LINE('',#1851,#1852);
#1851 = CARTESIAN_POINT('',(69.59400177002,65.477996826172,
    6.349999427795));
#1852 = VECTOR('',#1853,1.);
#1853 = DIRECTION('',(-0.315331022694,0.,-0.948981741725));
#1854 = ORIENTED_EDGE('',*,*,#1855,.T.);
#1855 = EDGE_CURVE('',#1848,#970,#1856,.T.);
#1856 = LINE('',#1857,#1858);
#1857 = CARTESIAN_POINT('',(69.59400177002,65.477996826172,
    6.349999427795));
#1858 = VECTOR('',#1859,1.);
#1859 = DIRECTION('',(0.,0.,-1.));
#1860 = PLANE('',#1861);
#1861 = AXIS2_PLACEMENT_3D('',#1862,#1863,#1864);
#1862 = CARTESIAN_POINT('',(68.98115594229,65.477996826172,
    2.732844854982));
#1863 = DIRECTION('',(0.,1.,0.));
#1864 = DIRECTION('',(0.,-0.,1.));
#1865 = ADVANCED_FACE('',(#1866),#1883,.T.);
#1866 = FACE_BOUND('',#1867,.T.);
#1867 = EDGE_LOOP('',(#1868,#1869,#1877));
#1868 = ORIENTED_EDGE('',*,*,#1847,.T.);
#1869 = ORIENTED_EDGE('',*,*,#1870,.T.);
#1870 = EDGE_CURVE('',#905,#1871,#1873,.T.);
#1871 = VERTEX_POINT('',#1872);
#1872 = CARTESIAN_POINT('',(67.484001159668,65.477996826172,
    6.349999427795));
#1873 = LINE('',#1874,#1875);
#1874 = CARTESIAN_POINT('',(67.484001159668,65.477996826172,
    -7.629394644937E-07));
#1875 = VECTOR('',#1876,1.);
#1876 = DIRECTION('',(0.,0.,1.));
#1877 = ORIENTED_EDGE('',*,*,#1878,.T.);
#1878 = EDGE_CURVE('',#1871,#1848,#1879,.T.);
#1879 = LINE('',#1880,#1881);
#1880 = CARTESIAN_POINT('',(67.484001159668,65.477996826172,
    6.349999427795));
#1881 = VECTOR('',#1882,1.);
#1882 = DIRECTION('',(1.,0.,0.));
#1883 = PLANE('',#1884);
#1884 = AXIS2_PLACEMENT_3D('',#1885,#1886,#1887);
#1885 = CARTESIAN_POINT('',(68.096846987398,65.477996826172,
    3.617153809874));
#1886 = DIRECTION('',(0.,1.,0.));
#1887 = DIRECTION('',(0.,-0.,1.));
#1888 = ADVANCED_FACE('',(#1889),#1906,.T.);
#1889 = FACE_BOUND('',#1890,.T.);
#1890 = EDGE_LOOP('',(#1891,#1892,#1900));
#1891 = ORIENTED_EDGE('',*,*,#1802,.F.);
#1892 = ORIENTED_EDGE('',*,*,#1893,.T.);
#1893 = EDGE_CURVE('',#1803,#1894,#1896,.T.);
#1894 = VERTEX_POINT('',#1895);
#1895 = CARTESIAN_POINT('',(62.935001373291,-5.002999782562,
    -7.629394076503E-07));
#1896 = LINE('',#1897,#1898);
#1897 = CARTESIAN_POINT('',(62.935001373291,1.351999998093,
    -7.629394076503E-07));
#1898 = VECTOR('',#1899,1.);
#1899 = DIRECTION('',(0.,-1.,0.));
#1900 = ORIENTED_EDGE('',*,*,#1901,.T.);
#1901 = EDGE_CURVE('',#1894,#1757,#1902,.T.);
#1902 = LINE('',#1903,#1904);
#1903 = CARTESIAN_POINT('',(62.935001373291,-5.002999782562,
    -7.629394076503E-07));
#1904 = VECTOR('',#1905,1.);
#1905 = DIRECTION('',(-0.902376295345,-0.430948977954,0.));
#1906 = PLANE('',#1907);
#1907 = AXIS2_PLACEMENT_3D('',#1908,#1909,#1910);
#1908 = CARTESIAN_POINT('',(53.653819124351,-7.571478613252,
    -7.629394076503E-07));
#1909 = DIRECTION('',(-0.,-0.,-1.));
#1910 = DIRECTION('',(-1.,0.,0.));
#1911 = ADVANCED_FACE('',(#1912),#1927,.T.);
#1912 = FACE_BOUND('',#1913,.T.);
#1913 = EDGE_LOOP('',(#1914,#1915,#1921));
#1914 = ORIENTED_EDGE('',*,*,#1901,.F.);
#1915 = ORIENTED_EDGE('',*,*,#1916,.F.);
#1916 = EDGE_CURVE('',#77,#1894,#1917,.T.);
#1917 = LINE('',#1918,#1919);
#1918 = CARTESIAN_POINT('',(107.38999938964,-5.002999782562,
    -7.629394076503E-07));
#1919 = VECTOR('',#1920,1.);
#1920 = DIRECTION('',(-1.,0.,0.));
#1921 = ORIENTED_EDGE('',*,*,#1922,.F.);
#1922 = EDGE_CURVE('',#1757,#77,#1923,.T.);
#1923 = LINE('',#1924,#1925);
#1924 = CARTESIAN_POINT('',(42.001998901367,-15.,-7.629394076503E-07));
#1925 = VECTOR('',#1926,1.);
#1926 = DIRECTION('',(0.988513701779,0.151131272066,0.));
#1927 = PLANE('',#1928);
#1928 = AXIS2_PLACEMENT_3D('',#1929,#1930,#1931);
#1929 = CARTESIAN_POINT('',(74.319787523142,-8.340755559504,
    -7.629394076503E-07));
#1930 = DIRECTION('',(-0.,-0.,-1.));
#1931 = DIRECTION('',(-1.,0.,0.));
#1932 = ADVANCED_FACE('',(#1933),#1957,.T.);
#1933 = FACE_BOUND('',#1934,.T.);
#1934 = EDGE_LOOP('',(#1935,#1943,#1951));
#1935 = ORIENTED_EDGE('',*,*,#1936,.T.);
#1936 = EDGE_CURVE('',#1937,#1894,#1939,.T.);
#1937 = VERTEX_POINT('',#1938);
#1938 = CARTESIAN_POINT('',(107.38999938964,-5.002999782562,
    6.349999427795));
#1939 = LINE('',#1940,#1941);
#1940 = CARTESIAN_POINT('',(107.38999938964,-5.002999782562,
    6.349999427795));
#1941 = VECTOR('',#1942,1.);
#1942 = DIRECTION('',(-0.989951718923,0.,-0.141405778528));
#1943 = ORIENTED_EDGE('',*,*,#1944,.T.);
#1944 = EDGE_CURVE('',#1894,#1945,#1947,.T.);
#1945 = VERTEX_POINT('',#1946);
#1946 = CARTESIAN_POINT('',(62.935001373291,-5.002999782562,
    6.349999427795));
#1947 = LINE('',#1948,#1949);
#1948 = CARTESIAN_POINT('',(62.935001373291,-5.002999782562,
    -7.629394076503E-07));
#1949 = VECTOR('',#1950,1.);
#1950 = DIRECTION('',(0.,0.,1.));
#1951 = ORIENTED_EDGE('',*,*,#1952,.T.);
#1952 = EDGE_CURVE('',#1945,#1937,#1953,.T.);
#1953 = LINE('',#1954,#1955);
#1954 = CARTESIAN_POINT('',(62.935001373291,-5.002999782562,
    6.349999427795));
#1955 = VECTOR('',#1956,1.);
#1956 = DIRECTION('',(1.,0.,0.));
#1957 = PLANE('',#1958);
#1958 = AXIS2_PLACEMENT_3D('',#1959,#1960,#1961);
#1959 = CARTESIAN_POINT('',(83.687807935107,-5.002999782562,
    4.649691778791));
#1960 = DIRECTION('',(0.,1.,0.));
#1961 = DIRECTION('',(0.,-0.,1.));
#1962 = ADVANCED_FACE('',(#1963),#1973,.T.);
#1963 = FACE_BOUND('',#1964,.T.);
#1964 = EDGE_LOOP('',(#1965,#1966,#1967));
#1965 = ORIENTED_EDGE('',*,*,#1916,.T.);
#1966 = ORIENTED_EDGE('',*,*,#1936,.F.);
#1967 = ORIENTED_EDGE('',*,*,#1968,.T.);
#1968 = EDGE_CURVE('',#1937,#77,#1969,.T.);
#1969 = LINE('',#1970,#1971);
#1970 = CARTESIAN_POINT('',(107.38999938964,-5.002999782562,
    6.349999427795));
#1971 = VECTOR('',#1972,1.);
#1972 = DIRECTION('',(0.,0.,-1.));
#1973 = PLANE('',#1974);
#1974 = AXIS2_PLACEMENT_3D('',#1975,#1976,#1977);
#1975 = CARTESIAN_POINT('',(86.637192827832,-5.002999782562,
    1.700306886065));
#1976 = DIRECTION('',(0.,1.,0.));
#1977 = DIRECTION('',(0.,-0.,1.));
#1978 = ADVANCED_FACE('',(#1979),#2003,.T.);
#1979 = FACE_BOUND('',#1980,.T.);
#1980 = EDGE_LOOP('',(#1981,#1989,#1997));
#1981 = ORIENTED_EDGE('',*,*,#1982,.T.);
#1982 = EDGE_CURVE('',#1454,#1983,#1985,.T.);
#1983 = VERTEX_POINT('',#1984);
#1984 = CARTESIAN_POINT('',(106.40599822998,65.477996826172,
    -7.629394644937E-07));
#1985 = LINE('',#1986,#1987);
#1986 = CARTESIAN_POINT('',(102.02899932861,65.477996826172,
    -7.629394644937E-07));
#1987 = VECTOR('',#1988,1.);
#1988 = DIRECTION('',(1.,0.,0.));
#1989 = ORIENTED_EDGE('',*,*,#1990,.T.);
#1990 = EDGE_CURVE('',#1983,#1991,#1993,.T.);
#1991 = VERTEX_POINT('',#1992);
#1992 = CARTESIAN_POINT('',(151.00300598144,46.501998901367,
    -7.629394644937E-07));
#1993 = LINE('',#1994,#1995);
#1994 = CARTESIAN_POINT('',(106.40599822998,65.477996826172,
    -7.629394644937E-07));
#1995 = VECTOR('',#1996,1.);
#1996 = DIRECTION('',(0.920165430588,-0.391529794972,0.));
#1997 = ORIENTED_EDGE('',*,*,#1998,.T.);
#1998 = EDGE_CURVE('',#1991,#1454,#1999,.T.);
#1999 = LINE('',#2000,#2001);
#2000 = CARTESIAN_POINT('',(151.00300598144,46.501998901367,
    -7.629394644937E-07));
#2001 = VECTOR('',#2002,1.);
#2002 = DIRECTION('',(-0.932450635653,0.361297401141,0.));
#2003 = PLANE('',#2004);
#2004 = AXIS2_PLACEMENT_3D('',#2005,#2006,#2007);
#2005 = CARTESIAN_POINT('',(126.59637014269,56.384141230461,
    -7.629394644937E-07));
#2006 = DIRECTION('',(-0.,-0.,-1.));
#2007 = DIRECTION('',(-1.,0.,0.));
#2008 = ADVANCED_FACE('',(#2009),#2026,.T.);
#2009 = FACE_BOUND('',#2010,.T.);
#2010 = EDGE_LOOP('',(#2011,#2019,#2025));
#2011 = ORIENTED_EDGE('',*,*,#2012,.T.);
#2012 = EDGE_CURVE('',#1983,#2013,#2015,.T.);
#2013 = VERTEX_POINT('',#2014);
#2014 = CARTESIAN_POINT('',(108.51599884033,65.477996826172,
    -7.629394644937E-07));
#2015 = LINE('',#2016,#2017);
#2016 = CARTESIAN_POINT('',(106.40599822998,65.477996826172,
    -7.629394644937E-07));
#2017 = VECTOR('',#2018,1.);
#2018 = DIRECTION('',(1.,0.,0.));
#2019 = ORIENTED_EDGE('',*,*,#2020,.T.);
#2020 = EDGE_CURVE('',#2013,#1991,#2021,.T.);
#2021 = LINE('',#2022,#2023);
#2022 = CARTESIAN_POINT('',(108.51599884033,65.477996826172,
    -7.629394644937E-07));
#2023 = VECTOR('',#2024,1.);
#2024 = DIRECTION('',(0.913069200105,-0.407804653994,0.));
#2025 = ORIENTED_EDGE('',*,*,#1990,.F.);
#2026 = PLANE('',#2027);
#2027 = AXIS2_PLACEMENT_3D('',#2028,#2029,#2030);
#2028 = CARTESIAN_POINT('',(128.74844837721,56.196156027125,
    -7.629394644937E-07));
#2029 = DIRECTION('',(-0.,-0.,-1.));
#2030 = DIRECTION('',(-1.,0.,0.));
#2031 = ADVANCED_FACE('',(#2032),#2049,.T.);
#2032 = FACE_BOUND('',#2033,.T.);
#2033 = EDGE_LOOP('',(#2034,#2042,#2048));
#2034 = ORIENTED_EDGE('',*,*,#2035,.T.);
#2035 = EDGE_CURVE('',#2013,#2036,#2038,.T.);
#2036 = VERTEX_POINT('',#2037);
#2037 = CARTESIAN_POINT('',(112.89299774169,65.477996826172,
    -7.629394644937E-07));
#2038 = LINE('',#2039,#2040);
#2039 = CARTESIAN_POINT('',(108.51599884033,65.477996826172,
    -7.629394644937E-07));
#2040 = VECTOR('',#2041,1.);
#2041 = DIRECTION('',(1.,0.,0.));
#2042 = ORIENTED_EDGE('',*,*,#2043,.T.);
#2043 = EDGE_CURVE('',#2036,#1991,#2044,.T.);
#2044 = LINE('',#2045,#2046);
#2045 = CARTESIAN_POINT('',(112.89299774169,65.477996826172,
    -7.629394644937E-07));
#2046 = VECTOR('',#2047,1.);
#2047 = DIRECTION('',(0.895168271367,-0.445728354425,0.));
#2048 = ORIENTED_EDGE('',*,*,#2020,.F.);
#2049 = PLANE('',#2050);
#2050 = AXIS2_PLACEMENT_3D('',#2051,#2052,#2053);
#2051 = CARTESIAN_POINT('',(129.86398529453,56.434242983073,
    -7.629394644937E-07));
#2052 = DIRECTION('',(-0.,-0.,-1.));
#2053 = DIRECTION('',(-1.,0.,0.));
#2054 = ADVANCED_FACE('',(#2055),#2072,.T.);
#2055 = FACE_BOUND('',#2056,.T.);
#2056 = EDGE_LOOP('',(#2057,#2065,#2071));
#2057 = ORIENTED_EDGE('',*,*,#2058,.T.);
#2058 = EDGE_CURVE('',#2036,#2059,#2061,.T.);
#2059 = VERTEX_POINT('',#2060);
#2060 = CARTESIAN_POINT('',(115.00199890136,65.477996826172,
    -7.629394644937E-07));
#2061 = LINE('',#2062,#2063);
#2062 = CARTESIAN_POINT('',(112.89299774169,65.477996826172,
    -7.629394644937E-07));
#2063 = VECTOR('',#2064,1.);
#2064 = DIRECTION('',(1.,0.,0.));
#2065 = ORIENTED_EDGE('',*,*,#2066,.T.);
#2066 = EDGE_CURVE('',#2059,#1991,#2067,.T.);
#2067 = LINE('',#2068,#2069);
#2068 = CARTESIAN_POINT('',(115.00199890136,65.477996826172,
    -7.629394644937E-07));
#2069 = VECTOR('',#2070,1.);
#2070 = DIRECTION('',(0.884633480458,-0.466287041694,0.));
#2071 = ORIENTED_EDGE('',*,*,#2043,.F.);
#2072 = PLANE('',#2073);
#2073 = AXIS2_PLACEMENT_3D('',#2074,#2075,#2076);
#2074 = CARTESIAN_POINT('',(132.0059890521,56.224369808406,
    -7.629394644937E-07));
#2075 = DIRECTION('',(-0.,-0.,-1.));
#2076 = DIRECTION('',(-1.,0.,0.));
#2077 = ADVANCED_FACE('',(#2078),#2095,.T.);
#2078 = FACE_BOUND('',#2079,.T.);
#2079 = EDGE_LOOP('',(#2080,#2081,#2089));
#2080 = ORIENTED_EDGE('',*,*,#1982,.F.);
#2081 = ORIENTED_EDGE('',*,*,#2082,.F.);
#2082 = EDGE_CURVE('',#2083,#1454,#2085,.T.);
#2083 = VERTEX_POINT('',#2084);
#2084 = CARTESIAN_POINT('',(106.40599822998,85.002998352051,
    -7.629394644937E-07));
#2085 = LINE('',#2086,#2087);
#2086 = CARTESIAN_POINT('',(106.40599822998,85.002998352051,
    -7.629394644937E-07));
#2087 = VECTOR('',#2088,1.);
#2088 = DIRECTION('',(-0.218745026219,-0.975782052256,0.));
#2089 = ORIENTED_EDGE('',*,*,#2090,.T.);
#2090 = EDGE_CURVE('',#2083,#1983,#2091,.T.);
#2091 = LINE('',#2092,#2093);
#2092 = CARTESIAN_POINT('',(106.40599822998,85.002998352051,
    -7.629394644937E-07));
#2093 = VECTOR('',#2094,1.);
#2094 = DIRECTION('',(0.,-1.,0.));
#2095 = PLANE('',#2096);
#2096 = AXIS2_PLACEMENT_3D('',#2097,#2098,#2099);
#2097 = CARTESIAN_POINT('',(105.19060068644,74.267395681965,
    -7.629394644937E-07));
#2098 = DIRECTION('',(-0.,-0.,-1.));
#2099 = DIRECTION('',(-1.,0.,0.));
#2100 = ADVANCED_FACE('',(#2101),#2116,.T.);
#2101 = FACE_BOUND('',#2102,.T.);
#2102 = EDGE_LOOP('',(#2103,#2104,#2110));
#2103 = ORIENTED_EDGE('',*,*,#2082,.T.);
#2104 = ORIENTED_EDGE('',*,*,#2105,.T.);
#2105 = EDGE_CURVE('',#1454,#1565,#2106,.T.);
#2106 = LINE('',#2107,#2108);
#2107 = CARTESIAN_POINT('',(102.02899932861,65.477996826172,
    -7.629394644937E-07));
#2108 = VECTOR('',#2109,1.);
#2109 = DIRECTION('',(0.,1.,0.));
#2110 = ORIENTED_EDGE('',*,*,#2111,.T.);
#2111 = EDGE_CURVE('',#1565,#2083,#2112,.T.);
#2112 = LINE('',#2113,#2114);
#2113 = CARTESIAN_POINT('',(102.02899932861,85.002998352051,
    -7.629394644937E-07));
#2114 = VECTOR('',#2115,1.);
#2115 = DIRECTION('',(1.,0.,0.));
#2116 = PLANE('',#2117);
#2117 = AXIS2_PLACEMENT_3D('',#2118,#2119,#2120);
#2118 = CARTESIAN_POINT('',(103.24439687215,76.213599496258,
    -7.629394644937E-07));
#2119 = DIRECTION('',(-0.,-0.,-1.));
#2120 = DIRECTION('',(-1.,0.,0.));
#2121 = ADVANCED_FACE('',(#2122),#2139,.T.);
#2122 = FACE_BOUND('',#2123,.T.);
#2123 = EDGE_LOOP('',(#2124,#2125,#2133));
#2124 = ORIENTED_EDGE('',*,*,#2035,.F.);
#2125 = ORIENTED_EDGE('',*,*,#2126,.F.);
#2126 = EDGE_CURVE('',#2127,#2013,#2129,.T.);
#2127 = VERTEX_POINT('',#2128);
#2128 = CARTESIAN_POINT('',(112.89299774169,85.002998352051,
    -7.629394644937E-07));
#2129 = LINE('',#2130,#2131);
#2130 = CARTESIAN_POINT('',(112.89299774169,85.002998352051,
    -7.629394644937E-07));
#2131 = VECTOR('',#2132,1.);
#2132 = DIRECTION('',(-0.218745026219,-0.975782052256,0.));
#2133 = ORIENTED_EDGE('',*,*,#2134,.T.);
#2134 = EDGE_CURVE('',#2127,#2036,#2135,.T.);
#2135 = LINE('',#2136,#2137);
#2136 = CARTESIAN_POINT('',(112.89299774169,85.002998352051,
    -7.629394644937E-07));
#2137 = VECTOR('',#2138,1.);
#2138 = DIRECTION('',(0.,-1.,0.));
#2139 = PLANE('',#2140);
#2140 = AXIS2_PLACEMENT_3D('',#2141,#2142,#2143);
#2141 = CARTESIAN_POINT('',(111.67760019816,74.267395681965,
    -7.629394644937E-07));
#2142 = DIRECTION('',(-0.,-0.,-1.));
#2143 = DIRECTION('',(-1.,0.,0.));
#2144 = ADVANCED_FACE('',(#2145),#2162,.T.);
#2145 = FACE_BOUND('',#2146,.T.);
#2146 = EDGE_LOOP('',(#2147,#2148,#2156));
#2147 = ORIENTED_EDGE('',*,*,#2126,.T.);
#2148 = ORIENTED_EDGE('',*,*,#2149,.T.);
#2149 = EDGE_CURVE('',#2013,#2150,#2152,.T.);
#2150 = VERTEX_POINT('',#2151);
#2151 = CARTESIAN_POINT('',(108.51599884033,85.002998352051,
    -7.629394644937E-07));
#2152 = LINE('',#2153,#2154);
#2153 = CARTESIAN_POINT('',(108.51599884033,65.477996826172,
    -7.629394644937E-07));
#2154 = VECTOR('',#2155,1.);
#2155 = DIRECTION('',(0.,1.,0.));
#2156 = ORIENTED_EDGE('',*,*,#2157,.T.);
#2157 = EDGE_CURVE('',#2150,#2127,#2158,.T.);
#2158 = LINE('',#2159,#2160);
#2159 = CARTESIAN_POINT('',(108.51599884033,85.002998352051,
    -7.629394644937E-07));
#2160 = VECTOR('',#2161,1.);
#2161 = DIRECTION('',(1.,0.,0.));
#2162 = PLANE('',#2163);
#2163 = AXIS2_PLACEMENT_3D('',#2164,#2165,#2166);
#2164 = CARTESIAN_POINT('',(109.73139638386,76.213599496258,
    -7.629394644937E-07));
#2165 = DIRECTION('',(-0.,-0.,-1.));
#2166 = DIRECTION('',(-1.,0.,0.));
#2167 = ADVANCED_FACE('',(#2168),#2185,.T.);
#2168 = FACE_BOUND('',#2169,.T.);
#2169 = EDGE_LOOP('',(#2170,#2171,#2179));
#2170 = ORIENTED_EDGE('',*,*,#2134,.F.);
#2171 = ORIENTED_EDGE('',*,*,#2172,.F.);
#2172 = EDGE_CURVE('',#2173,#2127,#2175,.T.);
#2173 = VERTEX_POINT('',#2174);
#2174 = CARTESIAN_POINT('',(112.89299774169,65.477996826172,
    6.349999427795));
#2175 = LINE('',#2176,#2177);
#2176 = CARTESIAN_POINT('',(112.89299774169,65.477996826172,
    6.349999427795));
#2177 = VECTOR('',#2178,1.);
#2178 = DIRECTION('',(0.,0.950971416718,-0.309278781338));
#2179 = ORIENTED_EDGE('',*,*,#2180,.T.);
#2180 = EDGE_CURVE('',#2173,#2036,#2181,.T.);
#2181 = LINE('',#2182,#2183);
#2182 = CARTESIAN_POINT('',(112.89299774169,65.477996826172,
    6.349999427795));
#2183 = VECTOR('',#2184,1.);
#2184 = DIRECTION('',(0.,0.,-1.));
#2185 = PLANE('',#2186);
#2186 = AXIS2_PLACEMENT_3D('',#2187,#2188,#2189);
#2187 = CARTESIAN_POINT('',(112.89299774169,73.9046568307,1.839158574016
    ));
#2188 = DIRECTION('',(1.,0.,0.));
#2189 = DIRECTION('',(-0.,0.,1.));
#2190 = ADVANCED_FACE('',(#2191),#2213,.T.);
#2191 = FACE_BOUND('',#2192,.T.);
#2192 = EDGE_LOOP('',(#2193,#2201,#2207));
#2193 = ORIENTED_EDGE('',*,*,#2194,.T.);
#2194 = EDGE_CURVE('',#231,#2195,#2197,.T.);
#2195 = VERTEX_POINT('',#2196);
#2196 = CARTESIAN_POINT('',(167.,96.,6.349999427795));
#2197 = LINE('',#2198,#2199);
#2198 = CARTESIAN_POINT('',(42.001998901367,96.,6.349999427795));
#2199 = VECTOR('',#2200,1.);
#2200 = DIRECTION('',(1.,0.,0.));
#2201 = ORIENTED_EDGE('',*,*,#2202,.T.);
#2202 = EDGE_CURVE('',#2195,#1734,#2203,.T.);
#2203 = LINE('',#2204,#2205);
#2204 = CARTESIAN_POINT('',(167.,96.,6.349999427795));
#2205 = VECTOR('',#2206,1.);
#2206 = DIRECTION('',(-0.998712130843,0.,-5.073538909107E-02));
#2207 = ORIENTED_EDGE('',*,*,#2208,.T.);
#2208 = EDGE_CURVE('',#1734,#231,#2209,.T.);
#2209 = LINE('',#2210,#2211);
#2210 = CARTESIAN_POINT('',(42.001998901367,96.,-7.629394644937E-07));
#2211 = VECTOR('',#2212,1.);
#2212 = DIRECTION('',(0.,0.,1.));
#2213 = PLANE('',#2214);
#2214 = AXIS2_PLACEMENT_3D('',#2215,#2216,#2217);
#2215 = CARTESIAN_POINT('',(102.95379656803,96.,4.722202215073));
#2216 = DIRECTION('',(0.,1.,0.));
#2217 = DIRECTION('',(0.,-0.,1.));
#2218 = ADVANCED_FACE('',(#2219),#2236,.T.);
#2219 = FACE_BOUND('',#2220,.T.);
#2220 = EDGE_LOOP('',(#2221,#2229,#2230));
#2221 = ORIENTED_EDGE('',*,*,#2222,.T.);
#2222 = EDGE_CURVE('',#2223,#1734,#2225,.T.);
#2223 = VERTEX_POINT('',#2224);
#2224 = CARTESIAN_POINT('',(167.,96.,-7.629394644937E-07));
#2225 = LINE('',#2226,#2227);
#2226 = CARTESIAN_POINT('',(167.,96.,-7.629394644937E-07));
#2227 = VECTOR('',#2228,1.);
#2228 = DIRECTION('',(-1.,0.,0.));
#2229 = ORIENTED_EDGE('',*,*,#2202,.F.);
#2230 = ORIENTED_EDGE('',*,*,#2231,.F.);
#2231 = EDGE_CURVE('',#2223,#2195,#2232,.T.);
#2232 = LINE('',#2233,#2234);
#2233 = CARTESIAN_POINT('',(167.,96.,-7.629394644937E-07));
#2234 = VECTOR('',#2235,1.);
#2235 = DIRECTION('',(0.,0.,1.));
#2236 = PLANE('',#2237);
#2237 = AXIS2_PLACEMENT_3D('',#2238,#2239,#2240);
#2238 = CARTESIAN_POINT('',(106.04820233332,96.,1.627796449783));
#2239 = DIRECTION('',(0.,1.,0.));
#2240 = DIRECTION('',(0.,-0.,1.));
#2241 = ADVANCED_FACE('',(#2242),#2259,.T.);
#2242 = FACE_BOUND('',#2243,.T.);
#2243 = EDGE_LOOP('',(#2244,#2245,#2253));
#2244 = ORIENTED_EDGE('',*,*,#2231,.T.);
#2245 = ORIENTED_EDGE('',*,*,#2246,.T.);
#2246 = EDGE_CURVE('',#2195,#2247,#2249,.T.);
#2247 = VERTEX_POINT('',#2248);
#2248 = CARTESIAN_POINT('',(167.,-15.,6.349999427795));
#2249 = LINE('',#2250,#2251);
#2250 = CARTESIAN_POINT('',(167.,96.,6.349999427795));
#2251 = VECTOR('',#2252,1.);
#2252 = DIRECTION('',(0.,-1.,0.));
#2253 = ORIENTED_EDGE('',*,*,#2254,.T.);
#2254 = EDGE_CURVE('',#2247,#2223,#2255,.T.);
#2255 = LINE('',#2256,#2257);
#2256 = CARTESIAN_POINT('',(167.,-15.,6.349999427795));
#2257 = VECTOR('',#2258,1.);
#2258 = DIRECTION('',(0.,0.998367673077,-5.71138280582E-02));
#2259 = PLANE('',#2260);
#2260 = AXIS2_PLACEMENT_3D('',#2261,#2262,#2263);
#2261 = CARTESIAN_POINT('',(167.,42.04212891504,4.717128247468));
#2262 = DIRECTION('',(1.,0.,0.));
#2263 = DIRECTION('',(-0.,0.,1.));
#2264 = ADVANCED_FACE('',(#2265),#2282,.T.);
#2265 = FACE_BOUND('',#2266,.T.);
#2266 = EDGE_LOOP('',(#2267,#2275,#2281));
#2267 = ORIENTED_EDGE('',*,*,#2268,.T.);
#2268 = EDGE_CURVE('',#2247,#2269,#2271,.T.);
#2269 = VERTEX_POINT('',#2270);
#2270 = CARTESIAN_POINT('',(167.,-15.,-7.629394076503E-07));
#2271 = LINE('',#2272,#2273);
#2272 = CARTESIAN_POINT('',(167.,-15.,6.349999427795));
#2273 = VECTOR('',#2274,1.);
#2274 = DIRECTION('',(0.,0.,-1.));
#2275 = ORIENTED_EDGE('',*,*,#2276,.T.);
#2276 = EDGE_CURVE('',#2269,#2223,#2277,.T.);
#2277 = LINE('',#2278,#2279);
#2278 = CARTESIAN_POINT('',(167.,-15.,-7.629394076503E-07));
#2279 = VECTOR('',#2280,1.);
#2280 = DIRECTION('',(0.,1.,-5.121028726199E-16));
#2281 = ORIENTED_EDGE('',*,*,#2254,.F.);
#2282 = PLANE('',#2283);
#2283 = AXIS2_PLACEMENT_3D('',#2284,#2285,#2286);
#2284 = CARTESIAN_POINT('',(167.,38.95787108496,1.632870417388));
#2285 = DIRECTION('',(1.,0.,0.));
#2286 = DIRECTION('',(-0.,0.,1.));
#2287 = ADVANCED_FACE('',(#2288),#2305,.T.);
#2288 = FACE_BOUND('',#2289,.T.);
#2289 = EDGE_LOOP('',(#2290,#2291,#2299));
#2290 = ORIENTED_EDGE('',*,*,#2246,.F.);
#2291 = ORIENTED_EDGE('',*,*,#2292,.F.);
#2292 = EDGE_CURVE('',#2293,#2195,#2295,.T.);
#2293 = VERTEX_POINT('',#2294);
#2294 = CARTESIAN_POINT('',(151.00300598144,46.501998901367,
    6.349999427795));
#2295 = LINE('',#2296,#2297);
#2296 = CARTESIAN_POINT('',(151.00300598144,46.501998901367,
    6.349999427795));
#2297 = VECTOR('',#2298,1.);
#2298 = DIRECTION('',(0.30752329743,0.951540551704,0.));
#2299 = ORIENTED_EDGE('',*,*,#2300,.F.);
#2300 = EDGE_CURVE('',#2247,#2293,#2301,.T.);
#2301 = LINE('',#2302,#2303);
#2302 = CARTESIAN_POINT('',(167.,-15.,6.349999427795));
#2303 = VECTOR('',#2304,1.);
#2304 = DIRECTION('',(-0.251729279435,0.967797690571,0.));
#2305 = PLANE('',#2306);
#2306 = AXIS2_PLACEMENT_3D('',#2307,#2308,#2309);
#2307 = CARTESIAN_POINT('',(162.92013347678,40.618599286566,
    6.349999427795));
#2308 = DIRECTION('',(0.,0.,1.));
#2309 = DIRECTION('',(1.,0.,-0.));
#2310 = ADVANCED_FACE('',(#2311),#2335,.T.);
#2311 = FACE_BOUND('',#2312,.T.);
#2312 = EDGE_LOOP('',(#2313,#2321,#2329));
#2313 = ORIENTED_EDGE('',*,*,#2314,.T.);
#2314 = EDGE_CURVE('',#2315,#2293,#2317,.T.);
#2315 = VERTEX_POINT('',#2316);
#2316 = CARTESIAN_POINT('',(124.99800109863,69.998001098633,
    6.349999427795));
#2317 = LINE('',#2318,#2319);
#2318 = CARTESIAN_POINT('',(124.99800109863,69.998001098633,
    6.349999427795));
#2319 = VECTOR('',#2320,1.);
#2320 = DIRECTION('',(0.741994616105,-0.670405839527,0.));
#2321 = ORIENTED_EDGE('',*,*,#2322,.T.);
#2322 = EDGE_CURVE('',#2293,#2323,#2325,.T.);
#2323 = VERTEX_POINT('',#2324);
#2324 = CARTESIAN_POINT('',(149.00300598144,69.998001098633,
    6.349999427795));
#2325 = LINE('',#2326,#2327);
#2326 = CARTESIAN_POINT('',(151.00300598144,46.501998901367,
    6.349999427795));
#2327 = VECTOR('',#2328,1.);
#2328 = DIRECTION('',(-8.481415515785E-02,0.996396787974,0.));
#2329 = ORIENTED_EDGE('',*,*,#2330,.T.);
#2330 = EDGE_CURVE('',#2323,#2315,#2331,.T.);
#2331 = LINE('',#2332,#2333);
#2332 = CARTESIAN_POINT('',(149.00300598144,69.998001098633,
    6.349999427795));
#2333 = VECTOR('',#2334,1.);
#2334 = DIRECTION('',(-1.,0.,0.));
#2335 = PLANE('',#2336);
#2336 = AXIS2_PLACEMENT_3D('',#2337,#2338,#2339);
#2337 = CARTESIAN_POINT('',(141.13513944486,61.662794422729,
    6.349999427795));
#2338 = DIRECTION('',(0.,0.,1.));
#2339 = DIRECTION('',(1.,0.,-0.));
#2340 = ADVANCED_FACE('',(#2341),#2358,.T.);
#2341 = FACE_BOUND('',#2342,.T.);
#2342 = EDGE_LOOP('',(#2343,#2351,#2352));
#2343 = ORIENTED_EDGE('',*,*,#2344,.T.);
#2344 = EDGE_CURVE('',#2345,#2293,#2347,.T.);
#2345 = VERTEX_POINT('',#2346);
#2346 = CARTESIAN_POINT('',(115.00199890136,65.477996826172,
    6.349999427795));
#2347 = LINE('',#2348,#2349);
#2348 = CARTESIAN_POINT('',(115.00199890136,65.477996826172,
    6.349999427795));
#2349 = VECTOR('',#2350,1.);
#2350 = DIRECTION('',(0.884633480458,-0.466287041694,0.));
#2351 = ORIENTED_EDGE('',*,*,#2314,.F.);
#2352 = ORIENTED_EDGE('',*,*,#2353,.F.);
#2353 = EDGE_CURVE('',#2345,#2315,#2354,.T.);
#2354 = LINE('',#2355,#2356);
#2355 = CARTESIAN_POINT('',(115.00199890136,65.477996826172,
    6.349999427795));
#2356 = VECTOR('',#2357,1.);
#2357 = DIRECTION('',(0.911176260153,0.412016775064,0.));
#2358 = PLANE('',#2359);
#2359 = AXIS2_PLACEMENT_3D('',#2360,#2361,#2362);
#2360 = CARTESIAN_POINT('',(133.37757477243,58.38970721461,
    6.349999427795));
#2361 = DIRECTION('',(0.,0.,1.));
#2362 = DIRECTION('',(1.,0.,-0.));
#2363 = ADVANCED_FACE('',(#2364),#2386,.T.);
#2364 = FACE_BOUND('',#2365,.T.);
#2365 = EDGE_LOOP('',(#2366,#2372,#2380));
#2366 = ORIENTED_EDGE('',*,*,#2367,.T.);
#2367 = EDGE_CURVE('',#2323,#2195,#2368,.T.);
#2368 = LINE('',#2369,#2370);
#2369 = CARTESIAN_POINT('',(149.00300598144,69.998001098633,
    6.349999427795));
#2370 = VECTOR('',#2371,1.);
#2371 = DIRECTION('',(0.569116133407,0.82225715363,0.));
#2372 = ORIENTED_EDGE('',*,*,#2373,.T.);
#2373 = EDGE_CURVE('',#2195,#2374,#2376,.T.);
#2374 = VERTEX_POINT('',#2375);
#2375 = CARTESIAN_POINT('',(149.00300598144,85.002998352051,
    6.349999427795));
#2376 = LINE('',#2377,#2378);
#2377 = CARTESIAN_POINT('',(167.,96.,6.349999427795));
#2378 = VECTOR('',#2379,1.);
#2379 = DIRECTION('',(-0.8533063334,-0.521409916841,0.));
#2380 = ORIENTED_EDGE('',*,*,#2381,.T.);
#2381 = EDGE_CURVE('',#2374,#2323,#2382,.T.);
#2382 = LINE('',#2383,#2384);
#2383 = CARTESIAN_POINT('',(149.00300598144,85.002998352051,
    6.349999427795));
#2384 = VECTOR('',#2385,1.);
#2385 = DIRECTION('',(0.,-1.,0.));
#2386 = PLANE('',#2387);
#2387 = AXIS2_PLACEMENT_3D('',#2388,#2389,#2390);
#2388 = CARTESIAN_POINT('',(156.0076280359,84.117296222377,
    6.349999427795));
#2389 = DIRECTION('',(0.,0.,1.));
#2390 = DIRECTION('',(1.,0.,-0.));
#2391 = ADVANCED_FACE('',(#2392),#2409,.T.);
#2392 = FACE_BOUND('',#2393,.T.);
#2393 = EDGE_LOOP('',(#2394,#2395,#2403));
#2394 = ORIENTED_EDGE('',*,*,#2373,.F.);
#2395 = ORIENTED_EDGE('',*,*,#2396,.F.);
#2396 = EDGE_CURVE('',#2397,#2195,#2399,.T.);
#2397 = VERTEX_POINT('',#2398);
#2398 = CARTESIAN_POINT('',(124.99800109863,85.002998352051,
    6.349999427795));
#2399 = LINE('',#2400,#2401);
#2400 = CARTESIAN_POINT('',(124.99800109863,85.002998352051,
    6.349999427795));
#2401 = VECTOR('',#2402,1.);
#2402 = DIRECTION('',(0.967392101346,0.253283482,0.));
#2403 = ORIENTED_EDGE('',*,*,#2404,.T.);
#2404 = EDGE_CURVE('',#2397,#2374,#2405,.T.);
#2405 = LINE('',#2406,#2407);
#2406 = CARTESIAN_POINT('',(124.99800109863,85.002998352051,
    6.349999427795));
#2407 = VECTOR('',#2408,1.);
#2408 = DIRECTION('',(1.,0.,0.));
#2409 = PLANE('',#2410);
#2410 = AXIS2_PLACEMENT_3D('',#2411,#2412,#2413);
#2411 = CARTESIAN_POINT('',(146.41853523154,89.010299529582,
    6.349999427795));
#2412 = DIRECTION('',(0.,0.,1.));
#2413 = DIRECTION('',(1.,0.,-0.));
#2414 = ADVANCED_FACE('',(#2415),#2437,.T.);
#2415 = FACE_BOUND('',#2416,.T.);
#2416 = EDGE_LOOP('',(#2417,#2425,#2431));
#2417 = ORIENTED_EDGE('',*,*,#2418,.T.);
#2418 = EDGE_CURVE('',#2419,#2315,#2421,.T.);
#2419 = VERTEX_POINT('',#2420);
#2420 = CARTESIAN_POINT('',(115.00199890136,85.002998352051,
    6.349999427795));
#2421 = LINE('',#2422,#2423);
#2422 = CARTESIAN_POINT('',(115.00199890136,85.002998352051,
    6.349999427795));
#2423 = VECTOR('',#2424,1.);
#2424 = DIRECTION('',(0.554418732476,-0.832237868088,0.));
#2425 = ORIENTED_EDGE('',*,*,#2426,.T.);
#2426 = EDGE_CURVE('',#2315,#2397,#2427,.T.);
#2427 = LINE('',#2428,#2429);
#2428 = CARTESIAN_POINT('',(124.99800109863,69.998001098633,
    6.349999427795));
#2429 = VECTOR('',#2430,1.);
#2430 = DIRECTION('',(0.,1.,0.));
#2431 = ORIENTED_EDGE('',*,*,#2432,.T.);
#2432 = EDGE_CURVE('',#2397,#2419,#2433,.T.);
#2433 = LINE('',#2434,#2435);
#2434 = CARTESIAN_POINT('',(124.99800109863,85.002998352051,
    6.349999427795));
#2435 = VECTOR('',#2436,1.);
#2436 = DIRECTION('',(-1.,0.,0.));
#2437 = PLANE('',#2438);
#2438 = AXIS2_PLACEMENT_3D('',#2439,#2440,#2441);
#2439 = CARTESIAN_POINT('',(121.74282541444,79.243325139791,
    6.349999427795));
#2440 = DIRECTION('',(0.,0.,1.));
#2441 = DIRECTION('',(1.,0.,-0.));
#2442 = ADVANCED_FACE('',(#2443),#2453,.T.);
#2443 = FACE_BOUND('',#2444,.T.);
#2444 = EDGE_LOOP('',(#2445,#2446,#2452));
#2445 = ORIENTED_EDGE('',*,*,#2396,.T.);
#2446 = ORIENTED_EDGE('',*,*,#2447,.T.);
#2447 = EDGE_CURVE('',#2195,#2419,#2448,.T.);
#2448 = LINE('',#2449,#2450);
#2449 = CARTESIAN_POINT('',(167.,96.,6.349999427795));
#2450 = VECTOR('',#2451,1.);
#2451 = DIRECTION('',(-0.978359513899,-0.206912207379,0.));
#2452 = ORIENTED_EDGE('',*,*,#2432,.F.);
#2453 = PLANE('',#2454);
#2454 = AXIS2_PLACEMENT_3D('',#2455,#2456,#2457);
#2455 = CARTESIAN_POINT('',(141.06740197068,89.985714284227,
    6.349999427795));
#2456 = DIRECTION('',(0.,0.,1.));
#2457 = DIRECTION('',(1.,0.,-0.));
#2458 = ADVANCED_FACE('',(#2459),#2469,.T.);
#2459 = FACE_BOUND('',#2460,.T.);
#2460 = EDGE_LOOP('',(#2461,#2462,#2468));
#2461 = ORIENTED_EDGE('',*,*,#2418,.F.);
#2462 = ORIENTED_EDGE('',*,*,#2463,.T.);
#2463 = EDGE_CURVE('',#2419,#2345,#2464,.T.);
#2464 = LINE('',#2465,#2466);
#2465 = CARTESIAN_POINT('',(115.00199890136,85.002998352051,
    6.349999427795));
#2466 = VECTOR('',#2467,1.);
#2467 = DIRECTION('',(0.,-1.,0.));
#2468 = ORIENTED_EDGE('',*,*,#2353,.T.);
#2469 = PLANE('',#2470);
#2470 = AXIS2_PLACEMENT_3D('',#2471,#2472,#2473);
#2471 = CARTESIAN_POINT('',(117.98896024801,74.384064421544,
    6.349999427795));
#2472 = DIRECTION('',(0.,0.,1.));
#2473 = DIRECTION('',(1.,0.,-0.));
#2474 = ADVANCED_FACE('',(#2475),#2492,.T.);
#2475 = FACE_BOUND('',#2476,.T.);
#2476 = EDGE_LOOP('',(#2477,#2478,#2486));
#2477 = ORIENTED_EDGE('',*,*,#2463,.F.);
#2478 = ORIENTED_EDGE('',*,*,#2479,.F.);
#2479 = EDGE_CURVE('',#2480,#2419,#2482,.T.);
#2480 = VERTEX_POINT('',#2481);
#2481 = CARTESIAN_POINT('',(115.00199890136,85.002998352051,
    -7.629394644937E-07));
#2482 = LINE('',#2483,#2484);
#2483 = CARTESIAN_POINT('',(115.00199890136,85.002998352051,
    -7.629394644937E-07));
#2484 = VECTOR('',#2485,1.);
#2485 = DIRECTION('',(0.,0.,1.));
#2486 = ORIENTED_EDGE('',*,*,#2487,.F.);
#2487 = EDGE_CURVE('',#2345,#2480,#2488,.T.);
#2488 = LINE('',#2489,#2490);
#2489 = CARTESIAN_POINT('',(115.00199890136,65.477996826172,
    6.349999427795));
#2490 = VECTOR('',#2491,1.);
#2491 = DIRECTION('',(0.,0.950971416718,-0.309278781338));
#2492 = PLANE('',#2493);
#2493 = AXIS2_PLACEMENT_3D('',#2494,#2495,#2496);
#2494 = CARTESIAN_POINT('',(115.00199890136,76.576338347523,
    4.51084009084));
#2495 = DIRECTION('',(-1.,-0.,-0.));
#2496 = DIRECTION('',(0.,0.,-1.));
#2497 = ADVANCED_FACE('',(#2498),#2520,.T.);
#2498 = FACE_BOUND('',#2499,.T.);
#2499 = EDGE_LOOP('',(#2500,#2508,#2514));
#2500 = ORIENTED_EDGE('',*,*,#2501,.T.);
#2501 = EDGE_CURVE('',#2480,#2502,#2504,.T.);
#2502 = VERTEX_POINT('',#2503);
#2503 = CARTESIAN_POINT('',(112.89299774169,85.002998352051,
    6.349999427795));
#2504 = LINE('',#2505,#2506);
#2505 = CARTESIAN_POINT('',(115.00199890136,85.002998352051,
    -7.629394644937E-07));
#2506 = VECTOR('',#2507,1.);
#2507 = DIRECTION('',(-0.315196501139,0.,0.949026430438));
#2508 = ORIENTED_EDGE('',*,*,#2509,.T.);
#2509 = EDGE_CURVE('',#2502,#2127,#2510,.T.);
#2510 = LINE('',#2511,#2512);
#2511 = CARTESIAN_POINT('',(112.89299774169,85.002998352051,
    6.349999427795));
#2512 = VECTOR('',#2513,1.);
#2513 = DIRECTION('',(0.,0.,-1.));
#2514 = ORIENTED_EDGE('',*,*,#2515,.T.);
#2515 = EDGE_CURVE('',#2127,#2480,#2516,.T.);
#2516 = LINE('',#2517,#2518);
#2517 = CARTESIAN_POINT('',(112.89299774169,85.002998352051,
    -7.629394644937E-07));
#2518 = VECTOR('',#2519,1.);
#2519 = DIRECTION('',(1.,0.,0.));
#2520 = PLANE('',#2521);
#2521 = AXIS2_PLACEMENT_3D('',#2522,#2523,#2524);
#2522 = CARTESIAN_POINT('',(113.50551493411,85.002998352051,
    2.733015945007));
#2523 = DIRECTION('',(-0.,-1.,-0.));
#2524 = DIRECTION('',(0.,0.,-1.));
#2525 = ADVANCED_FACE('',(#2526),#2536,.T.);
#2526 = FACE_BOUND('',#2527,.T.);
#2527 = EDGE_LOOP('',(#2528,#2534,#2535));
#2528 = ORIENTED_EDGE('',*,*,#2529,.T.);
#2529 = EDGE_CURVE('',#2419,#2502,#2530,.T.);
#2530 = LINE('',#2531,#2532);
#2531 = CARTESIAN_POINT('',(115.00199890136,85.002998352051,
    6.349999427795));
#2532 = VECTOR('',#2533,1.);
#2533 = DIRECTION('',(-1.,0.,0.));
#2534 = ORIENTED_EDGE('',*,*,#2501,.F.);
#2535 = ORIENTED_EDGE('',*,*,#2479,.T.);
#2536 = PLANE('',#2537);
#2537 = AXIS2_PLACEMENT_3D('',#2538,#2539,#2540);
#2538 = CARTESIAN_POINT('',(114.38948170895,85.002998352051,
    3.616982719849));
#2539 = DIRECTION('',(-0.,-1.,-0.));
#2540 = DIRECTION('',(0.,0.,-1.));
#2541 = ADVANCED_FACE('',(#2542),#2557,.T.);
#2542 = FACE_BOUND('',#2543,.T.);
#2543 = EDGE_LOOP('',(#2544,#2550,#2556));
#2544 = ORIENTED_EDGE('',*,*,#2545,.T.);
#2545 = EDGE_CURVE('',#2480,#2059,#2546,.T.);
#2546 = LINE('',#2547,#2548);
#2547 = CARTESIAN_POINT('',(115.00199890136,85.002998352051,
    -7.629394644937E-07));
#2548 = VECTOR('',#2549,1.);
#2549 = DIRECTION('',(0.,-1.,0.));
#2550 = ORIENTED_EDGE('',*,*,#2551,.T.);
#2551 = EDGE_CURVE('',#2059,#2345,#2552,.T.);
#2552 = LINE('',#2553,#2554);
#2553 = CARTESIAN_POINT('',(115.00199890136,65.477996826172,
    -7.629394644937E-07));
#2554 = VECTOR('',#2555,1.);
#2555 = DIRECTION('',(0.,0.,1.));
#2556 = ORIENTED_EDGE('',*,*,#2487,.T.);
#2557 = PLANE('',#2558);
#2558 = AXIS2_PLACEMENT_3D('',#2559,#2560,#2561);
#2559 = CARTESIAN_POINT('',(115.00199890136,73.9046568307,1.839158574016
    ));
#2560 = DIRECTION('',(-1.,-0.,-0.));
#2561 = DIRECTION('',(0.,0.,-1.));
#2562 = ADVANCED_FACE('',(#2563),#2580,.T.);
#2563 = FACE_BOUND('',#2564,.T.);
#2564 = EDGE_LOOP('',(#2565,#2566,#2574));
#2565 = ORIENTED_EDGE('',*,*,#2381,.F.);
#2566 = ORIENTED_EDGE('',*,*,#2567,.F.);
#2567 = EDGE_CURVE('',#2568,#2374,#2570,.T.);
#2568 = VERTEX_POINT('',#2569);
#2569 = CARTESIAN_POINT('',(149.00300598144,69.998001098633,
    -7.629394644937E-07));
#2570 = LINE('',#2571,#2572);
#2571 = CARTESIAN_POINT('',(149.00300598144,69.998001098633,
    -7.629394644937E-07));
#2572 = VECTOR('',#2573,1.);
#2573 = DIRECTION('',(0.,0.920929098243,0.389730157942));
#2574 = ORIENTED_EDGE('',*,*,#2575,.T.);
#2575 = EDGE_CURVE('',#2568,#2323,#2576,.T.);
#2576 = LINE('',#2577,#2578);
#2577 = CARTESIAN_POINT('',(149.00300598144,69.998001098633,
    -7.629394644937E-07));
#2578 = VECTOR('',#2579,1.);
#2579 = DIRECTION('',(0.,0.,1.));
#2580 = PLANE('',#2581);
#2581 = AXIS2_PLACEMENT_3D('',#2582,#2583,#2584);
#2582 = CARTESIAN_POINT('',(149.00300598144,76.235081656052,
    4.440417401718));
#2583 = DIRECTION('',(-1.,-0.,-0.));
#2584 = DIRECTION('',(0.,0.,-1.));
#2585 = ADVANCED_FACE('',(#2586),#2603,.T.);
#2586 = FACE_BOUND('',#2587,.T.);
#2587 = EDGE_LOOP('',(#2588,#2589,#2597));
#2588 = ORIENTED_EDGE('',*,*,#2567,.T.);
#2589 = ORIENTED_EDGE('',*,*,#2590,.T.);
#2590 = EDGE_CURVE('',#2374,#2591,#2593,.T.);
#2591 = VERTEX_POINT('',#2592);
#2592 = CARTESIAN_POINT('',(149.00300598144,85.002998352051,
    -7.629394644937E-07));
#2593 = LINE('',#2594,#2595);
#2594 = CARTESIAN_POINT('',(149.00300598144,85.002998352051,
    6.349999427795));
#2595 = VECTOR('',#2596,1.);
#2596 = DIRECTION('',(0.,0.,-1.));
#2597 = ORIENTED_EDGE('',*,*,#2598,.T.);
#2598 = EDGE_CURVE('',#2591,#2568,#2599,.T.);
#2599 = LINE('',#2600,#2601);
#2600 = CARTESIAN_POINT('',(149.00300598144,85.002998352051,
    -7.629394644937E-07));
#2601 = VECTOR('',#2602,1.);
#2602 = DIRECTION('',(0.,-1.,0.));
#2603 = PLANE('',#2604);
#2604 = AXIS2_PLACEMENT_3D('',#2605,#2606,#2607);
#2605 = CARTESIAN_POINT('',(149.00300598144,78.765917794631,
    1.909581263138));
#2606 = DIRECTION('',(-1.,-0.,-0.));
#2607 = DIRECTION('',(0.,0.,-1.));
#2608 = ADVANCED_FACE('',(#2609),#2626,.T.);
#2609 = FACE_BOUND('',#2610,.T.);
#2610 = EDGE_LOOP('',(#2611,#2619,#2625));
#2611 = ORIENTED_EDGE('',*,*,#2612,.T.);
#2612 = EDGE_CURVE('',#2315,#2613,#2615,.T.);
#2613 = VERTEX_POINT('',#2614);
#2614 = CARTESIAN_POINT('',(124.99800109863,85.002998352051,
    -7.629394644937E-07));
#2615 = LINE('',#2616,#2617);
#2616 = CARTESIAN_POINT('',(124.99800109863,69.998001098633,
    6.349999427795));
#2617 = VECTOR('',#2618,1.);
#2618 = DIRECTION('',(0.,0.920929098243,-0.389730157942));
#2619 = ORIENTED_EDGE('',*,*,#2620,.T.);
#2620 = EDGE_CURVE('',#2613,#2397,#2621,.T.);
#2621 = LINE('',#2622,#2623);
#2622 = CARTESIAN_POINT('',(124.99800109863,85.002998352051,
    -7.629394644937E-07));
#2623 = VECTOR('',#2624,1.);
#2624 = DIRECTION('',(0.,0.,1.));
#2625 = ORIENTED_EDGE('',*,*,#2426,.F.);
#2626 = PLANE('',#2627);
#2627 = AXIS2_PLACEMENT_3D('',#2628,#2629,#2630);
#2628 = CARTESIAN_POINT('',(124.99800109863,78.765917794631,
    4.440417401718));
#2629 = DIRECTION('',(1.,0.,0.));
#2630 = DIRECTION('',(-0.,0.,1.));
#2631 = ADVANCED_FACE('',(#2632),#2649,.T.);
#2632 = FACE_BOUND('',#2633,.T.);
#2633 = EDGE_LOOP('',(#2634,#2642,#2643));
#2634 = ORIENTED_EDGE('',*,*,#2635,.T.);
#2635 = EDGE_CURVE('',#2636,#2613,#2638,.T.);
#2636 = VERTEX_POINT('',#2637);
#2637 = CARTESIAN_POINT('',(124.99800109863,69.998001098633,
    -7.629394644937E-07));
#2638 = LINE('',#2639,#2640);
#2639 = CARTESIAN_POINT('',(124.99800109863,69.998001098633,
    -7.629394644937E-07));
#2640 = VECTOR('',#2641,1.);
#2641 = DIRECTION('',(0.,1.,0.));
#2642 = ORIENTED_EDGE('',*,*,#2612,.F.);
#2643 = ORIENTED_EDGE('',*,*,#2644,.T.);
#2644 = EDGE_CURVE('',#2315,#2636,#2645,.T.);
#2645 = LINE('',#2646,#2647);
#2646 = CARTESIAN_POINT('',(124.99800109863,69.998001098633,
    6.349999427795));
#2647 = VECTOR('',#2648,1.);
#2648 = DIRECTION('',(0.,0.,-1.));
#2649 = PLANE('',#2650);
#2650 = AXIS2_PLACEMENT_3D('',#2651,#2652,#2653);
#2651 = CARTESIAN_POINT('',(124.99800109863,76.235081656052,
    1.909581263138));
#2652 = DIRECTION('',(1.,0.,0.));
#2653 = DIRECTION('',(-0.,0.,1.));
#2654 = ADVANCED_FACE('',(#2655),#2660,.T.);
#2655 = FACE_BOUND('',#2656,.T.);
#2656 = EDGE_LOOP('',(#2657,#2658,#2659));
#2657 = ORIENTED_EDGE('',*,*,#2292,.T.);
#2658 = ORIENTED_EDGE('',*,*,#2367,.F.);
#2659 = ORIENTED_EDGE('',*,*,#2322,.F.);
#2660 = PLANE('',#2661);
#2661 = AXIS2_PLACEMENT_3D('',#2662,#2663,#2664);
#2662 = CARTESIAN_POINT('',(156.72757697354,71.856538989195,
    6.349999427795));
#2663 = DIRECTION('',(0.,0.,1.));
#2664 = DIRECTION('',(1.,0.,-0.));
#2665 = ADVANCED_FACE('',(#2666),#2683,.T.);
#2666 = FACE_BOUND('',#2667,.T.);
#2667 = EDGE_LOOP('',(#2668,#2676,#2682));
#2668 = ORIENTED_EDGE('',*,*,#2669,.T.);
#2669 = EDGE_CURVE('',#2293,#2670,#2672,.T.);
#2670 = VERTEX_POINT('',#2671);
#2671 = CARTESIAN_POINT('',(151.00300598144,6.498000144958,
    6.349999427795));
#2672 = LINE('',#2673,#2674);
#2673 = CARTESIAN_POINT('',(151.00300598144,46.501998901367,
    6.349999427795));
#2674 = VECTOR('',#2675,1.);
#2675 = DIRECTION('',(0.,-1.,0.));
#2676 = ORIENTED_EDGE('',*,*,#2677,.T.);
#2677 = EDGE_CURVE('',#2670,#2247,#2678,.T.);
#2678 = LINE('',#2679,#2680);
#2679 = CARTESIAN_POINT('',(151.00300598144,6.498000144958,
    6.349999427795));
#2680 = VECTOR('',#2681,1.);
#2681 = DIRECTION('',(0.596974317707,-0.802260346769,0.));
#2682 = ORIENTED_EDGE('',*,*,#2300,.T.);
#2683 = PLANE('',#2684);
#2684 = AXIS2_PLACEMENT_3D('',#2685,#2686,#2687);
#2685 = CARTESIAN_POINT('',(156.54677455895,14.937903921319,
    6.349999427795));
#2686 = DIRECTION('',(0.,0.,1.));
#2687 = DIRECTION('',(1.,0.,-0.));
#2688 = ADVANCED_FACE('',(#2689),#2704,.T.);
#2689 = FACE_BOUND('',#2690,.T.);
#2690 = EDGE_LOOP('',(#2691,#2692,#2698));
#2691 = ORIENTED_EDGE('',*,*,#2268,.F.);
#2692 = ORIENTED_EDGE('',*,*,#2693,.T.);
#2693 = EDGE_CURVE('',#2247,#32,#2694,.T.);
#2694 = LINE('',#2695,#2696);
#2695 = CARTESIAN_POINT('',(167.,-15.,6.349999427795));
#2696 = VECTOR('',#2697,1.);
#2697 = DIRECTION('',(-1.,0.,0.));
#2698 = ORIENTED_EDGE('',*,*,#2699,.F.);
#2699 = EDGE_CURVE('',#2269,#32,#2700,.T.);
#2700 = LINE('',#2701,#2702);
#2701 = CARTESIAN_POINT('',(167.,-15.,-7.629394076503E-07));
#2702 = VECTOR('',#2703,1.);
#2703 = DIRECTION('',(-0.998712130843,0.,5.073538909107E-02));
#2704 = PLANE('',#2705);
#2705 = AXIS2_PLACEMENT_3D('',#2706,#2707,#2708);
#2706 = CARTESIAN_POINT('',(106.04820233332,-15.,4.722202215073));
#2707 = DIRECTION('',(-0.,-1.,-0.));
#2708 = DIRECTION('',(0.,0.,-1.));
#2709 = ADVANCED_FACE('',(#2710),#2725,.T.);
#2710 = FACE_BOUND('',#2711,.T.);
#2711 = EDGE_LOOP('',(#2712,#2718,#2724));
#2712 = ORIENTED_EDGE('',*,*,#2713,.T.);
#2713 = EDGE_CURVE('',#32,#1757,#2714,.T.);
#2714 = LINE('',#2715,#2716);
#2715 = CARTESIAN_POINT('',(42.001998901367,-15.,6.349999427795));
#2716 = VECTOR('',#2717,1.);
#2717 = DIRECTION('',(0.,0.,-1.));
#2718 = ORIENTED_EDGE('',*,*,#2719,.T.);
#2719 = EDGE_CURVE('',#1757,#2269,#2720,.T.);
#2720 = LINE('',#2721,#2722);
#2721 = CARTESIAN_POINT('',(42.001998901367,-15.,-7.629394076503E-07));
#2722 = VECTOR('',#2723,1.);
#2723 = DIRECTION('',(1.,0.,0.));
#2724 = ORIENTED_EDGE('',*,*,#2699,.T.);
#2725 = PLANE('',#2726);
#2726 = AXIS2_PLACEMENT_3D('',#2727,#2728,#2729);
#2727 = CARTESIAN_POINT('',(102.95379656803,-15.,1.627796449783));
#2728 = DIRECTION('',(-0.,-1.,-0.));
#2729 = DIRECTION('',(0.,0.,-1.));
#2730 = ADVANCED_FACE('',(#2731),#2746,.T.);
#2731 = FACE_BOUND('',#2732,.T.);
#2732 = EDGE_LOOP('',(#2733,#2739,#2740));
#2733 = ORIENTED_EDGE('',*,*,#2734,.T.);
#2734 = EDGE_CURVE('',#2591,#2397,#2735,.T.);
#2735 = LINE('',#2736,#2737);
#2736 = CARTESIAN_POINT('',(149.00300598144,85.002998352051,
    -7.629394644937E-07));
#2737 = VECTOR('',#2738,1.);
#2738 = DIRECTION('',(-0.966747712125,0.,0.255732010318));
#2739 = ORIENTED_EDGE('',*,*,#2620,.F.);
#2740 = ORIENTED_EDGE('',*,*,#2741,.T.);
#2741 = EDGE_CURVE('',#2613,#2591,#2742,.T.);
#2742 = LINE('',#2743,#2744);
#2743 = CARTESIAN_POINT('',(124.99800109863,85.002998352051,
    -7.629394644937E-07));
#2744 = VECTOR('',#2745,1.);
#2745 = DIRECTION('',(1.,0.,0.));
#2746 = PLANE('',#2747);
#2747 = AXIS2_PLACEMENT_3D('',#2748,#2749,#2750);
#2748 = CARTESIAN_POINT('',(135.61942273772,85.002998352051,
    1.793918530117));
#2749 = DIRECTION('',(-0.,-1.,-0.));
#2750 = DIRECTION('',(0.,0.,-1.));
#2751 = ADVANCED_FACE('',(#2752),#2757,.T.);
#2752 = FACE_BOUND('',#2753,.T.);
#2753 = EDGE_LOOP('',(#2754,#2755,#2756));
#2754 = ORIENTED_EDGE('',*,*,#2404,.F.);
#2755 = ORIENTED_EDGE('',*,*,#2734,.F.);
#2756 = ORIENTED_EDGE('',*,*,#2590,.F.);
#2757 = PLANE('',#2758);
#2758 = AXIS2_PLACEMENT_3D('',#2759,#2760,#2761);
#2759 = CARTESIAN_POINT('',(138.38158434235,85.002998352051,
    4.556080134739));
#2760 = DIRECTION('',(-0.,-1.,-0.));
#2761 = DIRECTION('',(0.,0.,-1.));
#2762 = ADVANCED_FACE('',(#2763),#2773,.T.);
#2763 = FACE_BOUND('',#2764,.T.);
#2764 = EDGE_LOOP('',(#2765,#2771,#2772));
#2765 = ORIENTED_EDGE('',*,*,#2766,.T.);
#2766 = EDGE_CURVE('',#2323,#2636,#2767,.T.);
#2767 = LINE('',#2768,#2769);
#2768 = CARTESIAN_POINT('',(149.00300598144,69.998001098633,
    6.349999427795));
#2769 = VECTOR('',#2770,1.);
#2770 = DIRECTION('',(-0.966747712125,0.,-0.255732010318));
#2771 = ORIENTED_EDGE('',*,*,#2644,.F.);
#2772 = ORIENTED_EDGE('',*,*,#2330,.F.);
#2773 = PLANE('',#2774);
#2774 = AXIS2_PLACEMENT_3D('',#2775,#2776,#2777);
#2775 = CARTESIAN_POINT('',(135.61942273772,69.998001098633,
    4.556080134739));
#2776 = DIRECTION('',(0.,1.,0.));
#2777 = DIRECTION('',(0.,-0.,1.));
#2778 = ADVANCED_FACE('',(#2779),#2789,.T.);
#2779 = FACE_BOUND('',#2780,.T.);
#2780 = EDGE_LOOP('',(#2781,#2787,#2788));
#2781 = ORIENTED_EDGE('',*,*,#2782,.T.);
#2782 = EDGE_CURVE('',#2568,#2636,#2783,.T.);
#2783 = LINE('',#2784,#2785);
#2784 = CARTESIAN_POINT('',(149.00300598144,69.998001098633,
    -7.629394644937E-07));
#2785 = VECTOR('',#2786,1.);
#2786 = DIRECTION('',(-1.,0.,0.));
#2787 = ORIENTED_EDGE('',*,*,#2766,.F.);
#2788 = ORIENTED_EDGE('',*,*,#2575,.F.);
#2789 = PLANE('',#2790);
#2790 = AXIS2_PLACEMENT_3D('',#2791,#2792,#2793);
#2791 = CARTESIAN_POINT('',(138.38158434235,69.998001098633,
    1.793918530117));
#2792 = DIRECTION('',(0.,1.,0.));
#2793 = DIRECTION('',(0.,-0.,1.));
#2794 = ADVANCED_FACE('',(#2795),#2805,.T.);
#2795 = FACE_BOUND('',#2796,.T.);
#2796 = EDGE_LOOP('',(#2797,#2798,#2799));
#2797 = ORIENTED_EDGE('',*,*,#2172,.T.);
#2798 = ORIENTED_EDGE('',*,*,#2509,.F.);
#2799 = ORIENTED_EDGE('',*,*,#2800,.F.);
#2800 = EDGE_CURVE('',#2173,#2502,#2801,.T.);
#2801 = LINE('',#2802,#2803);
#2802 = CARTESIAN_POINT('',(112.89299774169,65.477996826172,
    6.349999427795));
#2803 = VECTOR('',#2804,1.);
#2804 = DIRECTION('',(0.,1.,0.));
#2805 = PLANE('',#2806);
#2806 = AXIS2_PLACEMENT_3D('',#2807,#2808,#2809);
#2807 = CARTESIAN_POINT('',(112.89299774169,76.576338347523,
    4.51084009084));
#2808 = DIRECTION('',(1.,0.,0.));
#2809 = DIRECTION('',(-0.,0.,1.));
#2810 = ADVANCED_FACE('',(#2811),#2828,.T.);
#2811 = FACE_BOUND('',#2812,.T.);
#2812 = EDGE_LOOP('',(#2813,#2821,#2822));
#2813 = ORIENTED_EDGE('',*,*,#2814,.T.);
#2814 = EDGE_CURVE('',#2815,#2173,#2817,.T.);
#2815 = VERTEX_POINT('',#2816);
#2816 = CARTESIAN_POINT('',(108.51599884033,85.002998352051,
    6.349999427795));
#2817 = LINE('',#2818,#2819);
#2818 = CARTESIAN_POINT('',(108.51599884033,85.002998352051,
    6.349999427795));
#2819 = VECTOR('',#2820,1.);
#2820 = DIRECTION('',(0.218745026219,-0.975782052256,0.));
#2821 = ORIENTED_EDGE('',*,*,#2800,.T.);
#2822 = ORIENTED_EDGE('',*,*,#2823,.T.);
#2823 = EDGE_CURVE('',#2502,#2815,#2824,.T.);
#2824 = LINE('',#2825,#2826);
#2825 = CARTESIAN_POINT('',(112.89299774169,85.002998352051,
    6.349999427795));
#2826 = VECTOR('',#2827,1.);
#2827 = DIRECTION('',(-1.,0.,0.));
#2828 = PLANE('',#2829);
#2829 = AXIS2_PLACEMENT_3D('',#2830,#2831,#2832);
#2830 = CARTESIAN_POINT('',(111.67760019816,76.213599496258,
    6.349999427795));
#2831 = DIRECTION('',(0.,0.,1.));
#2832 = DIRECTION('',(1.,0.,-0.));
#2833 = ADVANCED_FACE('',(#2834),#2851,.T.);
#2834 = FACE_BOUND('',#2835,.T.);
#2835 = EDGE_LOOP('',(#2836,#2844,#2845));
#2836 = ORIENTED_EDGE('',*,*,#2837,.T.);
#2837 = EDGE_CURVE('',#2838,#2173,#2840,.T.);
#2838 = VERTEX_POINT('',#2839);
#2839 = CARTESIAN_POINT('',(108.51599884033,65.477996826172,
    6.349999427795));
#2840 = LINE('',#2841,#2842);
#2841 = CARTESIAN_POINT('',(108.51599884033,65.477996826172,
    6.349999427795));
#2842 = VECTOR('',#2843,1.);
#2843 = DIRECTION('',(1.,0.,0.));
#2844 = ORIENTED_EDGE('',*,*,#2814,.F.);
#2845 = ORIENTED_EDGE('',*,*,#2846,.T.);
#2846 = EDGE_CURVE('',#2815,#2838,#2847,.T.);
#2847 = LINE('',#2848,#2849);
#2848 = CARTESIAN_POINT('',(108.51599884033,85.002998352051,
    6.349999427795));
#2849 = VECTOR('',#2850,1.);
#2850 = DIRECTION('',(0.,-1.,0.));
#2851 = PLANE('',#2852);
#2852 = AXIS2_PLACEMENT_3D('',#2853,#2854,#2855);
#2853 = CARTESIAN_POINT('',(109.73139638386,74.267395681965,
    6.349999427795));
#2854 = DIRECTION('',(0.,0.,1.));
#2855 = DIRECTION('',(1.,0.,-0.));
#2856 = ADVANCED_FACE('',(#2857),#2867,.T.);
#2857 = FACE_BOUND('',#2858,.T.);
#2858 = EDGE_LOOP('',(#2859,#2865,#2866));
#2859 = ORIENTED_EDGE('',*,*,#2860,.T.);
#2860 = EDGE_CURVE('',#77,#2269,#2861,.T.);
#2861 = LINE('',#2862,#2863);
#2862 = CARTESIAN_POINT('',(107.38999938964,-5.002999782562,
    -7.629394076503E-07));
#2863 = VECTOR('',#2864,1.);
#2864 = DIRECTION('',(0.986227077716,-0.165396950334,0.));
#2865 = ORIENTED_EDGE('',*,*,#2719,.F.);
#2866 = ORIENTED_EDGE('',*,*,#1922,.T.);
#2867 = PLANE('',#2868);
#2868 = AXIS2_PLACEMENT_3D('',#2869,#2870,#2871);
#2869 = CARTESIAN_POINT('',(104.51916848986,-12.48493258344,
    -7.629394076503E-07));
#2870 = DIRECTION('',(-0.,-0.,-1.));
#2871 = DIRECTION('',(-1.,0.,0.));
#2872 = ADVANCED_FACE('',(#2873),#2888,.T.);
#2873 = FACE_BOUND('',#2874,.T.);
#2874 = EDGE_LOOP('',(#2875,#2876,#2882));
#2875 = ORIENTED_EDGE('',*,*,#2598,.F.);
#2876 = ORIENTED_EDGE('',*,*,#2877,.T.);
#2877 = EDGE_CURVE('',#2591,#2223,#2878,.T.);
#2878 = LINE('',#2879,#2880);
#2879 = CARTESIAN_POINT('',(149.00300598144,85.002998352051,
    -7.629394644937E-07));
#2880 = VECTOR('',#2881,1.);
#2881 = DIRECTION('',(0.8533063334,0.521409916841,0.));
#2882 = ORIENTED_EDGE('',*,*,#2883,.T.);
#2883 = EDGE_CURVE('',#2223,#2568,#2884,.T.);
#2884 = LINE('',#2885,#2886);
#2885 = CARTESIAN_POINT('',(167.,96.,-7.629394644937E-07));
#2886 = VECTOR('',#2887,1.);
#2887 = DIRECTION('',(-0.569116133407,-0.82225715363,0.));
#2888 = PLANE('',#2889);
#2889 = AXIS2_PLACEMENT_3D('',#2890,#2891,#2892);
#2890 = CARTESIAN_POINT('',(156.0076280359,84.117296222377,
    -7.629394644937E-07));
#2891 = DIRECTION('',(-0.,-0.,-1.));
#2892 = DIRECTION('',(-1.,0.,0.));
#2893 = ADVANCED_FACE('',(#2894),#2909,.T.);
#2894 = FACE_BOUND('',#2895,.T.);
#2895 = EDGE_LOOP('',(#2896,#2897,#2903));
#2896 = ORIENTED_EDGE('',*,*,#2276,.F.);
#2897 = ORIENTED_EDGE('',*,*,#2898,.T.);
#2898 = EDGE_CURVE('',#2269,#1991,#2899,.T.);
#2899 = LINE('',#2900,#2901);
#2900 = CARTESIAN_POINT('',(167.,-15.,-7.629394076503E-07));
#2901 = VECTOR('',#2902,1.);
#2902 = DIRECTION('',(-0.251729279435,0.967797690571,-8.944901056939E-16
    ));
#2903 = ORIENTED_EDGE('',*,*,#2904,.T.);
#2904 = EDGE_CURVE('',#1991,#2223,#2905,.T.);
#2905 = LINE('',#2906,#2907);
#2906 = CARTESIAN_POINT('',(151.00300598144,46.501998901367,
    -7.629394644937E-07));
#2907 = VECTOR('',#2908,1.);
#2908 = DIRECTION('',(0.30752329743,0.951540551704,0.));
#2909 = PLANE('',#2910);
#2910 = AXIS2_PLACEMENT_3D('',#2911,#2912,#2913);
#2911 = CARTESIAN_POINT('',(162.92013347678,40.618599286566,
    -7.629394425975E-07));
#2912 = DIRECTION('',(1.584551980338E-15,-5.121028726199E-16,-1.));
#2913 = DIRECTION('',(-1.,0.,-1.584551980338E-15));
#2914 = ADVANCED_FACE('',(#2915),#2925,.T.);
#2915 = FACE_BOUND('',#2916,.T.);
#2916 = EDGE_LOOP('',(#2917,#2923,#2924));
#2917 = ORIENTED_EDGE('',*,*,#2918,.T.);
#2918 = EDGE_CURVE('',#1588,#231,#2919,.T.);
#2919 = LINE('',#2920,#2921);
#2920 = CARTESIAN_POINT('',(102.02899932861,85.002998352051,
    6.349999427795));
#2921 = VECTOR('',#2922,1.);
#2922 = DIRECTION('',(-0.98362965136,0.180201856165,0.));
#2923 = ORIENTED_EDGE('',*,*,#851,.F.);
#2924 = ORIENTED_EDGE('',*,*,#1587,.F.);
#2925 = PLANE('',#2926);
#2926 = AXIS2_PLACEMENT_3D('',#2927,#2928,#2929);
#2927 = CARTESIAN_POINT('',(72.006557203631,90.406470517781,
    6.349999427795));
#2928 = DIRECTION('',(0.,0.,1.));
#2929 = DIRECTION('',(1.,0.,-0.));
#2930 = ADVANCED_FACE('',(#2931),#2948,.T.);
#2931 = FACE_BOUND('',#2932,.T.);
#2932 = EDGE_LOOP('',(#2933,#2941,#2942));
#2933 = ORIENTED_EDGE('',*,*,#2934,.T.);
#2934 = EDGE_CURVE('',#2935,#231,#2937,.T.);
#2935 = VERTEX_POINT('',#2936);
#2936 = CARTESIAN_POINT('',(106.40599822998,85.002998352051,
    6.349999427795));
#2937 = LINE('',#2938,#2939);
#2938 = CARTESIAN_POINT('',(106.40599822998,85.002998352051,
    6.349999427795));
#2939 = VECTOR('',#2940,1.);
#2940 = DIRECTION('',(-0.985733386322,0.168314262885,0.));
#2941 = ORIENTED_EDGE('',*,*,#2918,.F.);
#2942 = ORIENTED_EDGE('',*,*,#2943,.F.);
#2943 = EDGE_CURVE('',#2935,#1588,#2944,.T.);
#2944 = LINE('',#2945,#2946);
#2945 = CARTESIAN_POINT('',(106.40599822998,85.002998352051,
    6.349999427795));
#2946 = VECTOR('',#2947,1.);
#2947 = DIRECTION('',(-1.,0.,0.));
#2948 = PLANE('',#2949);
#2949 = AXIS2_PLACEMENT_3D('',#2950,#2951,#2952);
#2950 = CARTESIAN_POINT('',(74.187275581715,90.317415573632,
    6.349999427795));
#2951 = DIRECTION('',(0.,0.,1.));
#2952 = DIRECTION('',(1.,0.,-0.));
#2953 = ADVANCED_FACE('',(#2954),#2971,.T.);
#2954 = FACE_BOUND('',#2955,.T.);
#2955 = EDGE_LOOP('',(#2956,#2964,#2970));
#2956 = ORIENTED_EDGE('',*,*,#2957,.T.);
#2957 = EDGE_CURVE('',#1588,#2958,#2960,.T.);
#2958 = VERTEX_POINT('',#2959);
#2959 = CARTESIAN_POINT('',(106.40599822998,65.477996826172,
    6.349999427795));
#2960 = LINE('',#2961,#2962);
#2961 = CARTESIAN_POINT('',(102.02899932861,85.002998352051,
    6.349999427795));
#2962 = VECTOR('',#2963,1.);
#2963 = DIRECTION('',(0.218745026219,-0.975782052256,0.));
#2964 = ORIENTED_EDGE('',*,*,#2965,.T.);
#2965 = EDGE_CURVE('',#2958,#2935,#2966,.T.);
#2966 = LINE('',#2967,#2968);
#2967 = CARTESIAN_POINT('',(106.40599822998,65.477996826172,
    6.349999427795));
#2968 = VECTOR('',#2969,1.);
#2969 = DIRECTION('',(0.,1.,0.));
#2970 = ORIENTED_EDGE('',*,*,#2943,.T.);
#2971 = PLANE('',#2972);
#2972 = AXIS2_PLACEMENT_3D('',#2973,#2974,#2975);
#2973 = CARTESIAN_POINT('',(105.19060068644,76.213599496258,
    6.349999427795));
#2974 = DIRECTION('',(0.,0.,1.));
#2975 = DIRECTION('',(1.,0.,-0.));
#2976 = ADVANCED_FACE('',(#2977),#2994,.T.);
#2977 = FACE_BOUND('',#2978,.T.);
#2978 = EDGE_LOOP('',(#2979,#2987,#2988));
#2979 = ORIENTED_EDGE('',*,*,#2980,.T.);
#2980 = EDGE_CURVE('',#2981,#2958,#2983,.T.);
#2981 = VERTEX_POINT('',#2982);
#2982 = CARTESIAN_POINT('',(102.02899932861,65.477996826172,
    6.349999427795));
#2983 = LINE('',#2984,#2985);
#2984 = CARTESIAN_POINT('',(102.02899932861,65.477996826172,
    6.349999427795));
#2985 = VECTOR('',#2986,1.);
#2986 = DIRECTION('',(1.,0.,0.));
#2987 = ORIENTED_EDGE('',*,*,#2957,.F.);
#2988 = ORIENTED_EDGE('',*,*,#2989,.T.);
#2989 = EDGE_CURVE('',#1588,#2981,#2990,.T.);
#2990 = LINE('',#2991,#2992);
#2991 = CARTESIAN_POINT('',(102.02899932861,85.002998352051,
    6.349999427795));
#2992 = VECTOR('',#2993,1.);
#2993 = DIRECTION('',(0.,-1.,0.));
#2994 = PLANE('',#2995);
#2995 = AXIS2_PLACEMENT_3D('',#2996,#2997,#2998);
#2996 = CARTESIAN_POINT('',(103.24439687215,74.267395681965,
    6.349999427795));
#2997 = DIRECTION('',(0.,0.,1.));
#2998 = DIRECTION('',(1.,0.,-0.));
#2999 = ADVANCED_FACE('',(#3000),#3015,.T.);
#3000 = FACE_BOUND('',#3001,.T.);
#3001 = EDGE_LOOP('',(#3002,#3003,#3009));
#3002 = ORIENTED_EDGE('',*,*,#2823,.F.);
#3003 = ORIENTED_EDGE('',*,*,#3004,.T.);
#3004 = EDGE_CURVE('',#2502,#2195,#3005,.T.);
#3005 = LINE('',#3006,#3007);
#3006 = CARTESIAN_POINT('',(112.89299774169,85.002998352051,
    6.349999427795));
#3007 = VECTOR('',#3008,1.);
#3008 = DIRECTION('',(0.979964288198,0.199173275961,0.));
#3009 = ORIENTED_EDGE('',*,*,#3010,.F.);
#3010 = EDGE_CURVE('',#2815,#2195,#3011,.T.);
#3011 = LINE('',#3012,#3013);
#3012 = CARTESIAN_POINT('',(108.51599884033,85.002998352051,
    6.349999427795));
#3013 = VECTOR('',#3014,1.);
#3014 = DIRECTION('',(0.98277693353,0.184795830369,0.));
#3015 = PLANE('',#3016);
#3016 = AXIS2_PLACEMENT_3D('',#3017,#3018,#3019);
#3017 = CARTESIAN_POINT('',(137.7783270023,90.299424442325,
    6.349999427795));
#3018 = DIRECTION('',(0.,0.,1.));
#3019 = DIRECTION('',(1.,0.,-0.));
#3020 = ADVANCED_FACE('',(#3021),#3041,.T.);
#3021 = FACE_BOUND('',#3022,.T.);
#3022 = EDGE_LOOP('',(#3023,#3029,#3035));
#3023 = ORIENTED_EDGE('',*,*,#3024,.T.);
#3024 = EDGE_CURVE('',#2150,#2935,#3025,.T.);
#3025 = LINE('',#3026,#3027);
#3026 = CARTESIAN_POINT('',(108.51599884033,85.002998352051,
    -7.629394644937E-07));
#3027 = VECTOR('',#3028,1.);
#3028 = DIRECTION('',(-0.315331022694,0.,0.948981741725));
#3029 = ORIENTED_EDGE('',*,*,#3030,.T.);
#3030 = EDGE_CURVE('',#2935,#2083,#3031,.T.);
#3031 = LINE('',#3032,#3033);
#3032 = CARTESIAN_POINT('',(106.40599822998,85.002998352051,
    6.349999427795));
#3033 = VECTOR('',#3034,1.);
#3034 = DIRECTION('',(0.,0.,-1.));
#3035 = ORIENTED_EDGE('',*,*,#3036,.T.);
#3036 = EDGE_CURVE('',#2083,#2150,#3037,.T.);
#3037 = LINE('',#3038,#3039);
#3038 = CARTESIAN_POINT('',(106.40599822998,85.002998352051,
    -7.629394644937E-07));
#3039 = VECTOR('',#3040,1.);
#3040 = DIRECTION('',(1.,0.,0.));
#3041 = PLANE('',#3042);
#3042 = AXIS2_PLACEMENT_3D('',#3043,#3044,#3045);
#3043 = CARTESIAN_POINT('',(107.01884405771,85.002998352051,
    2.732844854982));
#3044 = DIRECTION('',(-0.,-1.,-0.));
#3045 = DIRECTION('',(0.,0.,-1.));
#3046 = ADVANCED_FACE('',(#3047),#3062,.T.);
#3047 = FACE_BOUND('',#3048,.T.);
#3048 = EDGE_LOOP('',(#3049,#3055,#3056));
#3049 = ORIENTED_EDGE('',*,*,#3050,.T.);
#3050 = EDGE_CURVE('',#2815,#2935,#3051,.T.);
#3051 = LINE('',#3052,#3053);
#3052 = CARTESIAN_POINT('',(108.51599884033,85.002998352051,
    6.349999427795));
#3053 = VECTOR('',#3054,1.);
#3054 = DIRECTION('',(-1.,0.,0.));
#3055 = ORIENTED_EDGE('',*,*,#3024,.F.);
#3056 = ORIENTED_EDGE('',*,*,#3057,.T.);
#3057 = EDGE_CURVE('',#2150,#2815,#3058,.T.);
#3058 = LINE('',#3059,#3060);
#3059 = CARTESIAN_POINT('',(108.51599884033,85.002998352051,
    -7.629394644937E-07));
#3060 = VECTOR('',#3061,1.);
#3061 = DIRECTION('',(0.,0.,1.));
#3062 = PLANE('',#3063);
#3063 = AXIS2_PLACEMENT_3D('',#3064,#3065,#3066);
#3064 = CARTESIAN_POINT('',(107.9031530126,85.002998352051,
    3.617153809874));
#3065 = DIRECTION('',(-0.,-1.,-0.));
#3066 = DIRECTION('',(0.,0.,-1.));
#3067 = ADVANCED_FACE('',(#3068),#3078,.T.);
#3068 = FACE_BOUND('',#3069,.T.);
#3069 = EDGE_LOOP('',(#3070,#3071,#3072));
#3070 = ORIENTED_EDGE('',*,*,#3050,.F.);
#3071 = ORIENTED_EDGE('',*,*,#3010,.T.);
#3072 = ORIENTED_EDGE('',*,*,#3073,.T.);
#3073 = EDGE_CURVE('',#2195,#2935,#3074,.T.);
#3074 = LINE('',#3075,#3076);
#3075 = CARTESIAN_POINT('',(167.,96.,6.349999427795));
#3076 = VECTOR('',#3077,1.);
#3077 = DIRECTION('',(-0.983927273313,-0.178569652606,0.));
#3078 = PLANE('',#3079);
#3079 = AXIS2_PLACEMENT_3D('',#3080,#3081,#3082);
#3080 = CARTESIAN_POINT('',(136.71177568425,90.407330497776,
    6.349999427795));
#3081 = DIRECTION('',(0.,0.,1.));
#3082 = DIRECTION('',(1.,0.,-0.));
#3083 = ADVANCED_FACE('',(#3084),#3089,.T.);
#3084 = FACE_BOUND('',#3085,.T.);
#3085 = EDGE_LOOP('',(#3086,#3087,#3088));
#3086 = ORIENTED_EDGE('',*,*,#2529,.F.);
#3087 = ORIENTED_EDGE('',*,*,#2447,.F.);
#3088 = ORIENTED_EDGE('',*,*,#3004,.F.);
#3089 = PLANE('',#3090);
#3090 = AXIS2_PLACEMENT_3D('',#3091,#3092,#3093);
#3091 = CARTESIAN_POINT('',(139.95747770216,90.396526754841,
    6.349999427795));
#3092 = DIRECTION('',(0.,0.,1.));
#3093 = DIRECTION('',(1.,0.,-0.));
#3094 = ADVANCED_FACE('',(#3095),#3100,.T.);
#3095 = FACE_BOUND('',#3096,.T.);
#3096 = EDGE_LOOP('',(#3097,#3098,#3099));
#3097 = ORIENTED_EDGE('',*,*,#2194,.F.);
#3098 = ORIENTED_EDGE('',*,*,#2934,.F.);
#3099 = ORIENTED_EDGE('',*,*,#3073,.F.);
#3100 = PLANE('',#3101);
#3101 = AXIS2_PLACEMENT_3D('',#3102,#3103,#3104);
#3102 = CARTESIAN_POINT('',(104.51542312219,93.229774867308,
    6.349999427795));
#3103 = DIRECTION('',(0.,0.,1.));
#3104 = DIRECTION('',(1.,0.,-0.));
#3105 = ADVANCED_FACE('',(#3106),#3121,.T.);
#3106 = FACE_BOUND('',#3107,.T.);
#3107 = EDGE_LOOP('',(#3108,#3109,#3115));
#3108 = ORIENTED_EDGE('',*,*,#2669,.F.);
#3109 = ORIENTED_EDGE('',*,*,#3110,.F.);
#3110 = EDGE_CURVE('',#87,#2293,#3111,.T.);
#3111 = LINE('',#3112,#3113);
#3112 = CARTESIAN_POINT('',(151.00300598144,6.498000144958,
    -7.629394644937E-07));
#3113 = VECTOR('',#3114,1.);
#3114 = DIRECTION('',(0.,0.98763492023,0.156771376032));
#3115 = ORIENTED_EDGE('',*,*,#3116,.F.);
#3116 = EDGE_CURVE('',#2670,#87,#3117,.T.);
#3117 = LINE('',#3118,#3119);
#3118 = CARTESIAN_POINT('',(151.00300598144,6.498000144958,
    6.349999427795));
#3119 = VECTOR('',#3120,1.);
#3120 = DIRECTION('',(0.,0.,-1.));
#3121 = PLANE('',#3122);
#3122 = AXIS2_PLACEMENT_3D('',#3123,#3124,#3125);
#3123 = CARTESIAN_POINT('',(151.00300598144,25.037710883466,
    4.637287972124));
#3124 = DIRECTION('',(-1.,-0.,-0.));
#3125 = DIRECTION('',(0.,0.,-1.));
#3126 = ADVANCED_FACE('',(#3127),#3147,.T.);
#3127 = FACE_BOUND('',#3128,.T.);
#3128 = EDGE_LOOP('',(#3129,#3135,#3141));
#3129 = ORIENTED_EDGE('',*,*,#3130,.T.);
#3130 = EDGE_CURVE('',#875,#1991,#3131,.T.);
#3131 = LINE('',#3132,#3133);
#3132 = CARTESIAN_POINT('',(54.997001647949,46.501998901367,
    -7.629394644937E-07));
#3133 = VECTOR('',#3134,1.);
#3134 = DIRECTION('',(1.,0.,0.));
#3135 = ORIENTED_EDGE('',*,*,#3136,.T.);
#3136 = EDGE_CURVE('',#1991,#2293,#3137,.T.);
#3137 = LINE('',#3138,#3139);
#3138 = CARTESIAN_POINT('',(151.00300598144,46.501998901367,
    -7.629394644937E-07));
#3139 = VECTOR('',#3140,1.);
#3140 = DIRECTION('',(0.,0.,1.));
#3141 = ORIENTED_EDGE('',*,*,#3142,.T.);
#3142 = EDGE_CURVE('',#2293,#875,#3143,.T.);
#3143 = LINE('',#3144,#3145);
#3144 = CARTESIAN_POINT('',(151.00300598144,46.501998901367,
    6.349999427795));
#3145 = VECTOR('',#3146,1.);
#3146 = DIRECTION('',(-0.997819788627,0.,-6.599749559506E-02));
#3147 = PLANE('',#3148);
#3148 = AXIS2_PLACEMENT_3D('',#3149,#3150,#3151);
#3149 = CARTESIAN_POINT('',(104.53506118061,46.501998901367,
    1.639941966512));
#3150 = DIRECTION('',(-0.,-1.,-0.));
#3151 = DIRECTION('',(0.,0.,-1.));
#3152 = ADVANCED_FACE('',(#3153),#3163,.T.);
#3153 = FACE_BOUND('',#3154,.T.);
#3154 = EDGE_LOOP('',(#3155,#3156,#3157));
#3155 = ORIENTED_EDGE('',*,*,#3110,.T.);
#3156 = ORIENTED_EDGE('',*,*,#3136,.F.);
#3157 = ORIENTED_EDGE('',*,*,#3158,.T.);
#3158 = EDGE_CURVE('',#1991,#87,#3159,.T.);
#3159 = LINE('',#3160,#3161);
#3160 = CARTESIAN_POINT('',(151.00300598144,46.501998901367,
    -7.629394644937E-07));
#3161 = VECTOR('',#3162,1.);
#3162 = DIRECTION('',(0.,-1.,0.));
#3163 = PLANE('',#3164);
#3164 = AXIS2_PLACEMENT_3D('',#3165,#3166,#3167);
#3165 = CARTESIAN_POINT('',(151.00300598144,27.962288162859,
    1.712710692732));
#3166 = DIRECTION('',(-1.,-0.,-0.));
#3167 = DIRECTION('',(0.,0.,-1.));
#3168 = ADVANCED_FACE('',(#3169),#3184,.T.);
#3169 = FACE_BOUND('',#3170,.T.);
#3170 = EDGE_LOOP('',(#3171,#3177,#3178));
#3171 = ORIENTED_EDGE('',*,*,#3172,.T.);
#3172 = EDGE_CURVE('',#1780,#2670,#3173,.T.);
#3173 = LINE('',#3174,#3175);
#3174 = CARTESIAN_POINT('',(54.997001647949,6.498000144958,
    -7.629394076503E-07));
#3175 = VECTOR('',#3176,1.);
#3176 = DIRECTION('',(0.997819788627,0.,6.599749559506E-02));
#3177 = ORIENTED_EDGE('',*,*,#3116,.T.);
#3178 = ORIENTED_EDGE('',*,*,#3179,.T.);
#3179 = EDGE_CURVE('',#87,#1780,#3180,.T.);
#3180 = LINE('',#3181,#3182);
#3181 = CARTESIAN_POINT('',(151.00300598144,6.498000144958,
    -7.629394644937E-07));
#3182 = VECTOR('',#3183,1.);
#3183 = DIRECTION('',(-1.,0.,5.920819146202E-16));
#3184 = PLANE('',#3185);
#3185 = AXIS2_PLACEMENT_3D('',#3186,#3187,#3188);
#3186 = CARTESIAN_POINT('',(104.53506118061,6.498000144958,
    1.639941966512));
#3187 = DIRECTION('',(0.,1.,0.));
#3188 = DIRECTION('',(0.,-0.,1.));
#3189 = ADVANCED_FACE('',(#3190),#3200,.T.);
#3190 = FACE_BOUND('',#3191,.T.);
#3191 = EDGE_LOOP('',(#3192,#3198,#3199));
#3192 = ORIENTED_EDGE('',*,*,#3193,.T.);
#3193 = EDGE_CURVE('',#737,#814,#3194,.T.);
#3194 = LINE('',#3195,#3196);
#3195 = CARTESIAN_POINT('',(93.431999206543,65.477996826172,
    6.349999427795));
#3196 = VECTOR('',#3197,1.);
#3197 = DIRECTION('',(0.,0.950971416718,-0.309278781338));
#3198 = ORIENTED_EDGE('',*,*,#813,.F.);
#3199 = ORIENTED_EDGE('',*,*,#744,.F.);
#3200 = PLANE('',#3201);
#3201 = AXIS2_PLACEMENT_3D('',#3202,#3203,#3204);
#3202 = CARTESIAN_POINT('',(93.431999206543,76.576338347523,
    4.51084009084));
#3203 = DIRECTION('',(1.,0.,0.));
#3204 = DIRECTION('',(-0.,0.,1.));
#3205 = ADVANCED_FACE('',(#3206),#3211,.T.);
#3206 = FACE_BOUND('',#3207,.T.);
#3207 = EDGE_LOOP('',(#3208,#3209,#3210));
#3208 = ORIENTED_EDGE('',*,*,#1349,.F.);
#3209 = ORIENTED_EDGE('',*,*,#3193,.F.);
#3210 = ORIENTED_EDGE('',*,*,#1394,.F.);
#3211 = PLANE('',#3212);
#3212 = AXIS2_PLACEMENT_3D('',#3213,#3214,#3215);
#3213 = CARTESIAN_POINT('',(93.431999206543,73.9046568307,1.839158574016
    ));
#3214 = DIRECTION('',(1.,0.,0.));
#3215 = DIRECTION('',(-0.,0.,1.));
#3216 = ADVANCED_FACE('',(#3217),#3232,.T.);
#3217 = FACE_BOUND('',#3218,.T.);
#3218 = EDGE_LOOP('',(#3219,#3225,#3226));
#3219 = ORIENTED_EDGE('',*,*,#3220,.T.);
#3220 = EDGE_CURVE('',#2345,#2036,#3221,.T.);
#3221 = LINE('',#3222,#3223);
#3222 = CARTESIAN_POINT('',(115.00199890136,65.477996826172,
    6.349999427795));
#3223 = VECTOR('',#3224,1.);
#3224 = DIRECTION('',(-0.315196501139,0.,-0.949026430438));
#3225 = ORIENTED_EDGE('',*,*,#2180,.F.);
#3226 = ORIENTED_EDGE('',*,*,#3227,.T.);
#3227 = EDGE_CURVE('',#2173,#2345,#3228,.T.);
#3228 = LINE('',#3229,#3230);
#3229 = CARTESIAN_POINT('',(112.89299774169,65.477996826172,
    6.349999427795));
#3230 = VECTOR('',#3231,1.);
#3231 = DIRECTION('',(1.,0.,0.));
#3232 = PLANE('',#3233);
#3233 = AXIS2_PLACEMENT_3D('',#3234,#3235,#3236);
#3234 = CARTESIAN_POINT('',(113.50551493411,65.477996826172,
    3.616982719849));
#3235 = DIRECTION('',(0.,1.,0.));
#3236 = DIRECTION('',(0.,-0.,1.));
#3237 = ADVANCED_FACE('',(#3238),#3243,.T.);
#3238 = FACE_BOUND('',#3239,.T.);
#3239 = EDGE_LOOP('',(#3240,#3241,#3242));
#3240 = ORIENTED_EDGE('',*,*,#2058,.F.);
#3241 = ORIENTED_EDGE('',*,*,#3220,.F.);
#3242 = ORIENTED_EDGE('',*,*,#2551,.F.);
#3243 = PLANE('',#3244);
#3244 = AXIS2_PLACEMENT_3D('',#3245,#3246,#3247);
#3245 = CARTESIAN_POINT('',(114.38948170895,65.477996826172,
    2.733015945007));
#3246 = DIRECTION('',(0.,1.,0.));
#3247 = DIRECTION('',(0.,-0.,1.));
#3248 = ADVANCED_FACE('',(#3249),#3266,.T.);
#3249 = FACE_BOUND('',#3250,.T.);
#3250 = EDGE_LOOP('',(#3251,#3259,#3260));
#3251 = ORIENTED_EDGE('',*,*,#3252,.T.);
#3252 = EDGE_CURVE('',#3253,#208,#3255,.T.);
#3253 = VERTEX_POINT('',#3254);
#3254 = CARTESIAN_POINT('',(63.106998443604,65.477996826172,
    6.349999427795));
#3255 = LINE('',#3256,#3257);
#3256 = CARTESIAN_POINT('',(63.106998443604,65.477996826172,
    6.349999427795));
#3257 = VECTOR('',#3258,1.);
#3258 = DIRECTION('',(-0.315330509289,0.,-0.948981912321));
#3259 = ORIENTED_EDGE('',*,*,#216,.F.);
#3260 = ORIENTED_EDGE('',*,*,#3261,.T.);
#3261 = EDGE_CURVE('',#185,#3253,#3262,.T.);
#3262 = LINE('',#3263,#3264);
#3263 = CARTESIAN_POINT('',(60.997001647949,65.477996826172,
    6.349999427795));
#3264 = VECTOR('',#3265,1.);
#3265 = DIRECTION('',(1.,0.,0.));
#3266 = PLANE('',#3267);
#3267 = AXIS2_PLACEMENT_3D('',#3268,#3269,#3270);
#3268 = CARTESIAN_POINT('',(61.609846221282,65.477996826172,
    3.617153156922));
#3269 = DIRECTION('',(0.,1.,0.));
#3270 = DIRECTION('',(0.,-0.,1.));
#3271 = ADVANCED_FACE('',(#3272),#3282,.T.);
#3272 = FACE_BOUND('',#3273,.T.);
#3273 = EDGE_LOOP('',(#3274,#3275,#3276));
#3274 = ORIENTED_EDGE('',*,*,#882,.F.);
#3275 = ORIENTED_EDGE('',*,*,#3252,.F.);
#3276 = ORIENTED_EDGE('',*,*,#3277,.T.);
#3277 = EDGE_CURVE('',#3253,#883,#3278,.T.);
#3278 = LINE('',#3279,#3280);
#3279 = CARTESIAN_POINT('',(63.106998443604,65.477996826172,
    6.349999427795));
#3280 = VECTOR('',#3281,1.);
#3281 = DIRECTION('',(0.,0.,-1.));
#3282 = PLANE('',#3283);
#3283 = AXIS2_PLACEMENT_3D('',#3284,#3285,#3286);
#3284 = CARTESIAN_POINT('',(62.494153870271,65.477996826172,
    2.732845507933));
#3285 = DIRECTION('',(0.,1.,0.));
#3286 = DIRECTION('',(0.,-0.,1.));
#3287 = ADVANCED_FACE('',(#3288),#3303,.T.);
#3288 = FACE_BOUND('',#3289,.T.);
#3289 = EDGE_LOOP('',(#3290,#3296,#3297));
#3290 = ORIENTED_EDGE('',*,*,#3291,.T.);
#3291 = EDGE_CURVE('',#2480,#2613,#3292,.T.);
#3292 = LINE('',#3293,#3294);
#3293 = CARTESIAN_POINT('',(115.00199890136,85.002998352051,
    -7.629394644937E-07));
#3294 = VECTOR('',#3295,1.);
#3295 = DIRECTION('',(1.,0.,0.));
#3296 = ORIENTED_EDGE('',*,*,#2635,.F.);
#3297 = ORIENTED_EDGE('',*,*,#3298,.T.);
#3298 = EDGE_CURVE('',#2636,#2480,#3299,.T.);
#3299 = LINE('',#3300,#3301);
#3300 = CARTESIAN_POINT('',(124.99800109863,69.998001098633,
    -7.629394644937E-07));
#3301 = VECTOR('',#3302,1.);
#3302 = DIRECTION('',(-0.554418732476,0.832237868088,0.));
#3303 = PLANE('',#3304);
#3304 = AXIS2_PLACEMENT_3D('',#3305,#3306,#3307);
#3305 = CARTESIAN_POINT('',(121.74282541444,79.243325139791,
    -7.629394644937E-07));
#3306 = DIRECTION('',(-0.,-0.,-1.));
#3307 = DIRECTION('',(-1.,0.,0.));
#3308 = ADVANCED_FACE('',(#3309),#3319,.T.);
#3309 = FACE_BOUND('',#3310,.T.);
#3310 = EDGE_LOOP('',(#3311,#3312,#3318));
#3311 = ORIENTED_EDGE('',*,*,#1893,.F.);
#3312 = ORIENTED_EDGE('',*,*,#3313,.F.);
#3313 = EDGE_CURVE('',#1945,#1803,#3314,.T.);
#3314 = LINE('',#3315,#3316);
#3315 = CARTESIAN_POINT('',(62.935001373291,-5.002999782562,
    6.349999427795));
#3316 = VECTOR('',#3317,1.);
#3317 = DIRECTION('',(0.,0.707384982531,-0.706828470344));
#3318 = ORIENTED_EDGE('',*,*,#1944,.F.);
#3319 = PLANE('',#3320);
#3320 = AXIS2_PLACEMENT_3D('',#3321,#3322,#3323);
#3321 = CARTESIAN_POINT('',(62.935001373291,-2.7558018025,2.244697422163
    ));
#3322 = DIRECTION('',(1.,0.,0.));
#3323 = DIRECTION('',(-0.,0.,1.));
#3324 = ADVANCED_FACE('',(#3325),#3340,.T.);
#3325 = FACE_BOUND('',#3326,.T.);
#3326 = EDGE_LOOP('',(#3327,#3328,#3334));
#3327 = ORIENTED_EDGE('',*,*,#3313,.T.);
#3328 = ORIENTED_EDGE('',*,*,#3329,.T.);
#3329 = EDGE_CURVE('',#1803,#22,#3330,.T.);
#3330 = LINE('',#3331,#3332);
#3331 = CARTESIAN_POINT('',(62.935001373291,1.351999998093,
    -7.629394076503E-07));
#3332 = VECTOR('',#3333,1.);
#3333 = DIRECTION('',(0.,0.,1.));
#3334 = ORIENTED_EDGE('',*,*,#3335,.T.);
#3335 = EDGE_CURVE('',#22,#1945,#3336,.T.);
#3336 = LINE('',#3337,#3338);
#3337 = CARTESIAN_POINT('',(62.935001373291,1.351999998093,
    6.349999427795));
#3338 = VECTOR('',#3339,1.);
#3339 = DIRECTION('',(0.,-1.,0.));
#3340 = PLANE('',#3341);
#3341 = AXIS2_PLACEMENT_3D('',#3342,#3343,#3344);
#3342 = CARTESIAN_POINT('',(62.935001373291,-0.895197981969,
    4.105301242693));
#3343 = DIRECTION('',(1.,0.,0.));
#3344 = DIRECTION('',(-0.,0.,1.));
#3345 = ADVANCED_FACE('',(#3346),#3356,.T.);
#3346 = FACE_BOUND('',#3347,.T.);
#3347 = EDGE_LOOP('',(#3348,#3354,#3355));
#3348 = ORIENTED_EDGE('',*,*,#3349,.T.);
#3349 = EDGE_CURVE('',#231,#185,#3350,.T.);
#3350 = LINE('',#3351,#3352);
#3351 = CARTESIAN_POINT('',(42.001998901367,96.,6.349999427795));
#3352 = VECTOR('',#3353,1.);
#3353 = DIRECTION('',(0.528372753544,-0.849012504803,0.));
#3354 = ORIENTED_EDGE('',*,*,#193,.F.);
#3355 = ORIENTED_EDGE('',*,*,#238,.F.);
#3356 = PLANE('',#3357);
#3357 = AXIS2_PLACEMENT_3D('',#3358,#3359,#3360);
#3358 = CARTESIAN_POINT('',(53.894616802427,82.119915567477,
    6.349999427795));
#3359 = DIRECTION('',(0.,0.,1.));
#3360 = DIRECTION('',(1.,0.,-0.));
#3361 = ADVANCED_FACE('',(#3362),#3372,.T.);
#3362 = FACE_BOUND('',#3363,.T.);
#3363 = EDGE_LOOP('',(#3364,#3370,#3371));
#3364 = ORIENTED_EDGE('',*,*,#3365,.T.);
#3365 = EDGE_CURVE('',#599,#676,#3366,.T.);
#3366 = LINE('',#3367,#3368);
#3367 = CARTESIAN_POINT('',(86.944999694824,65.477996826172,
    6.349999427795));
#3368 = VECTOR('',#3369,1.);
#3369 = DIRECTION('',(0.,0.950971416718,-0.309278781338));
#3370 = ORIENTED_EDGE('',*,*,#675,.F.);
#3371 = ORIENTED_EDGE('',*,*,#606,.F.);
#3372 = PLANE('',#3373);
#3373 = AXIS2_PLACEMENT_3D('',#3374,#3375,#3376);
#3374 = CARTESIAN_POINT('',(86.944999694824,76.576338347523,
    4.51084009084));
#3375 = DIRECTION('',(1.,0.,0.));
#3376 = DIRECTION('',(-0.,0.,1.));
#3377 = ADVANCED_FACE('',(#3378),#3383,.T.);
#3378 = FACE_BOUND('',#3379,.T.);
#3379 = EDGE_LOOP('',(#3380,#3381,#3382));
#3380 = ORIENTED_EDGE('',*,*,#1219,.F.);
#3381 = ORIENTED_EDGE('',*,*,#3365,.F.);
#3382 = ORIENTED_EDGE('',*,*,#1262,.F.);
#3383 = PLANE('',#3384);
#3384 = AXIS2_PLACEMENT_3D('',#3385,#3386,#3387);
#3385 = CARTESIAN_POINT('',(86.944999694824,73.9046568307,1.839158574016
    ));
#3386 = DIRECTION('',(1.,0.,0.));
#3387 = DIRECTION('',(-0.,0.,1.));
#3388 = ADVANCED_FACE('',(#3389),#3404,.T.);
#3389 = FACE_BOUND('',#3390,.T.);
#3390 = EDGE_LOOP('',(#3391,#3392,#3398));
#3391 = ORIENTED_EDGE('',*,*,#2012,.F.);
#3392 = ORIENTED_EDGE('',*,*,#3393,.F.);
#3393 = EDGE_CURVE('',#2838,#1983,#3394,.T.);
#3394 = LINE('',#3395,#3396);
#3395 = CARTESIAN_POINT('',(108.51599884033,65.477996826172,
    6.349999427795));
#3396 = VECTOR('',#3397,1.);
#3397 = DIRECTION('',(-0.315331022694,0.,-0.948981741725));
#3398 = ORIENTED_EDGE('',*,*,#3399,.T.);
#3399 = EDGE_CURVE('',#2838,#2013,#3400,.T.);
#3400 = LINE('',#3401,#3402);
#3401 = CARTESIAN_POINT('',(108.51599884033,65.477996826172,
    6.349999427795));
#3402 = VECTOR('',#3403,1.);
#3403 = DIRECTION('',(0.,0.,-1.));
#3404 = PLANE('',#3405);
#3405 = AXIS2_PLACEMENT_3D('',#3406,#3407,#3408);
#3406 = CARTESIAN_POINT('',(107.9031530126,65.477996826172,
    2.732844854982));
#3407 = DIRECTION('',(0.,1.,0.));
#3408 = DIRECTION('',(0.,-0.,1.));
#3409 = ADVANCED_FACE('',(#3410),#3425,.T.);
#3410 = FACE_BOUND('',#3411,.T.);
#3411 = EDGE_LOOP('',(#3412,#3413,#3419));
#3412 = ORIENTED_EDGE('',*,*,#3393,.T.);
#3413 = ORIENTED_EDGE('',*,*,#3414,.T.);
#3414 = EDGE_CURVE('',#1983,#2958,#3415,.T.);
#3415 = LINE('',#3416,#3417);
#3416 = CARTESIAN_POINT('',(106.40599822998,65.477996826172,
    -7.629394644937E-07));
#3417 = VECTOR('',#3418,1.);
#3418 = DIRECTION('',(0.,0.,1.));
#3419 = ORIENTED_EDGE('',*,*,#3420,.T.);
#3420 = EDGE_CURVE('',#2958,#2838,#3421,.T.);
#3421 = LINE('',#3422,#3423);
#3422 = CARTESIAN_POINT('',(106.40599822998,65.477996826172,
    6.349999427795));
#3423 = VECTOR('',#3424,1.);
#3424 = DIRECTION('',(1.,0.,0.));
#3425 = PLANE('',#3426);
#3426 = AXIS2_PLACEMENT_3D('',#3427,#3428,#3429);
#3427 = CARTESIAN_POINT('',(107.01884405771,65.477996826172,
    3.617153809874));
#3428 = DIRECTION('',(0.,1.,0.));
#3429 = DIRECTION('',(0.,-0.,1.));
#3430 = ADVANCED_FACE('',(#3431),#3446,.T.);
#3431 = FACE_BOUND('',#3432,.T.);
#3432 = EDGE_LOOP('',(#3433,#3439,#3440));
#3433 = ORIENTED_EDGE('',*,*,#3434,.T.);
#3434 = EDGE_CURVE('',#2223,#2613,#3435,.T.);
#3435 = LINE('',#3436,#3437);
#3436 = CARTESIAN_POINT('',(167.,96.,-7.629394644937E-07));
#3437 = VECTOR('',#3438,1.);
#3438 = DIRECTION('',(-0.967392101346,-0.253283482,0.));
#3439 = ORIENTED_EDGE('',*,*,#3291,.F.);
#3440 = ORIENTED_EDGE('',*,*,#3441,.T.);
#3441 = EDGE_CURVE('',#2480,#2223,#3442,.T.);
#3442 = LINE('',#3443,#3444);
#3443 = CARTESIAN_POINT('',(115.00199890136,85.002998352051,
    -7.629394644937E-07));
#3444 = VECTOR('',#3445,1.);
#3445 = DIRECTION('',(0.978359513899,0.206912207379,0.));
#3446 = PLANE('',#3447);
#3447 = AXIS2_PLACEMENT_3D('',#3448,#3449,#3450);
#3448 = CARTESIAN_POINT('',(141.06740197068,89.985714284227,
    -7.629394644937E-07));
#3449 = DIRECTION('',(-0.,-0.,-1.));
#3450 = DIRECTION('',(-1.,0.,0.));
#3451 = ADVANCED_FACE('',(#3452),#3462,.T.);
#3452 = FACE_BOUND('',#3453,.T.);
#3453 = EDGE_LOOP('',(#3454,#3455,#3456));
#3454 = ORIENTED_EDGE('',*,*,#3441,.F.);
#3455 = ORIENTED_EDGE('',*,*,#2515,.F.);
#3456 = ORIENTED_EDGE('',*,*,#3457,.T.);
#3457 = EDGE_CURVE('',#2127,#2223,#3458,.T.);
#3458 = LINE('',#3459,#3460);
#3459 = CARTESIAN_POINT('',(112.89299774169,85.002998352051,
    -7.629394644937E-07));
#3460 = VECTOR('',#3461,1.);
#3461 = DIRECTION('',(0.979964288198,0.199173275961,0.));
#3462 = PLANE('',#3463);
#3463 = AXIS2_PLACEMENT_3D('',#3464,#3465,#3466);
#3464 = CARTESIAN_POINT('',(139.95747770216,90.396526754841,
    -7.629394644937E-07));
#3465 = DIRECTION('',(-0.,-0.,-1.));
#3466 = DIRECTION('',(-1.,0.,0.));
#3467 = ADVANCED_FACE('',(#3468),#3473,.T.);
#3468 = FACE_BOUND('',#3469,.T.);
#3469 = EDGE_LOOP('',(#3470,#3471,#3472));
#3470 = ORIENTED_EDGE('',*,*,#2877,.F.);
#3471 = ORIENTED_EDGE('',*,*,#2741,.F.);
#3472 = ORIENTED_EDGE('',*,*,#3434,.F.);
#3473 = PLANE('',#3474);
#3474 = AXIS2_PLACEMENT_3D('',#3475,#3476,#3477);
#3475 = CARTESIAN_POINT('',(146.41853523154,89.010299529582,
    -7.629394644937E-07));
#3476 = DIRECTION('',(-0.,-0.,-1.));
#3477 = DIRECTION('',(-1.,0.,0.));
#3478 = ADVANCED_FACE('',(#3479),#3489,.T.);
#3479 = FACE_BOUND('',#3480,.T.);
#3480 = EDGE_LOOP('',(#3481,#3482,#3483));
#3481 = ORIENTED_EDGE('',*,*,#109,.T.);
#3482 = ORIENTED_EDGE('',*,*,#1968,.F.);
#3483 = ORIENTED_EDGE('',*,*,#3484,.T.);
#3484 = EDGE_CURVE('',#1937,#55,#3485,.T.);
#3485 = LINE('',#3486,#3487);
#3486 = CARTESIAN_POINT('',(107.38999938964,-5.002999782562,
    6.349999427795));
#3487 = VECTOR('',#3488,1.);
#3488 = DIRECTION('',(0.,1.,0.));
#3489 = PLANE('',#3490);
#3490 = AXIS2_PLACEMENT_3D('',#3491,#3492,#3493);
#3491 = CARTESIAN_POINT('',(107.38999938964,-2.7558018025,4.105301242693
    ));
#3492 = DIRECTION('',(-1.,-0.,-0.));
#3493 = DIRECTION('',(0.,0.,-1.));
#3494 = ADVANCED_FACE('',(#3495),#3505,.T.);
#3495 = FACE_BOUND('',#3496,.T.);
#3496 = EDGE_LOOP('',(#3497,#3503,#3504));
#3497 = ORIENTED_EDGE('',*,*,#3498,.T.);
#3498 = EDGE_CURVE('',#461,#538,#3499,.T.);
#3499 = LINE('',#3500,#3501);
#3500 = CARTESIAN_POINT('',(80.458000183105,65.477996826172,
    6.349999427795));
#3501 = VECTOR('',#3502,1.);
#3502 = DIRECTION('',(0.,0.950971416718,-0.309278781338));
#3503 = ORIENTED_EDGE('',*,*,#537,.F.);
#3504 = ORIENTED_EDGE('',*,*,#468,.F.);
#3505 = PLANE('',#3506);
#3506 = AXIS2_PLACEMENT_3D('',#3507,#3508,#3509);
#3507 = CARTESIAN_POINT('',(80.458000183105,76.576338347523,
    4.51084009084));
#3508 = DIRECTION('',(1.,0.,0.));
#3509 = DIRECTION('',(-0.,0.,1.));
#3510 = ADVANCED_FACE('',(#3511),#3516,.T.);
#3511 = FACE_BOUND('',#3512,.T.);
#3512 = EDGE_LOOP('',(#3513,#3514,#3515));
#3513 = ORIENTED_EDGE('',*,*,#1131,.F.);
#3514 = ORIENTED_EDGE('',*,*,#3498,.F.);
#3515 = ORIENTED_EDGE('',*,*,#1669,.F.);
#3516 = PLANE('',#3517);
#3517 = AXIS2_PLACEMENT_3D('',#3518,#3519,#3520);
#3518 = CARTESIAN_POINT('',(80.458000183105,73.9046568307,1.839158574016
    ));
#3519 = DIRECTION('',(1.,0.,0.));
#3520 = DIRECTION('',(-0.,0.,1.));
#3521 = ADVANCED_FACE('',(#3522),#3532,.T.);
#3522 = FACE_BOUND('',#3523,.T.);
#3523 = EDGE_LOOP('',(#3524,#3530,#3531));
#3524 = ORIENTED_EDGE('',*,*,#3525,.T.);
#3525 = EDGE_CURVE('',#79,#22,#3526,.T.);
#3526 = LINE('',#3527,#3528);
#3527 = CARTESIAN_POINT('',(107.38999938964,1.351999998093,
    -7.629394076503E-07));
#3528 = VECTOR('',#3529,1.);
#3529 = DIRECTION('',(-0.989951718923,0.,0.141405778528));
#3530 = ORIENTED_EDGE('',*,*,#3329,.F.);
#3531 = ORIENTED_EDGE('',*,*,#1831,.F.);
#3532 = PLANE('',#3533);
#3533 = AXIS2_PLACEMENT_3D('',#3534,#3535,#3536);
#3534 = CARTESIAN_POINT('',(83.687807935107,1.351999998093,
    1.700306886065));
#3535 = DIRECTION('',(-0.,-1.,-0.));
#3536 = DIRECTION('',(0.,0.,-1.));
#3537 = ADVANCED_FACE('',(#3538),#3543,.T.);
#3538 = FACE_BOUND('',#3539,.T.);
#3539 = EDGE_LOOP('',(#3540,#3541,#3542));
#3540 = ORIENTED_EDGE('',*,*,#54,.T.);
#3541 = ORIENTED_EDGE('',*,*,#3525,.F.);
#3542 = ORIENTED_EDGE('',*,*,#115,.F.);
#3543 = PLANE('',#3544);
#3544 = AXIS2_PLACEMENT_3D('',#3545,#3546,#3547);
#3545 = CARTESIAN_POINT('',(86.637192827832,1.351999998093,
    4.649691778791));
#3546 = DIRECTION('',(-0.,-1.,-0.));
#3547 = DIRECTION('',(0.,0.,-1.));
#3548 = ADVANCED_FACE('',(#3549),#3564,.T.);
#3549 = FACE_BOUND('',#3550,.T.);
#3550 = EDGE_LOOP('',(#3551,#3557,#3558));
#3551 = ORIENTED_EDGE('',*,*,#3552,.T.);
#3552 = EDGE_CURVE('',#2981,#1431,#3553,.T.);
#3553 = LINE('',#3554,#3555);
#3554 = CARTESIAN_POINT('',(102.02899932861,65.477996826172,
    6.349999427795));
#3555 = VECTOR('',#3556,1.);
#3556 = DIRECTION('',(-0.315331022694,0.,-0.948981741725));
#3557 = ORIENTED_EDGE('',*,*,#1550,.F.);
#3558 = ORIENTED_EDGE('',*,*,#3559,.T.);
#3559 = EDGE_CURVE('',#1521,#2981,#3560,.T.);
#3560 = LINE('',#3561,#3562);
#3561 = CARTESIAN_POINT('',(99.918998718262,65.477996826172,
    6.349999427795));
#3562 = VECTOR('',#3563,1.);
#3563 = DIRECTION('',(1.,0.,0.));
#3564 = PLANE('',#3565);
#3565 = AXIS2_PLACEMENT_3D('',#3566,#3567,#3568);
#3566 = CARTESIAN_POINT('',(100.53184454599,65.477996826172,
    3.617153809874));
#3567 = DIRECTION('',(0.,1.,0.));
#3568 = DIRECTION('',(0.,-0.,1.));
#3569 = ADVANCED_FACE('',(#3570),#3580,.T.);
#3570 = FACE_BOUND('',#3571,.T.);
#3571 = EDGE_LOOP('',(#3572,#3573,#3574));
#3572 = ORIENTED_EDGE('',*,*,#1462,.F.);
#3573 = ORIENTED_EDGE('',*,*,#3552,.F.);
#3574 = ORIENTED_EDGE('',*,*,#3575,.T.);
#3575 = EDGE_CURVE('',#2981,#1454,#3576,.T.);
#3576 = LINE('',#3577,#3578);
#3577 = CARTESIAN_POINT('',(102.02899932861,65.477996826172,
    6.349999427795));
#3578 = VECTOR('',#3579,1.);
#3579 = DIRECTION('',(0.,0.,-1.));
#3580 = PLANE('',#3581);
#3581 = AXIS2_PLACEMENT_3D('',#3582,#3583,#3584);
#3582 = CARTESIAN_POINT('',(101.41615350088,65.477996826172,
    2.732844854982));
#3583 = DIRECTION('',(0.,1.,0.));
#3584 = DIRECTION('',(0.,-0.,1.));
#3585 = ADVANCED_FACE('',(#3586),#3601,.T.);
#3586 = FACE_BOUND('',#3587,.T.);
#3587 = EDGE_LOOP('',(#3588,#3594,#3595));
#3588 = ORIENTED_EDGE('',*,*,#3589,.T.);
#3589 = EDGE_CURVE('',#1937,#2247,#3590,.T.);
#3590 = LINE('',#3591,#3592);
#3591 = CARTESIAN_POINT('',(107.38999938964,-5.002999782562,
    6.349999427795));
#3592 = VECTOR('',#3593,1.);
#3593 = DIRECTION('',(0.986227077716,-0.165396950334,0.));
#3594 = ORIENTED_EDGE('',*,*,#2677,.F.);
#3595 = ORIENTED_EDGE('',*,*,#3596,.T.);
#3596 = EDGE_CURVE('',#2670,#1937,#3597,.T.);
#3597 = LINE('',#3598,#3599);
#3598 = CARTESIAN_POINT('',(151.00300598144,6.498000144958,
    6.349999427795));
#3599 = VECTOR('',#3600,1.);
#3600 = DIRECTION('',(-0.966944036355,-0.254988687116,0.));
#3601 = PLANE('',#3602);
#3602 = AXIS2_PLACEMENT_3D('',#3603,#3604,#3605);
#3603 = CARTESIAN_POINT('',(138.88439744539,-5.173769270079,
    6.349999427795));
#3604 = DIRECTION('',(0.,0.,1.));
#3605 = DIRECTION('',(1.,0.,-0.));
#3606 = ADVANCED_FACE('',(#3607),#3617,.T.);
#3607 = FACE_BOUND('',#3608,.T.);
#3608 = EDGE_LOOP('',(#3609,#3615,#3616));
#3609 = ORIENTED_EDGE('',*,*,#3610,.T.);
#3610 = EDGE_CURVE('',#2670,#55,#3611,.T.);
#3611 = LINE('',#3612,#3613);
#3612 = CARTESIAN_POINT('',(151.00300598144,6.498000144958,
    6.349999427795));
#3613 = VECTOR('',#3614,1.);
#3614 = DIRECTION('',(-0.993110757475,-0.117179449508,0.));
#3615 = ORIENTED_EDGE('',*,*,#3484,.F.);
#3616 = ORIENTED_EDGE('',*,*,#3596,.F.);
#3617 = PLANE('',#3618);
#3618 = AXIS2_PLACEMENT_3D('',#3619,#3620,#3621);
#3619 = CARTESIAN_POINT('',(127.74349055839,2.03914761962,6.349999427795
    ));
#3620 = DIRECTION('',(0.,0.,1.));
#3621 = DIRECTION('',(1.,0.,-0.));
#3622 = ADVANCED_FACE('',(#3623),#3628,.T.);
#3623 = FACE_BOUND('',#3624,.T.);
#3624 = EDGE_LOOP('',(#3625,#3626,#3627));
#3625 = ORIENTED_EDGE('',*,*,#3130,.F.);
#3626 = ORIENTED_EDGE('',*,*,#1453,.F.);
#3627 = ORIENTED_EDGE('',*,*,#1998,.F.);
#3628 = PLANE('',#3629);
#3629 = AXIS2_PLACEMENT_3D('',#3630,#3631,#3632);
#3630 = CARTESIAN_POINT('',(102.96599500418,51.418184640853,
    -7.629394644937E-07));
#3631 = DIRECTION('',(-0.,-0.,-1.));
#3632 = DIRECTION('',(-1.,0.,0.));
#3633 = ADVANCED_FACE('',(#3634),#3644,.T.);
#3634 = FACE_BOUND('',#3635,.T.);
#3635 = EDGE_LOOP('',(#3636,#3637,#3638));
#3636 = ORIENTED_EDGE('',*,*,#2545,.F.);
#3637 = ORIENTED_EDGE('',*,*,#3298,.F.);
#3638 = ORIENTED_EDGE('',*,*,#3639,.T.);
#3639 = EDGE_CURVE('',#2636,#2059,#3640,.T.);
#3640 = LINE('',#3641,#3642);
#3641 = CARTESIAN_POINT('',(124.99800109863,69.998001098633,
    -7.629394644937E-07));
#3642 = VECTOR('',#3643,1.);
#3643 = DIRECTION('',(-0.911176260153,-0.412016775064,0.));
#3644 = PLANE('',#3645);
#3645 = AXIS2_PLACEMENT_3D('',#3646,#3647,#3648);
#3646 = CARTESIAN_POINT('',(117.98896024801,74.384064421544,
    -7.629394644937E-07));
#3647 = DIRECTION('',(-0.,-0.,-1.));
#3648 = DIRECTION('',(-1.,0.,0.));
#3649 = ADVANCED_FACE('',(#3650),#3660,.T.);
#3650 = FACE_BOUND('',#3651,.T.);
#3651 = EDGE_LOOP('',(#3652,#3658,#3659));
#3652 = ORIENTED_EDGE('',*,*,#3653,.T.);
#3653 = EDGE_CURVE('',#2636,#1991,#3654,.T.);
#3654 = LINE('',#3655,#3656);
#3655 = CARTESIAN_POINT('',(124.99800109863,69.998001098633,
    -7.629394644937E-07));
#3656 = VECTOR('',#3657,1.);
#3657 = DIRECTION('',(0.741994616105,-0.670405839527,0.));
#3658 = ORIENTED_EDGE('',*,*,#2066,.F.);
#3659 = ORIENTED_EDGE('',*,*,#3639,.F.);
#3660 = PLANE('',#3661);
#3661 = AXIS2_PLACEMENT_3D('',#3662,#3663,#3664);
#3662 = CARTESIAN_POINT('',(133.37757477243,58.38970721461,
    -7.629394644937E-07));
#3663 = DIRECTION('',(-0.,-0.,-1.));
#3664 = DIRECTION('',(-1.,0.,0.));
#3665 = ADVANCED_FACE('',(#3666),#3676,.T.);
#3666 = FACE_BOUND('',#3667,.T.);
#3667 = EDGE_LOOP('',(#3668,#3674,#3675));
#3668 = ORIENTED_EDGE('',*,*,#3669,.T.);
#3669 = EDGE_CURVE('',#2568,#1991,#3670,.T.);
#3670 = LINE('',#3671,#3672);
#3671 = CARTESIAN_POINT('',(149.00300598144,69.998001098633,
    -7.629394644937E-07));
#3672 = VECTOR('',#3673,1.);
#3673 = DIRECTION('',(8.481415515785E-02,-0.996396787974,0.));
#3674 = ORIENTED_EDGE('',*,*,#3653,.F.);
#3675 = ORIENTED_EDGE('',*,*,#2782,.F.);
#3676 = PLANE('',#3677);
#3677 = AXIS2_PLACEMENT_3D('',#3678,#3679,#3680);
#3678 = CARTESIAN_POINT('',(141.13513944486,61.662794422729,
    -7.629394644937E-07));
#3679 = DIRECTION('',(-0.,-0.,-1.));
#3680 = DIRECTION('',(-1.,0.,0.));
#3681 = ADVANCED_FACE('',(#3682),#3699,.T.);
#3682 = FACE_BOUND('',#3683,.T.);
#3683 = EDGE_LOOP('',(#3684,#3685,#3693));
#3684 = ORIENTED_EDGE('',*,*,#3142,.F.);
#3685 = ORIENTED_EDGE('',*,*,#3686,.T.);
#3686 = EDGE_CURVE('',#2293,#3687,#3689,.T.);
#3687 = VERTEX_POINT('',#3688);
#3688 = CARTESIAN_POINT('',(54.997001647949,46.501998901367,
    6.349999427795));
#3689 = LINE('',#3690,#3691);
#3690 = CARTESIAN_POINT('',(151.00300598144,46.501998901367,
    6.349999427795));
#3691 = VECTOR('',#3692,1.);
#3692 = DIRECTION('',(-1.,0.,0.));
#3693 = ORIENTED_EDGE('',*,*,#3694,.T.);
#3694 = EDGE_CURVE('',#3687,#875,#3695,.T.);
#3695 = LINE('',#3696,#3697);
#3696 = CARTESIAN_POINT('',(54.997001647949,46.501998901367,
    6.349999427795));
#3697 = VECTOR('',#3698,1.);
#3698 = DIRECTION('',(0.,0.,-1.));
#3699 = PLANE('',#3700);
#3700 = AXIS2_PLACEMENT_3D('',#3701,#3702,#3703);
#3701 = CARTESIAN_POINT('',(101.46494644878,46.501998901367,
    4.710056698344));
#3702 = DIRECTION('',(-0.,-1.,-0.));
#3703 = DIRECTION('',(0.,0.,-1.));
#3704 = ADVANCED_FACE('',(#3705),#3720,.T.);
#3705 = FACE_BOUND('',#3706,.T.);
#3706 = EDGE_LOOP('',(#3707,#3713,#3714));
#3707 = ORIENTED_EDGE('',*,*,#3708,.T.);
#3708 = EDGE_CURVE('',#1712,#400,#3709,.T.);
#3709 = LINE('',#3710,#3711);
#3710 = CARTESIAN_POINT('',(73.971000671387,65.477996826172,
    6.349999427795));
#3711 = VECTOR('',#3712,1.);
#3712 = DIRECTION('',(0.,0.950971416718,-0.309278781338));
#3713 = ORIENTED_EDGE('',*,*,#399,.F.);
#3714 = ORIENTED_EDGE('',*,*,#3715,.T.);
#3715 = EDGE_CURVE('',#346,#1712,#3716,.T.);
#3716 = LINE('',#3717,#3718);
#3717 = CARTESIAN_POINT('',(73.971000671387,85.002998352051,
    6.349999427795));
#3718 = VECTOR('',#3719,1.);
#3719 = DIRECTION('',(0.,-1.,0.));
#3720 = PLANE('',#3721);
#3721 = AXIS2_PLACEMENT_3D('',#3722,#3723,#3724);
#3722 = CARTESIAN_POINT('',(73.971000671387,76.576338347523,
    4.51084009084));
#3723 = DIRECTION('',(1.,0.,0.));
#3724 = DIRECTION('',(-0.,0.,1.));
#3725 = ADVANCED_FACE('',(#3726),#3731,.T.);
#3726 = FACE_BOUND('',#3727,.T.);
#3727 = EDGE_LOOP('',(#3728,#3729,#3730));
#3728 = ORIENTED_EDGE('',*,*,#1043,.F.);
#3729 = ORIENTED_EDGE('',*,*,#3708,.F.);
#3730 = ORIENTED_EDGE('',*,*,#1711,.F.);
#3731 = PLANE('',#3732);
#3732 = AXIS2_PLACEMENT_3D('',#3733,#3734,#3735);
#3733 = CARTESIAN_POINT('',(73.971000671387,73.9046568307,1.839158574016
    ));
#3734 = DIRECTION('',(1.,0.,0.));
#3735 = DIRECTION('',(-0.,0.,1.));
#3736 = ADVANCED_FACE('',(#3737),#3752,.T.);
#3737 = FACE_BOUND('',#3738,.T.);
#3738 = EDGE_LOOP('',(#3739,#3745,#3746));
#3739 = ORIENTED_EDGE('',*,*,#3740,.T.);
#3740 = EDGE_CURVE('',#24,#2670,#3741,.T.);
#3741 = LINE('',#3742,#3743);
#3742 = CARTESIAN_POINT('',(54.997001647949,6.498000144958,
    6.349999427795));
#3743 = VECTOR('',#3744,1.);
#3744 = DIRECTION('',(1.,0.,0.));
#3745 = ORIENTED_EDGE('',*,*,#3172,.F.);
#3746 = ORIENTED_EDGE('',*,*,#3747,.T.);
#3747 = EDGE_CURVE('',#1780,#24,#3748,.T.);
#3748 = LINE('',#3749,#3750);
#3749 = CARTESIAN_POINT('',(54.997001647949,6.498000144958,
    -7.629394076503E-07));
#3750 = VECTOR('',#3751,1.);
#3751 = DIRECTION('',(0.,0.,1.));
#3752 = PLANE('',#3753);
#3753 = AXIS2_PLACEMENT_3D('',#3754,#3755,#3756);
#3754 = CARTESIAN_POINT('',(101.46494644878,6.498000144958,
    4.710056698344));
#3755 = DIRECTION('',(0.,1.,0.));
#3756 = DIRECTION('',(0.,-0.,1.));
#3757 = ADVANCED_FACE('',(#3758),#3768,.T.);
#3758 = FACE_BOUND('',#3759,.T.);
#3759 = EDGE_LOOP('',(#3760,#3766,#3767));
#3760 = ORIENTED_EDGE('',*,*,#3761,.T.);
#3761 = EDGE_CURVE('',#875,#24,#3762,.T.);
#3762 = LINE('',#3763,#3764);
#3763 = CARTESIAN_POINT('',(54.997001647949,46.501998901367,
    -7.629394644937E-07));
#3764 = VECTOR('',#3765,1.);
#3765 = DIRECTION('',(0.,-0.98763492023,0.156771376032));
#3766 = ORIENTED_EDGE('',*,*,#3747,.F.);
#3767 = ORIENTED_EDGE('',*,*,#1779,.F.);
#3768 = PLANE('',#3769);
#3769 = AXIS2_PLACEMENT_3D('',#3770,#3771,#3772);
#3770 = CARTESIAN_POINT('',(54.997001647949,25.037710883466,
    1.712710692732));
#3771 = DIRECTION('',(1.,0.,0.));
#3772 = DIRECTION('',(-0.,0.,1.));
#3773 = ADVANCED_FACE('',(#3774),#3784,.T.);
#3774 = FACE_BOUND('',#3775,.T.);
#3775 = EDGE_LOOP('',(#3776,#3782,#3783));
#3776 = ORIENTED_EDGE('',*,*,#3777,.T.);
#3777 = EDGE_CURVE('',#3687,#24,#3778,.T.);
#3778 = LINE('',#3779,#3780);
#3779 = CARTESIAN_POINT('',(54.997001647949,46.501998901367,
    6.349999427795));
#3780 = VECTOR('',#3781,1.);
#3781 = DIRECTION('',(0.,-1.,0.));
#3782 = ORIENTED_EDGE('',*,*,#3761,.F.);
#3783 = ORIENTED_EDGE('',*,*,#3694,.F.);
#3784 = PLANE('',#3785);
#3785 = AXIS2_PLACEMENT_3D('',#3786,#3787,#3788);
#3786 = CARTESIAN_POINT('',(54.997001647949,27.962288162859,
    4.637287972124));
#3787 = DIRECTION('',(1.,0.,0.));
#3788 = DIRECTION('',(-0.,0.,1.));
#3789 = ADVANCED_FACE('',(#3790),#3795,.T.);
#3790 = FACE_BOUND('',#3791,.T.);
#3791 = EDGE_LOOP('',(#3792,#3793,#3794));
#3792 = ORIENTED_EDGE('',*,*,#1825,.F.);
#3793 = ORIENTED_EDGE('',*,*,#3179,.F.);
#3794 = ORIENTED_EDGE('',*,*,#86,.F.);
#3795 = PLANE('',#3796);
#3796 = AXIS2_PLACEMENT_3D('',#3797,#3798,#3799);
#3797 = CARTESIAN_POINT('',(103.01261215422,5.207794557786,
    -7.629394283019E-07));
#3798 = DIRECTION('',(-5.920819146202E-16,-6.02816664016E-15,-1.));
#3799 = DIRECTION('',(0.,-1.,6.02816664016E-15));
#3800 = ADVANCED_FACE('',(#3801),#3811,.T.);
#3801 = FACE_BOUND('',#3802,.T.);
#3802 = EDGE_LOOP('',(#3803,#3809,#3810));
#3803 = ORIENTED_EDGE('',*,*,#3804,.T.);
#3804 = EDGE_CURVE('',#87,#2269,#3805,.T.);
#3805 = LINE('',#3806,#3807);
#3806 = CARTESIAN_POINT('',(151.00300598144,6.498000144958,
    -7.629394644937E-07));
#3807 = VECTOR('',#3808,1.);
#3808 = DIRECTION('',(0.596974317707,-0.802260346769,2.121277356933E-15)
  );
#3809 = ORIENTED_EDGE('',*,*,#2860,.F.);
#3810 = ORIENTED_EDGE('',*,*,#94,.F.);
#3811 = PLANE('',#3812);
#3812 = AXIS2_PLACEMENT_3D('',#3813,#3814,#3815);
#3813 = CARTESIAN_POINT('',(138.88439744539,-5.173769270079,
    -7.629394230915E-07));
#3814 = DIRECTION('',(-5.066662985922E-16,-3.021144114376E-15,-1.));
#3815 = DIRECTION('',(0.,-1.,3.021144114376E-15));
#3816 = ADVANCED_FACE('',(#3817),#3832,.T.);
#3817 = FACE_BOUND('',#3818,.T.);
#3818 = EDGE_LOOP('',(#3819,#3820,#3826));
#3819 = ORIENTED_EDGE('',*,*,#2713,.F.);
#3820 = ORIENTED_EDGE('',*,*,#3821,.T.);
#3821 = EDGE_CURVE('',#32,#231,#3822,.T.);
#3822 = LINE('',#3823,#3824);
#3823 = CARTESIAN_POINT('',(42.001998901367,-15.,6.349999427795));
#3824 = VECTOR('',#3825,1.);
#3825 = DIRECTION('',(0.,1.,0.));
#3826 = ORIENTED_EDGE('',*,*,#3827,.T.);
#3827 = EDGE_CURVE('',#231,#1757,#3828,.T.);
#3828 = LINE('',#3829,#3830);
#3829 = CARTESIAN_POINT('',(42.001998901367,96.,6.349999427795));
#3830 = VECTOR('',#3831,1.);
#3831 = DIRECTION('',(0.,-0.998367673077,-5.71138280582E-02));
#3832 = PLANE('',#3833);
#3833 = AXIS2_PLACEMENT_3D('',#3834,#3835,#3836);
#3834 = CARTESIAN_POINT('',(42.001998901367,38.95787108496,
    4.717128247468));
#3835 = DIRECTION('',(-1.,-0.,-0.));
#3836 = DIRECTION('',(0.,0.,-1.));
#3837 = ADVANCED_FACE('',(#3838),#3843,.T.);
#3838 = FACE_BOUND('',#3839,.T.);
#3839 = EDGE_LOOP('',(#3840,#3841,#3842));
#3840 = ORIENTED_EDGE('',*,*,#2208,.F.);
#3841 = ORIENTED_EDGE('',*,*,#1756,.F.);
#3842 = ORIENTED_EDGE('',*,*,#3827,.F.);
#3843 = PLANE('',#3844);
#3844 = AXIS2_PLACEMENT_3D('',#3845,#3846,#3847);
#3845 = CARTESIAN_POINT('',(42.001998901367,42.04212891504,
    1.632870417388));
#3846 = DIRECTION('',(-1.,-0.,-0.));
#3847 = DIRECTION('',(0.,0.,-1.));
#3848 = ADVANCED_FACE('',(#3849),#3864,.T.);
#3849 = FACE_BOUND('',#3850,.T.);
#3850 = EDGE_LOOP('',(#3851,#3857,#3858));
#3851 = ORIENTED_EDGE('',*,*,#3852,.T.);
#3852 = EDGE_CURVE('',#1871,#308,#3853,.T.);
#3853 = LINE('',#3854,#3855);
#3854 = CARTESIAN_POINT('',(67.484001159668,65.477996826172,
    6.349999427795));
#3855 = VECTOR('',#3856,1.);
#3856 = DIRECTION('',(0.,0.950971416718,-0.309278781338));
#3857 = ORIENTED_EDGE('',*,*,#307,.F.);
#3858 = ORIENTED_EDGE('',*,*,#3859,.T.);
#3859 = EDGE_CURVE('',#254,#1871,#3860,.T.);
#3860 = LINE('',#3861,#3862);
#3861 = CARTESIAN_POINT('',(67.484001159668,85.002998352051,
    6.349999427795));
#3862 = VECTOR('',#3863,1.);
#3863 = DIRECTION('',(0.,-1.,0.));
#3864 = PLANE('',#3865);
#3865 = AXIS2_PLACEMENT_3D('',#3866,#3867,#3868);
#3866 = CARTESIAN_POINT('',(67.484001159668,76.576338347523,
    4.51084009084));
#3867 = DIRECTION('',(1.,0.,0.));
#3868 = DIRECTION('',(-0.,0.,1.));
#3869 = ADVANCED_FACE('',(#3870),#3875,.T.);
#3870 = FACE_BOUND('',#3871,.T.);
#3871 = EDGE_LOOP('',(#3872,#3873,#3874));
#3872 = ORIENTED_EDGE('',*,*,#955,.F.);
#3873 = ORIENTED_EDGE('',*,*,#3852,.F.);
#3874 = ORIENTED_EDGE('',*,*,#1870,.F.);
#3875 = PLANE('',#3876);
#3876 = AXIS2_PLACEMENT_3D('',#3877,#3878,#3879);
#3877 = CARTESIAN_POINT('',(67.484001159668,73.9046568307,1.839158574016
    ));
#3878 = DIRECTION('',(1.,0.,0.));
#3879 = DIRECTION('',(-0.,0.,1.));
#3880 = ADVANCED_FACE('',(#3881),#3886,.T.);
#3881 = FACE_BOUND('',#3882,.T.);
#3882 = EDGE_LOOP('',(#3883,#3884,#3885));
#3883 = ORIENTED_EDGE('',*,*,#3158,.F.);
#3884 = ORIENTED_EDGE('',*,*,#2898,.F.);
#3885 = ORIENTED_EDGE('',*,*,#3804,.F.);
#3886 = PLANE('',#3887);
#3887 = AXIS2_PLACEMENT_3D('',#3888,#3889,#3890);
#3888 = CARTESIAN_POINT('',(156.54677455895,14.937903921319,
    -7.629394447946E-07));
#3889 = DIRECTION('',(3.553381266185E-15,-0.,-1.));
#3890 = DIRECTION('',(-1.,0.,-3.553381266185E-15));
#3891 = ADVANCED_FACE('',(#3892),#3897,.T.);
#3892 = FACE_BOUND('',#3893,.T.);
#3893 = EDGE_LOOP('',(#3894,#3895,#3896));
#3894 = ORIENTED_EDGE('',*,*,#3669,.F.);
#3895 = ORIENTED_EDGE('',*,*,#2883,.F.);
#3896 = ORIENTED_EDGE('',*,*,#2904,.F.);
#3897 = PLANE('',#3898);
#3898 = AXIS2_PLACEMENT_3D('',#3899,#3900,#3901);
#3899 = CARTESIAN_POINT('',(156.72757697354,71.856538989195,
    -7.629394644937E-07));
#3900 = DIRECTION('',(-0.,-0.,-1.));
#3901 = DIRECTION('',(-1.,0.,0.));
#3902 = ADVANCED_FACE('',(#3903),#3913,.T.);
#3903 = FACE_BOUND('',#3904,.T.);
#3904 = EDGE_LOOP('',(#3905,#3911,#3912));
#3905 = ORIENTED_EDGE('',*,*,#3906,.T.);
#3906 = EDGE_CURVE('',#2958,#2083,#3907,.T.);
#3907 = LINE('',#3908,#3909);
#3908 = CARTESIAN_POINT('',(106.40599822998,65.477996826172,
    6.349999427795));
#3909 = VECTOR('',#3910,1.);
#3910 = DIRECTION('',(0.,0.950971416718,-0.309278781338));
#3911 = ORIENTED_EDGE('',*,*,#3030,.F.);
#3912 = ORIENTED_EDGE('',*,*,#2965,.F.);
#3913 = PLANE('',#3914);
#3914 = AXIS2_PLACEMENT_3D('',#3915,#3916,#3917);
#3915 = CARTESIAN_POINT('',(106.40599822998,76.576338347523,
    4.51084009084));
#3916 = DIRECTION('',(1.,0.,0.));
#3917 = DIRECTION('',(-0.,0.,1.));
#3918 = ADVANCED_FACE('',(#3919),#3924,.T.);
#3919 = FACE_BOUND('',#3920,.T.);
#3920 = EDGE_LOOP('',(#3921,#3922,#3923));
#3921 = ORIENTED_EDGE('',*,*,#2090,.F.);
#3922 = ORIENTED_EDGE('',*,*,#3906,.F.);
#3923 = ORIENTED_EDGE('',*,*,#3414,.F.);
#3924 = PLANE('',#3925);
#3925 = AXIS2_PLACEMENT_3D('',#3926,#3927,#3928);
#3926 = CARTESIAN_POINT('',(106.40599822998,73.9046568307,1.839158574016
    ));
#3927 = DIRECTION('',(1.,0.,0.));
#3928 = DIRECTION('',(-0.,0.,1.));
#3929 = ADVANCED_FACE('',(#3930),#3945,.T.);
#3930 = FACE_BOUND('',#3931,.T.);
#3931 = EDGE_LOOP('',(#3932,#3938,#3939));
#3932 = ORIENTED_EDGE('',*,*,#3933,.T.);
#3933 = EDGE_CURVE('',#2293,#2173,#3934,.T.);
#3934 = LINE('',#3935,#3936);
#3935 = CARTESIAN_POINT('',(151.00300598144,46.501998901367,
    6.349999427795));
#3936 = VECTOR('',#3937,1.);
#3937 = DIRECTION('',(-0.895168271367,0.445728354425,0.));
#3938 = ORIENTED_EDGE('',*,*,#2837,.F.);
#3939 = ORIENTED_EDGE('',*,*,#3940,.T.);
#3940 = EDGE_CURVE('',#2838,#2293,#3941,.T.);
#3941 = LINE('',#3942,#3943);
#3942 = CARTESIAN_POINT('',(108.51599884033,65.477996826172,
    6.349999427795));
#3943 = VECTOR('',#3944,1.);
#3944 = DIRECTION('',(0.913069200105,-0.407804653994,0.));
#3945 = PLANE('',#3946);
#3946 = AXIS2_PLACEMENT_3D('',#3947,#3948,#3949);
#3947 = CARTESIAN_POINT('',(129.86398529453,56.434242983073,
    6.349999427795));
#3948 = DIRECTION('',(0.,0.,1.));
#3949 = DIRECTION('',(1.,0.,-0.));
#3950 = ADVANCED_FACE('',(#3951),#3956,.T.);
#3951 = FACE_BOUND('',#3952,.T.);
#3952 = EDGE_LOOP('',(#3953,#3954,#3955));
#3953 = ORIENTED_EDGE('',*,*,#2344,.F.);
#3954 = ORIENTED_EDGE('',*,*,#3227,.F.);
#3955 = ORIENTED_EDGE('',*,*,#3933,.F.);
#3956 = PLANE('',#3957);
#3957 = AXIS2_PLACEMENT_3D('',#3958,#3959,#3960);
#3958 = CARTESIAN_POINT('',(132.0059890521,56.224369808406,
    6.349999427795));
#3959 = DIRECTION('',(0.,0.,1.));
#3960 = DIRECTION('',(1.,0.,-0.));
#3961 = ADVANCED_FACE('',(#3962),#3972,.T.);
#3962 = FACE_BOUND('',#3963,.T.);
#3963 = EDGE_LOOP('',(#3964,#3965,#3966));
#3964 = ORIENTED_EDGE('',*,*,#3940,.F.);
#3965 = ORIENTED_EDGE('',*,*,#3420,.F.);
#3966 = ORIENTED_EDGE('',*,*,#3967,.T.);
#3967 = EDGE_CURVE('',#2958,#2293,#3968,.T.);
#3968 = LINE('',#3969,#3970);
#3969 = CARTESIAN_POINT('',(106.40599822998,65.477996826172,
    6.349999427795));
#3970 = VECTOR('',#3971,1.);
#3971 = DIRECTION('',(0.920165430588,-0.391529794972,0.));
#3972 = PLANE('',#3973);
#3973 = AXIS2_PLACEMENT_3D('',#3974,#3975,#3976);
#3974 = CARTESIAN_POINT('',(128.74844837721,56.196156027125,
    6.349999427795));
#3975 = DIRECTION('',(0.,0.,1.));
#3976 = DIRECTION('',(1.,0.,-0.));
#3977 = ADVANCED_FACE('',(#3978),#3988,.T.);
#3978 = FACE_BOUND('',#3979,.T.);
#3979 = EDGE_LOOP('',(#3980,#3981,#3982));
#3980 = ORIENTED_EDGE('',*,*,#3967,.F.);
#3981 = ORIENTED_EDGE('',*,*,#2980,.F.);
#3982 = ORIENTED_EDGE('',*,*,#3983,.T.);
#3983 = EDGE_CURVE('',#2981,#2293,#3984,.T.);
#3984 = LINE('',#3985,#3986);
#3985 = CARTESIAN_POINT('',(102.02899932861,65.477996826172,
    6.349999427795));
#3986 = VECTOR('',#3987,1.);
#3987 = DIRECTION('',(0.932450635653,-0.361297401141,0.));
#3988 = PLANE('',#3989);
#3989 = AXIS2_PLACEMENT_3D('',#3990,#3991,#3992);
#3990 = CARTESIAN_POINT('',(126.59637014269,56.384141230461,
    6.349999427795));
#3991 = DIRECTION('',(0.,0.,1.));
#3992 = DIRECTION('',(1.,0.,-0.));
#3993 = ADVANCED_FACE('',(#3994),#4004,.T.);
#3994 = FACE_BOUND('',#3995,.T.);
#3995 = EDGE_LOOP('',(#3996,#4002,#4003));
#3996 = ORIENTED_EDGE('',*,*,#3997,.T.);
#3997 = EDGE_CURVE('',#2981,#3687,#3998,.T.);
#3998 = LINE('',#3999,#4000);
#3999 = CARTESIAN_POINT('',(102.02899932861,65.477996826172,
    6.349999427795));
#4000 = VECTOR('',#4001,1.);
#4001 = DIRECTION('',(-0.927362923893,-0.37416307593,0.));
#4002 = ORIENTED_EDGE('',*,*,#3686,.F.);
#4003 = ORIENTED_EDGE('',*,*,#3983,.F.);
#4004 = PLANE('',#4005);
#4005 = AXIS2_PLACEMENT_3D('',#4006,#4007,#4008);
#4006 = CARTESIAN_POINT('',(102.96599500418,51.418184640853,
    6.349999427795));
#4007 = DIRECTION('',(0.,0.,1.));
#4008 = DIRECTION('',(1.,0.,-0.));
#4009 = ADVANCED_FACE('',(#4010),#4020,.T.);
#4010 = FACE_BOUND('',#4011,.T.);
#4011 = EDGE_LOOP('',(#4012,#4013,#4014));
#4012 = ORIENTED_EDGE('',*,*,#3997,.F.);
#4013 = ORIENTED_EDGE('',*,*,#3559,.F.);
#4014 = ORIENTED_EDGE('',*,*,#4015,.T.);
#4015 = EDGE_CURVE('',#1521,#3687,#4016,.T.);
#4016 = LINE('',#4017,#4018);
#4017 = CARTESIAN_POINT('',(99.918998718262,65.477996826172,
    6.349999427795));
#4018 = VECTOR('',#4019,1.);
#4019 = DIRECTION('',(-0.921183910233,-0.389127490071,0.));
#4020 = PLANE('',#4021);
#4021 = AXIS2_PLACEMENT_3D('',#4022,#4023,#4024);
#4022 = CARTESIAN_POINT('',(78.473086655015,56.187058765977,
    6.349999427795));
#4023 = DIRECTION('',(0.,0.,1.));
#4024 = DIRECTION('',(1.,0.,-0.));
#4025 = ADVANCED_FACE('',(#4026),#4036,.T.);
#4026 = FACE_BOUND('',#4027,.T.);
#4027 = EDGE_LOOP('',(#4028,#4029,#4030));
#4028 = ORIENTED_EDGE('',*,*,#4015,.F.);
#4029 = ORIENTED_EDGE('',*,*,#1626,.F.);
#4030 = ORIENTED_EDGE('',*,*,#4031,.T.);
#4031 = EDGE_CURVE('',#1387,#3687,#4032,.T.);
#4032 = LINE('',#4033,#4034);
#4033 = CARTESIAN_POINT('',(95.541999816895,65.477996826172,
    6.349999427795));
#4034 = VECTOR('',#4035,1.);
#4035 = DIRECTION('',(-0.905711769656,-0.423894079113,0.));
#4036 = PLANE('',#4037);
#4037 = AXIS2_PLACEMENT_3D('',#4038,#4039,#4040);
#4038 = CARTESIAN_POINT('',(77.363652495984,56.414159244282,
    6.349999427795));
#4039 = DIRECTION('',(0.,0.,1.));
#4040 = DIRECTION('',(1.,0.,-0.));
#4041 = ADVANCED_FACE('',(#4042),#4052,.T.);
#4042 = FACE_BOUND('',#4043,.T.);
#4043 = EDGE_LOOP('',(#4044,#4045,#4046));
#4044 = ORIENTED_EDGE('',*,*,#4031,.F.);
#4045 = ORIENTED_EDGE('',*,*,#1400,.F.);
#4046 = ORIENTED_EDGE('',*,*,#4047,.T.);
#4047 = EDGE_CURVE('',#737,#3687,#4048,.T.);
#4048 = LINE('',#4049,#4050);
#4049 = CARTESIAN_POINT('',(93.431999206543,65.477996826172,
    6.349999427795));
#4050 = VECTOR('',#4051,1.);
#4051 = DIRECTION('',(-0.896669472364,-0.442700640761,0.));
#4052 = PLANE('',#4053);
#4053 = AXIS2_PLACEMENT_3D('',#4054,#4055,#4056);
#4054 = CARTESIAN_POINT('',(75.217430526408,56.213083084509,
    6.349999427795));
#4055 = DIRECTION('',(0.,0.,1.));
#4056 = DIRECTION('',(1.,0.,-0.));
#4057 = ADVANCED_FACE('',(#4058),#4068,.T.);
#4058 = FACE_BOUND('',#4059,.T.);
#4059 = EDGE_LOOP('',(#4060,#4061,#4062));
#4060 = ORIENTED_EDGE('',*,*,#4047,.F.);
#4061 = ORIENTED_EDGE('',*,*,#759,.F.);
#4062 = ORIENTED_EDGE('',*,*,#4063,.T.);
#4063 = EDGE_CURVE('',#760,#3687,#4064,.T.);
#4064 = LINE('',#4065,#4066);
#4065 = CARTESIAN_POINT('',(89.055000305176,65.477996826172,
    6.349999427795));
#4066 = VECTOR('',#4067,1.);
#4067 = DIRECTION('',(-0.87355895488,-0.486718350125,0.));
#4068 = PLANE('',#4069);
#4069 = AXIS2_PLACEMENT_3D('',#4070,#4071,#4072);
#4070 = CARTESIAN_POINT('',(74.089385528733,56.471611385098,
    6.349999427795));
#4071 = DIRECTION('',(0.,0.,1.));
#4072 = DIRECTION('',(1.,0.,-0.));
#4073 = ADVANCED_FACE('',(#4074),#4084,.T.);
#4074 = FACE_BOUND('',#4075,.T.);
#4075 = EDGE_LOOP('',(#4076,#4077,#4078));
#4076 = ORIENTED_EDGE('',*,*,#4063,.F.);
#4077 = ORIENTED_EDGE('',*,*,#1268,.F.);
#4078 = ORIENTED_EDGE('',*,*,#4079,.T.);
#4079 = EDGE_CURVE('',#599,#3687,#4080,.T.);
#4080 = LINE('',#4081,#4082);
#4081 = CARTESIAN_POINT('',(86.944999694824,65.477996826172,
    6.349999427795));
#4082 = VECTOR('',#4083,1.);
#4083 = DIRECTION('',(-0.859773523042,-0.5106755223,0.));
#4084 = PLANE('',#4085);
#4085 = AXIS2_PLACEMENT_3D('',#4086,#4087,#4088);
#4086 = CARTESIAN_POINT('',(71.955754730963,56.245820009055,
    6.349999427795));
#4087 = DIRECTION('',(0.,0.,1.));
#4088 = DIRECTION('',(1.,0.,-0.));
#4089 = ADVANCED_FACE('',(#4090),#4100,.T.);
#4090 = FACE_BOUND('',#4091,.T.);
#4091 = EDGE_LOOP('',(#4092,#4093,#4094));
#4092 = ORIENTED_EDGE('',*,*,#4079,.F.);
#4093 = ORIENTED_EDGE('',*,*,#621,.F.);
#4094 = ORIENTED_EDGE('',*,*,#4095,.T.);
#4095 = EDGE_CURVE('',#622,#3687,#4096,.T.);
#4096 = LINE('',#4097,#4098);
#4097 = CARTESIAN_POINT('',(82.568000793457,65.477996826172,
    6.349999427795));
#4098 = VECTOR('',#4099,1.);
#4099 = DIRECTION('',(-0.823749797755,-0.566953499591,0.));
#4100 = PLANE('',#4101);
#4101 = AXIS2_PLACEMENT_3D('',#4102,#4103,#4104);
#4102 = CARTESIAN_POINT('',(70.798877717192,56.543675022704,
    6.349999427795));
#4103 = DIRECTION('',(0.,0.,1.));
#4104 = DIRECTION('',(1.,0.,-0.));
#4105 = ADVANCED_FACE('',(#4106),#4116,.T.);
#4106 = FACE_BOUND('',#4107,.T.);
#4107 = EDGE_LOOP('',(#4108,#4109,#4110));
#4108 = ORIENTED_EDGE('',*,*,#4095,.F.);
#4109 = ORIENTED_EDGE('',*,*,#1675,.F.);
#4110 = ORIENTED_EDGE('',*,*,#4111,.T.);
#4111 = EDGE_CURVE('',#461,#3687,#4112,.T.);
#4112 = LINE('',#4113,#4114);
#4113 = CARTESIAN_POINT('',(80.458000183105,65.477996826172,
    6.349999427795));
#4114 = VECTOR('',#4115,1.);
#4115 = DIRECTION('',(-0.801806508787,-0.597583736782,0.));
#4116 = PLANE('',#4117);
#4117 = AXIS2_PLACEMENT_3D('',#4118,#4119,#4120);
#4118 = CARTESIAN_POINT('',(68.683893894848,56.287314056636,
    6.349999427795));
#4119 = DIRECTION('',(0.,0.,1.));
#4120 = DIRECTION('',(1.,0.,-0.));
#4121 = ADVANCED_FACE('',(#4122),#4132,.T.);
#4122 = FACE_BOUND('',#4123,.T.);
#4123 = EDGE_LOOP('',(#4124,#4125,#4126));
#4124 = ORIENTED_EDGE('',*,*,#4111,.F.);
#4125 = ORIENTED_EDGE('',*,*,#483,.F.);
#4126 = ORIENTED_EDGE('',*,*,#4127,.T.);
#4127 = EDGE_CURVE('',#484,#3687,#4128,.T.);
#4128 = LINE('',#4129,#4130);
#4129 = CARTESIAN_POINT('',(76.081001281738,65.477996826172,
    6.349999427795));
#4130 = VECTOR('',#4131,1.);
#4131 = DIRECTION('',(-0.743287165038,-0.66897248844,0.));
#4132 = PLANE('',#4133);
#4133 = AXIS2_PLACEMENT_3D('',#4134,#4135,#4136);
#4134 = CARTESIAN_POINT('',(67.480414996918,56.633883401689,
    6.349999427795));
#4135 = DIRECTION('',(0.,0.,1.));
#4136 = DIRECTION('',(1.,0.,-0.));
#4137 = ADVANCED_FACE('',(#4138),#4148,.T.);
#4138 = FACE_BOUND('',#4139,.T.);
#4139 = EDGE_LOOP('',(#4140,#4141,#4142));
#4140 = ORIENTED_EDGE('',*,*,#4127,.F.);
#4141 = ORIENTED_EDGE('',*,*,#1719,.F.);
#4142 = ORIENTED_EDGE('',*,*,#4143,.T.);
#4143 = EDGE_CURVE('',#1712,#3687,#4144,.T.);
#4144 = LINE('',#4145,#4146);
#4145 = CARTESIAN_POINT('',(73.971000671387,65.477996826172,
    6.349999427795));
#4146 = VECTOR('',#4147,1.);
#4147 = DIRECTION('',(-0.707069535494,-0.707144024918,0.));
#4148 = PLANE('',#4149);
#4149 = AXIS2_PLACEMENT_3D('',#4150,#4151,#4152);
#4150 = CARTESIAN_POINT('',(65.394297972885,56.339316975715,
    6.349999427795));
#4151 = DIRECTION('',(0.,0.,1.));
#4152 = DIRECTION('',(1.,0.,-0.));
#4153 = ADVANCED_FACE('',(#4154),#4169,.T.);
#4154 = FACE_BOUND('',#4155,.T.);
#4155 = EDGE_LOOP('',(#4156,#4157,#4163));
#4156 = ORIENTED_EDGE('',*,*,#4143,.F.);
#4157 = ORIENTED_EDGE('',*,*,#4158,.T.);
#4158 = EDGE_CURVE('',#1712,#1848,#4159,.T.);
#4159 = LINE('',#4160,#4161);
#4160 = CARTESIAN_POINT('',(73.971000671387,65.477996826172,
    6.349999427795));
#4161 = VECTOR('',#4162,1.);
#4162 = DIRECTION('',(-1.,0.,0.));
#4163 = ORIENTED_EDGE('',*,*,#4164,.T.);
#4164 = EDGE_CURVE('',#1848,#3687,#4165,.T.);
#4165 = LINE('',#4166,#4167);
#4166 = CARTESIAN_POINT('',(69.59400177002,65.477996826172,
    6.349999427795));
#4167 = VECTOR('',#4168,1.);
#4168 = DIRECTION('',(-0.609712824553,-0.792622401636,0.));
#4169 = PLANE('',#4170);
#4170 = AXIS2_PLACEMENT_3D('',#4171,#4172,#4173);
#4171 = CARTESIAN_POINT('',(64.113231684902,56.742982358342,
    6.349999427795));
#4172 = DIRECTION('',(0.,0.,1.));
#4173 = DIRECTION('',(1.,0.,-0.));
#4174 = ADVANCED_FACE('',(#4175),#4185,.T.);
#4175 = FACE_BOUND('',#4176,.T.);
#4176 = EDGE_LOOP('',(#4177,#4178,#4179));
#4177 = ORIENTED_EDGE('',*,*,#4164,.F.);
#4178 = ORIENTED_EDGE('',*,*,#1878,.F.);
#4179 = ORIENTED_EDGE('',*,*,#4180,.T.);
#4180 = EDGE_CURVE('',#1871,#3687,#4181,.T.);
#4181 = LINE('',#4182,#4183);
#4182 = CARTESIAN_POINT('',(67.484001159668,65.477996826172,
    6.349999427795));
#4183 = VECTOR('',#4184,1.);
#4184 = DIRECTION('',(-0.54970222899,-0.835360676261,0.));
#4185 = PLANE('',#4186);
#4186 = AXIS2_PLACEMENT_3D('',#4187,#4188,#4189);
#4187 = CARTESIAN_POINT('',(62.074212881108,56.400517295142,
    6.349999427795));
#4188 = DIRECTION('',(0.,0.,1.));
#4189 = DIRECTION('',(1.,0.,-0.));
#4190 = ADVANCED_FACE('',(#4191),#4206,.T.);
#4191 = FACE_BOUND('',#4192,.T.);
#4192 = EDGE_LOOP('',(#4193,#4194,#4200));
#4193 = ORIENTED_EDGE('',*,*,#4180,.F.);
#4194 = ORIENTED_EDGE('',*,*,#4195,.T.);
#4195 = EDGE_CURVE('',#1871,#3253,#4196,.T.);
#4196 = LINE('',#4197,#4198);
#4197 = CARTESIAN_POINT('',(67.484001159668,65.477996826172,
    6.349999427795));
#4198 = VECTOR('',#4199,1.);
#4199 = DIRECTION('',(-1.,0.,0.));
#4200 = ORIENTED_EDGE('',*,*,#4201,.T.);
#4201 = EDGE_CURVE('',#3253,#3687,#4202,.T.);
#4202 = LINE('',#4203,#4204);
#4203 = CARTESIAN_POINT('',(63.106998443604,65.477996826172,
    6.349999427795));
#4204 = VECTOR('',#4205,1.);
#4205 = DIRECTION('',(-0.392994959043,-0.919540625621,0.));
#4206 = PLANE('',#4207);
#4207 = AXIS2_PLACEMENT_3D('',#4208,#4209,#4210);
#4208 = CARTESIAN_POINT('',(60.666136990314,56.860091811073,
    6.349999427795));
#4209 = DIRECTION('',(0.,0.,1.));
#4210 = DIRECTION('',(1.,0.,-0.));
#4211 = ADVANCED_FACE('',(#4212),#4222,.T.);
#4212 = FACE_BOUND('',#4213,.T.);
#4213 = EDGE_LOOP('',(#4214,#4215,#4221));
#4214 = ORIENTED_EDGE('',*,*,#3261,.F.);
#4215 = ORIENTED_EDGE('',*,*,#4216,.T.);
#4216 = EDGE_CURVE('',#185,#3687,#4217,.T.);
#4217 = LINE('',#4218,#4219);
#4218 = CARTESIAN_POINT('',(60.997001647949,65.477996826172,
    6.349999427795));
#4219 = VECTOR('',#4220,1.);
#4220 = DIRECTION('',(-0.301477659665,-0.953473240696,0.));
#4221 = ORIENTED_EDGE('',*,*,#4201,.F.);
#4222 = PLANE('',#4223);
#4223 = AXIS2_PLACEMENT_3D('',#4224,#4225,#4226);
#4224 = CARTESIAN_POINT('',(58.70810501369,56.459409780567,
    6.349999427795));
#4225 = DIRECTION('',(0.,0.,1.));
#4226 = DIRECTION('',(1.,0.,-0.));
#4227 = ADVANCED_FACE('',(#4228),#4238,.T.);
#4228 = FACE_BOUND('',#4229,.T.);
#4229 = EDGE_LOOP('',(#4230,#4236,#4237));
#4230 = ORIENTED_EDGE('',*,*,#4231,.T.);
#4231 = EDGE_CURVE('',#883,#162,#4232,.T.);
#4232 = LINE('',#4233,#4234);
#4233 = CARTESIAN_POINT('',(63.106998443604,65.477996826172,
    -7.629394644937E-07));
#4234 = VECTOR('',#4235,1.);
#4235 = DIRECTION('',(0.,0.950971416718,0.309278781338));
#4236 = ORIENTED_EDGE('',*,*,#170,.F.);
#4237 = ORIENTED_EDGE('',*,*,#933,.F.);
#4238 = PLANE('',#4239);
#4239 = AXIS2_PLACEMENT_3D('',#4240,#4241,#4242);
#4240 = CARTESIAN_POINT('',(63.106998443604,76.576338347523,
    1.839158574016));
#4241 = DIRECTION('',(-1.,-0.,-0.));
#4242 = DIRECTION('',(0.,0.,-1.));
#4243 = ADVANCED_FACE('',(#4244),#4254,.T.);
#4244 = FACE_BOUND('',#4245,.T.);
#4245 = EDGE_LOOP('',(#4246,#4252,#4253));
#4246 = ORIENTED_EDGE('',*,*,#4247,.T.);
#4247 = EDGE_CURVE('',#3253,#162,#4248,.T.);
#4248 = LINE('',#4249,#4250);
#4249 = CARTESIAN_POINT('',(63.106998443604,65.477996826172,
    6.349999427795));
#4250 = VECTOR('',#4251,1.);
#4251 = DIRECTION('',(0.,1.,0.));
#4252 = ORIENTED_EDGE('',*,*,#4231,.F.);
#4253 = ORIENTED_EDGE('',*,*,#3277,.F.);
#4254 = PLANE('',#4255);
#4255 = AXIS2_PLACEMENT_3D('',#4256,#4257,#4258);
#4256 = CARTESIAN_POINT('',(63.106998443604,73.9046568307,4.51084009084)
  );
#4257 = DIRECTION('',(-1.,-0.,-0.));
#4258 = DIRECTION('',(0.,0.,-1.));
#4259 = ADVANCED_FACE('',(#4260),#4270,.T.);
#4260 = FACE_BOUND('',#4261,.T.);
#4261 = EDGE_LOOP('',(#4262,#4263,#4269));
#4262 = ORIENTED_EDGE('',*,*,#2157,.F.);
#4263 = ORIENTED_EDGE('',*,*,#4264,.T.);
#4264 = EDGE_CURVE('',#2150,#2223,#4265,.T.);
#4265 = LINE('',#4266,#4267);
#4266 = CARTESIAN_POINT('',(108.51599884033,85.002998352051,
    -7.629394644937E-07));
#4267 = VECTOR('',#4268,1.);
#4268 = DIRECTION('',(0.98277693353,0.184795830369,0.));
#4269 = ORIENTED_EDGE('',*,*,#3457,.F.);
#4270 = PLANE('',#4271);
#4271 = AXIS2_PLACEMENT_3D('',#4272,#4273,#4274);
#4272 = CARTESIAN_POINT('',(137.7783270023,90.299424442325,
    -7.629394644937E-07));
#4273 = DIRECTION('',(-0.,-0.,-1.));
#4274 = DIRECTION('',(-1.,0.,0.));
#4275 = ADVANCED_FACE('',(#4276),#4286,.T.);
#4276 = FACE_BOUND('',#4277,.T.);
#4277 = EDGE_LOOP('',(#4278,#4279,#4285));
#4278 = ORIENTED_EDGE('',*,*,#3036,.F.);
#4279 = ORIENTED_EDGE('',*,*,#4280,.T.);
#4280 = EDGE_CURVE('',#2083,#2223,#4281,.T.);
#4281 = LINE('',#4282,#4283);
#4282 = CARTESIAN_POINT('',(106.40599822998,85.002998352051,
    -7.629394644937E-07));
#4283 = VECTOR('',#4284,1.);
#4284 = DIRECTION('',(0.983927273313,0.178569652606,0.));
#4285 = ORIENTED_EDGE('',*,*,#4264,.F.);
#4286 = PLANE('',#4287);
#4287 = AXIS2_PLACEMENT_3D('',#4288,#4289,#4290);
#4288 = CARTESIAN_POINT('',(136.71177568425,90.407330497776,
    -7.629394644937E-07));
#4289 = DIRECTION('',(-0.,-0.,-1.));
#4290 = DIRECTION('',(-1.,0.,0.));
#4291 = ADVANCED_FACE('',(#4292),#4307,.T.);
#4292 = FACE_BOUND('',#4293,.T.);
#4293 = EDGE_LOOP('',(#4294,#4295,#4301));
#4294 = ORIENTED_EDGE('',*,*,#2111,.F.);
#4295 = ORIENTED_EDGE('',*,*,#4296,.T.);
#4296 = EDGE_CURVE('',#1565,#1734,#4297,.T.);
#4297 = LINE('',#4298,#4299);
#4298 = CARTESIAN_POINT('',(102.02899932861,85.002998352051,
    -7.629394644937E-07));
#4299 = VECTOR('',#4300,1.);
#4300 = DIRECTION('',(-0.98362965136,0.180201856165,0.));
#4301 = ORIENTED_EDGE('',*,*,#4302,.T.);
#4302 = EDGE_CURVE('',#1734,#2083,#4303,.T.);
#4303 = LINE('',#4304,#4305);
#4304 = CARTESIAN_POINT('',(42.001998901367,96.,-7.629394644937E-07));
#4305 = VECTOR('',#4306,1.);
#4306 = DIRECTION('',(0.985733386322,-0.168314262885,0.));
#4307 = PLANE('',#4308);
#4308 = AXIS2_PLACEMENT_3D('',#4309,#4310,#4311);
#4309 = CARTESIAN_POINT('',(74.187275581715,90.317415573632,
    -7.629394644937E-07));
#4310 = DIRECTION('',(-0.,-0.,-1.));
#4311 = DIRECTION('',(-1.,0.,0.));
#4312 = ADVANCED_FACE('',(#4313),#4323,.T.);
#4313 = FACE_BOUND('',#4314,.T.);
#4314 = EDGE_LOOP('',(#4315,#4316,#4322));
#4315 = ORIENTED_EDGE('',*,*,#1573,.F.);
#4316 = ORIENTED_EDGE('',*,*,#4317,.T.);
#4317 = EDGE_CURVE('',#1478,#1734,#4318,.T.);
#4318 = LINE('',#4319,#4320);
#4319 = CARTESIAN_POINT('',(99.918998718262,85.002998352051,
    -7.629394644937E-07));
#4320 = VECTOR('',#4321,1.);
#4321 = DIRECTION('',(-0.982446929537,0.186542302559,0.));
#4322 = ORIENTED_EDGE('',*,*,#4296,.F.);
#4323 = PLANE('',#4324);
#4324 = AXIS2_PLACEMENT_3D('',#4325,#4326,#4327);
#4325 = CARTESIAN_POINT('',(72.006557203631,90.406470517781,
    -7.629394644937E-07));
#4326 = DIRECTION('',(-0.,-0.,-1.));
#4327 = DIRECTION('',(-1.,0.,0.));
#4328 = ADVANCED_FACE('',(#4329),#4339,.T.);
#4329 = FACE_BOUND('',#4330,.T.);
#4330 = EDGE_LOOP('',(#4331,#4332,#4338));
#4331 = ORIENTED_EDGE('',*,*,#1506,.F.);
#4332 = ORIENTED_EDGE('',*,*,#4333,.T.);
#4333 = EDGE_CURVE('',#806,#1734,#4334,.T.);
#4334 = LINE('',#4335,#4336);
#4335 = CARTESIAN_POINT('',(95.541999816895,85.002998352051,
    -7.629394644937E-07));
#4336 = VECTOR('',#4337,1.);
#4337 = DIRECTION('',(-0.979550672849,0.201197612614,0.));
#4338 = ORIENTED_EDGE('',*,*,#4317,.F.);
#4339 = PLANE('',#4340);
#4340 = AXIS2_PLACEMENT_3D('',#4341,#4342,#4343);
#4341 = CARTESIAN_POINT('',(70.939766646505,90.297518784332,
    -7.629394644937E-07));
#4342 = DIRECTION('',(-0.,-0.,-1.));
#4343 = DIRECTION('',(-1.,0.,0.));
#4344 = ADVANCED_FACE('',(#4345),#4355,.T.);
#4345 = FACE_BOUND('',#4346,.T.);
#4346 = EDGE_LOOP('',(#4347,#4348,#4354));
#4347 = ORIENTED_EDGE('',*,*,#821,.F.);
#4348 = ORIENTED_EDGE('',*,*,#4349,.T.);
#4349 = EDGE_CURVE('',#814,#1734,#4350,.T.);
#4350 = LINE('',#4351,#4352);
#4351 = CARTESIAN_POINT('',(93.431999206543,85.002998352051,
    -7.629394644937E-07));
#4352 = VECTOR('',#4353,1.);
#4353 = DIRECTION('',(-0.977894693543,0.209097987412,0.));
#4354 = ORIENTED_EDGE('',*,*,#4333,.F.);
#4355 = PLANE('',#4356);
#4356 = AXIS2_PLACEMENT_3D('',#4357,#4358,#4359);
#4357 = CARTESIAN_POINT('',(68.760783981315,90.395410941787,
    -7.629394644937E-07));
#4358 = DIRECTION('',(-0.,-0.,-1.));
#4359 = DIRECTION('',(-1.,0.,0.));
#4360 = ADVANCED_FACE('',(#4361),#4371,.T.);
#4361 = FACE_BOUND('',#4362,.T.);
#4362 = EDGE_LOOP('',(#4363,#4364,#4370));
#4363 = ORIENTED_EDGE('',*,*,#1333,.F.);
#4364 = ORIENTED_EDGE('',*,*,#4365,.T.);
#4365 = EDGE_CURVE('',#668,#1734,#4366,.T.);
#4366 = LINE('',#4367,#4368);
#4367 = CARTESIAN_POINT('',(89.055000305176,85.002998352051,
    -7.629394644937E-07));
#4368 = VECTOR('',#4369,1.);
#4369 = DIRECTION('',(-0.973758861663,0.227582247401,0.));
#4370 = ORIENTED_EDGE('',*,*,#4349,.F.);
#4371 = PLANE('',#4372);
#4372 = AXIS2_PLACEMENT_3D('',#4373,#4374,#4375);
#4373 = CARTESIAN_POINT('',(67.69064329486,90.272922853998,
    -7.629394644937E-07));
#4374 = DIRECTION('',(-0.,-0.,-1.));
#4375 = DIRECTION('',(-1.,0.,0.));
#4376 = ADVANCED_FACE('',(#4377),#4387,.T.);
#4377 = FACE_BOUND('',#4378,.T.);
#4378 = EDGE_LOOP('',(#4379,#4380,#4386));
#4379 = ORIENTED_EDGE('',*,*,#683,.F.);
#4380 = ORIENTED_EDGE('',*,*,#4381,.T.);
#4381 = EDGE_CURVE('',#676,#1734,#4382,.T.);
#4382 = LINE('',#4383,#4384);
#4383 = CARTESIAN_POINT('',(86.944999694824,85.002998352051,
    -7.629394644937E-07));
#4384 = VECTOR('',#4385,1.);
#4385 = DIRECTION('',(-0.971344468282,0.237676090378,0.));
#4386 = ORIENTED_EDGE('',*,*,#4365,.F.);
#4387 = PLANE('',#4388);
#4388 = AXIS2_PLACEMENT_3D('',#4389,#4390,#4391);
#4389 = CARTESIAN_POINT('',(65.514034417742,90.381521337989,
    -7.629394644937E-07));
#4390 = DIRECTION('',(-0.,-0.,-1.));
#4391 = DIRECTION('',(-1.,0.,0.));
#4392 = ADVANCED_FACE('',(#4393),#4403,.T.);
#4393 = FACE_BOUND('',#4394,.T.);
#4394 = EDGE_LOOP('',(#4395,#4396,#4402));
#4395 = ORIENTED_EDGE('',*,*,#1203,.F.);
#4396 = ORIENTED_EDGE('',*,*,#4397,.T.);
#4397 = EDGE_CURVE('',#530,#1734,#4398,.T.);
#4398 = LINE('',#4399,#4400);
#4399 = CARTESIAN_POINT('',(82.568000793457,85.002998352051,
    -7.629394644937E-07));
#4400 = VECTOR('',#4401,1.);
#4401 = DIRECTION('',(-0.96516405212,0.261645471001,0.));
#4402 = ORIENTED_EDGE('',*,*,#4381,.F.);
#4403 = PLANE('',#4404);
#4404 = AXIS2_PLACEMENT_3D('',#4405,#4406,#4407);
#4405 = CARTESIAN_POINT('',(64.438923854265,90.241810296098,
    -7.629394644937E-07));
#4406 = DIRECTION('',(-0.,-0.,-1.));
#4407 = DIRECTION('',(-1.,0.,0.));
#4408 = ADVANCED_FACE('',(#4409),#4419,.T.);
#4409 = FACE_BOUND('',#4410,.T.);
#4410 = EDGE_LOOP('',(#4411,#4412,#4418));
#4411 = ORIENTED_EDGE('',*,*,#545,.F.);
#4412 = ORIENTED_EDGE('',*,*,#4413,.T.);
#4413 = EDGE_CURVE('',#538,#1734,#4414,.T.);
#4414 = LINE('',#4415,#4416);
#4415 = CARTESIAN_POINT('',(80.458000183105,85.002998352051,
    -7.629394644937E-07));
#4416 = VECTOR('',#4417,1.);
#4417 = DIRECTION('',(-0.96146070218,0.274942390626,0.));
#4418 = ORIENTED_EDGE('',*,*,#4397,.F.);
#4419 = PLANE('',#4420);
#4420 = AXIS2_PLACEMENT_3D('',#4421,#4422,#4423);
#4421 = CARTESIAN_POINT('',(62.26567132534,90.363607974932,
    -7.629394644937E-07));
#4422 = DIRECTION('',(-0.,-0.,-1.));
#4423 = DIRECTION('',(-1.,0.,0.));
#4424 = ADVANCED_FACE('',(#4425),#4435,.T.);
#4425 = FACE_BOUND('',#4426,.T.);
#4426 = EDGE_LOOP('',(#4427,#4428,#4434));
#4427 = ORIENTED_EDGE('',*,*,#1115,.F.);
#4428 = ORIENTED_EDGE('',*,*,#4429,.T.);
#4429 = EDGE_CURVE('',#392,#1734,#4430,.T.);
#4430 = LINE('',#4431,#4432);
#4431 = CARTESIAN_POINT('',(76.081001281738,85.002998352051,
    -7.629394644937E-07));
#4432 = VECTOR('',#4433,1.);
#4433 = DIRECTION('',(-0.951677811262,0.307098263674,0.));
#4434 = ORIENTED_EDGE('',*,*,#4413,.F.);
#4435 = PLANE('',#4436);
#4436 = AXIS2_PLACEMENT_3D('',#4437,#4438,#4439);
#4437 = CARTESIAN_POINT('',(61.182771169679,90.201352357614,
    -7.629394644937E-07));
#4438 = DIRECTION('',(-0.,-0.,-1.));
#4439 = DIRECTION('',(-1.,0.,0.));
#4440 = ADVANCED_FACE('',(#4441),#4451,.T.);
#4441 = FACE_BOUND('',#4442,.T.);
#4442 = EDGE_LOOP('',(#4443,#4444,#4450));
#4443 = ORIENTED_EDGE('',*,*,#407,.F.);
#4444 = ORIENTED_EDGE('',*,*,#4445,.T.);
#4445 = EDGE_CURVE('',#400,#1734,#4446,.T.);
#4446 = LINE('',#4447,#4448);
#4447 = CARTESIAN_POINT('',(73.971000671387,85.002998352051,
    -7.629394644937E-07));
#4448 = VECTOR('',#4449,1.);
#4449 = DIRECTION('',(-0.945616947287,0.325282321996,0.));
#4450 = ORIENTED_EDGE('',*,*,#4429,.F.);
#4451 = PLANE('',#4452);
#4452 = AXIS2_PLACEMENT_3D('',#4453,#4454,#4455);
#4453 = CARTESIAN_POINT('',(59.014457542571,90.33974909605,
    -7.629394644937E-07));
#4454 = DIRECTION('',(-0.,-0.,-1.));
#4455 = DIRECTION('',(-1.,0.,0.));
#4456 = ADVANCED_FACE('',(#4457),#4467,.T.);
#4457 = FACE_BOUND('',#4458,.T.);
#4458 = EDGE_LOOP('',(#4459,#4460,#4466));
#4459 = ORIENTED_EDGE('',*,*,#1027,.F.);
#4460 = ORIENTED_EDGE('',*,*,#4461,.T.);
#4461 = EDGE_CURVE('',#300,#1734,#4462,.T.);
#4462 = LINE('',#4463,#4464);
#4463 = CARTESIAN_POINT('',(69.59400177002,85.002998352051,
    -7.629394644937E-07));
#4464 = VECTOR('',#4465,1.);
#4465 = DIRECTION('',(-0.928938016129,0.370235279506,0.));
#4466 = ORIENTED_EDGE('',*,*,#4445,.F.);
#4467 = PLANE('',#4468);
#4468 = AXIS2_PLACEMENT_3D('',#4469,#4470,#4471);
#4469 = CARTESIAN_POINT('',(57.918455488022,90.146986137578,
    -7.629394644937E-07));
#4470 = DIRECTION('',(-0.,-0.,-1.));
#4471 = DIRECTION('',(-1.,0.,0.));
#4472 = ADVANCED_FACE('',(#4473),#4483,.T.);
#4473 = FACE_BOUND('',#4474,.T.);
#4474 = EDGE_LOOP('',(#4475,#4476,#4482));
#4475 = ORIENTED_EDGE('',*,*,#315,.F.);
#4476 = ORIENTED_EDGE('',*,*,#4477,.T.);
#4477 = EDGE_CURVE('',#308,#1734,#4478,.T.);
#4478 = LINE('',#4479,#4480);
#4479 = CARTESIAN_POINT('',(67.484001159668,85.002998352051,
    -7.629394644937E-07));
#4480 = VECTOR('',#4481,1.);
#4481 = DIRECTION('',(-0.918148754012,0.39623587105,0.));
#4482 = ORIENTED_EDGE('',*,*,#4461,.F.);
#4483 = PLANE('',#4484);
#4484 = AXIS2_PLACEMENT_3D('',#4485,#4486,#4487);
#4485 = CARTESIAN_POINT('',(55.757765991751,90.306727671628,
    -7.629394644937E-07));
#4486 = DIRECTION('',(-0.,-0.,-1.));
#4487 = DIRECTION('',(-1.,0.,0.));
#4488 = ADVANCED_FACE('',(#4489),#4499,.T.);
#4489 = FACE_BOUND('',#4490,.T.);
#4490 = EDGE_LOOP('',(#4491,#4492,#4498));
#4491 = ORIENTED_EDGE('',*,*,#939,.F.);
#4492 = ORIENTED_EDGE('',*,*,#4493,.T.);
#4493 = EDGE_CURVE('',#130,#1734,#4494,.T.);
#4494 = LINE('',#4495,#4496);
#4495 = CARTESIAN_POINT('',(63.106998443604,85.002998352051,
    -7.629394644937E-07));
#4496 = VECTOR('',#4497,1.);
#4497 = DIRECTION('',(-0.886831188234,0.462093544183,0.));
#4498 = ORIENTED_EDGE('',*,*,#4477,.F.);
#4499 = PLANE('',#4500);
#4500 = AXIS2_PLACEMENT_3D('',#4501,#4502,#4503);
#4501 = CARTESIAN_POINT('',(54.637614316874,90.071185760485,
    -7.629394644937E-07));
#4502 = DIRECTION('',(-0.,-0.,-1.));
#4503 = DIRECTION('',(-1.,0.,0.));
#4504 = ADVANCED_FACE('',(#4505),#4515,.T.);
#4505 = FACE_BOUND('',#4506,.T.);
#4506 = EDGE_LOOP('',(#4507,#4508,#4514));
#4507 = ORIENTED_EDGE('',*,*,#147,.F.);
#4508 = ORIENTED_EDGE('',*,*,#4509,.T.);
#4509 = EDGE_CURVE('',#140,#1734,#4510,.T.);
#4510 = LINE('',#4511,#4512);
#4511 = CARTESIAN_POINT('',(60.997001647949,85.002998352051,
    -7.629394644937E-07));
#4512 = VECTOR('',#4513,1.);
#4513 = DIRECTION('',(-0.865428363872,0.501032680577,0.));
#4514 = ORIENTED_EDGE('',*,*,#4493,.F.);
#4515 = PLANE('',#4516);
#4516 = AXIS2_PLACEMENT_3D('',#4517,#4518,#4519);
#4517 = CARTESIAN_POINT('',(52.489385455049,90.259071790791,
    -7.629394644937E-07));
#4518 = DIRECTION('',(-0.,-0.,-1.));
#4519 = DIRECTION('',(-1.,0.,0.));
#4520 = ADVANCED_FACE('',(#4521),#4526,.T.);
#4521 = FACE_BOUND('',#4522,.T.);
#4522 = EDGE_LOOP('',(#4523,#4524,#4525));
#4523 = ORIENTED_EDGE('',*,*,#2222,.F.);
#4524 = ORIENTED_EDGE('',*,*,#4280,.F.);
#4525 = ORIENTED_EDGE('',*,*,#4302,.F.);
#4526 = PLANE('',#4527);
#4527 = AXIS2_PLACEMENT_3D('',#4528,#4529,#4530);
#4528 = CARTESIAN_POINT('',(104.51542312219,93.229774867308,
    -7.629394644937E-07));
#4529 = DIRECTION('',(-0.,-0.,-1.));
#4530 = DIRECTION('',(-1.,0.,0.));
#4531 = ADVANCED_FACE('',(#4532),#4537,.T.);
#4532 = FACE_BOUND('',#4533,.T.);
#4533 = EDGE_LOOP('',(#4534,#4535,#4536));
#4534 = ORIENTED_EDGE('',*,*,#3610,.F.);
#4535 = ORIENTED_EDGE('',*,*,#3740,.F.);
#4536 = ORIENTED_EDGE('',*,*,#62,.F.);
#4537 = PLANE('',#4538);
#4538 = AXIS2_PLACEMENT_3D('',#4539,#4540,#4541);
#4539 = CARTESIAN_POINT('',(103.01261215422,5.207794557786,
    6.349999427795));
#4540 = DIRECTION('',(0.,0.,1.));
#4541 = DIRECTION('',(1.,0.,-0.));
#4542 = ADVANCED_FACE('',(#4543),#4553,.T.);
#4543 = FACE_BOUND('',#4544,.T.);
#4544 = EDGE_LOOP('',(#4545,#4551,#4552));
#4545 = ORIENTED_EDGE('',*,*,#4546,.T.);
#4546 = EDGE_CURVE('',#162,#1871,#4547,.T.);
#4547 = LINE('',#4548,#4549);
#4548 = CARTESIAN_POINT('',(63.106998443604,85.002998352051,
    6.349999427795));
#4549 = VECTOR('',#4550,1.);
#4550 = DIRECTION('',(0.21874520774,-0.975782011563,0.));
#4551 = ORIENTED_EDGE('',*,*,#3859,.F.);
#4552 = ORIENTED_EDGE('',*,*,#262,.F.);
#4553 = PLANE('',#4554);
#4554 = AXIS2_PLACEMENT_3D('',#4555,#4556,#4557);
#4555 = CARTESIAN_POINT('',(66.268602453845,76.213600241321,
    6.349999427795));
#4556 = DIRECTION('',(0.,0.,1.));
#4557 = DIRECTION('',(1.,0.,-0.));
#4558 = ADVANCED_FACE('',(#4559),#4564,.T.);
#4559 = FACE_BOUND('',#4560,.T.);
#4560 = EDGE_LOOP('',(#4561,#4562,#4563));
#4561 = ORIENTED_EDGE('',*,*,#4195,.F.);
#4562 = ORIENTED_EDGE('',*,*,#4546,.F.);
#4563 = ORIENTED_EDGE('',*,*,#4247,.F.);
#4564 = PLANE('',#4565);
#4565 = AXIS2_PLACEMENT_3D('',#4566,#4567,#4568);
#4566 = CARTESIAN_POINT('',(64.322397149426,74.267394936902,
    6.349999427795));
#4567 = DIRECTION('',(0.,0.,1.));
#4568 = DIRECTION('',(1.,0.,-0.));
#4569 = ADVANCED_FACE('',(#4570),#4580,.T.);
#4570 = FACE_BOUND('',#4571,.T.);
#4571 = EDGE_LOOP('',(#4572,#4578,#4579));
#4572 = ORIENTED_EDGE('',*,*,#4573,.T.);
#4573 = EDGE_CURVE('',#970,#277,#4574,.T.);
#4574 = LINE('',#4575,#4576);
#4575 = CARTESIAN_POINT('',(69.59400177002,65.477996826172,
    -7.629394644937E-07));
#4576 = VECTOR('',#4577,1.);
#4577 = DIRECTION('',(0.,0.950971416718,0.309278781338));
#4578 = ORIENTED_EDGE('',*,*,#331,.F.);
#4579 = ORIENTED_EDGE('',*,*,#1021,.F.);
#4580 = PLANE('',#4581);
#4581 = AXIS2_PLACEMENT_3D('',#4582,#4583,#4584);
#4582 = CARTESIAN_POINT('',(69.59400177002,76.576338347523,
    1.839158574016));
#4583 = DIRECTION('',(-1.,-0.,-0.));
#4584 = DIRECTION('',(0.,0.,-1.));
#4585 = ADVANCED_FACE('',(#4586),#4596,.T.);
#4586 = FACE_BOUND('',#4587,.T.);
#4587 = EDGE_LOOP('',(#4588,#4594,#4595));
#4588 = ORIENTED_EDGE('',*,*,#4589,.T.);
#4589 = EDGE_CURVE('',#1848,#277,#4590,.T.);
#4590 = LINE('',#4591,#4592);
#4591 = CARTESIAN_POINT('',(69.59400177002,65.477996826172,
    6.349999427795));
#4592 = VECTOR('',#4593,1.);
#4593 = DIRECTION('',(0.,1.,0.));
#4594 = ORIENTED_EDGE('',*,*,#4573,.F.);
#4595 = ORIENTED_EDGE('',*,*,#1855,.F.);
#4596 = PLANE('',#4597);
#4597 = AXIS2_PLACEMENT_3D('',#4598,#4599,#4600);
#4598 = CARTESIAN_POINT('',(69.59400177002,73.9046568307,4.51084009084)
  );
#4599 = DIRECTION('',(-1.,-0.,-0.));
#4600 = DIRECTION('',(0.,0.,-1.));
#4601 = ADVANCED_FACE('',(#4602),#4607,.T.);
#4602 = FACE_BOUND('',#4603,.T.);
#4603 = EDGE_LOOP('',(#4604,#4605,#4606));
#4604 = ORIENTED_EDGE('',*,*,#1733,.F.);
#4605 = ORIENTED_EDGE('',*,*,#4509,.F.);
#4606 = ORIENTED_EDGE('',*,*,#207,.F.);
#4607 = PLANE('',#4608);
#4608 = AXIS2_PLACEMENT_3D('',#4609,#4610,#4611);
#4609 = CARTESIAN_POINT('',(53.894616802427,82.119915567477,
    -7.629394644937E-07));
#4610 = DIRECTION('',(-0.,-0.,-1.));
#4611 = DIRECTION('',(-1.,0.,0.));
#4612 = ADVANCED_FACE('',(#4613),#4623,.T.);
#4613 = FACE_BOUND('',#4614,.T.);
#4614 = EDGE_LOOP('',(#4615,#4621,#4622));
#4615 = ORIENTED_EDGE('',*,*,#4616,.T.);
#4616 = EDGE_CURVE('',#32,#1945,#4617,.T.);
#4617 = LINE('',#4618,#4619);
#4618 = CARTESIAN_POINT('',(42.001998901367,-15.,6.349999427795));
#4619 = VECTOR('',#4620,1.);
#4620 = DIRECTION('',(0.902376295345,0.430948977954,0.));
#4621 = ORIENTED_EDGE('',*,*,#3335,.F.);
#4622 = ORIENTED_EDGE('',*,*,#39,.F.);
#4623 = PLANE('',#4624);
#4624 = AXIS2_PLACEMENT_3D('',#4625,#4626,#4627);
#4625 = CARTESIAN_POINT('',(53.653819124351,-7.571478613252,
    6.349999427795));
#4626 = DIRECTION('',(0.,0.,1.));
#4627 = DIRECTION('',(1.,0.,-0.));
#4628 = ADVANCED_FACE('',(#4629),#4644,.T.);
#4629 = FACE_BOUND('',#4630,.T.);
#4630 = EDGE_LOOP('',(#4631,#4637,#4638));
#4631 = ORIENTED_EDGE('',*,*,#4632,.T.);
#4632 = EDGE_CURVE('',#3687,#231,#4633,.T.);
#4633 = LINE('',#4634,#4635);
#4634 = CARTESIAN_POINT('',(54.997001647949,46.501998901367,
    6.349999427795));
#4635 = VECTOR('',#4636,1.);
#4636 = DIRECTION('',(-0.253930621917,0.967222435251,0.));
#4637 = ORIENTED_EDGE('',*,*,#3821,.F.);
#4638 = ORIENTED_EDGE('',*,*,#4639,.T.);
#4639 = EDGE_CURVE('',#32,#3687,#4640,.T.);
#4640 = LINE('',#4641,#4642);
#4641 = CARTESIAN_POINT('',(42.001998901367,-15.,6.349999427795));
#4642 = VECTOR('',#4643,1.);
#4643 = DIRECTION('',(0.206729639948,0.978398107095,0.));
#4644 = PLANE('',#4645);
#4645 = AXIS2_PLACEMENT_3D('',#4646,#4647,#4648);
#4646 = CARTESIAN_POINT('',(45.294569051145,40.579878137021,
    6.349999427795));
#4647 = DIRECTION('',(0.,0.,1.));
#4648 = DIRECTION('',(1.,0.,-0.));
#4649 = ADVANCED_FACE('',(#4650),#4655,.T.);
#4650 = FACE_BOUND('',#4651,.T.);
#4651 = EDGE_LOOP('',(#4652,#4653,#4654));
#4652 = ORIENTED_EDGE('',*,*,#31,.F.);
#4653 = ORIENTED_EDGE('',*,*,#3777,.F.);
#4654 = ORIENTED_EDGE('',*,*,#4639,.F.);
#4655 = PLANE('',#4656);
#4656 = AXIS2_PLACEMENT_3D('',#4657,#4658,#4659);
#4657 = CARTESIAN_POINT('',(50.530421819704,15.184874586609,
    6.349999427795));
#4658 = DIRECTION('',(0.,0.,1.));
#4659 = DIRECTION('',(1.,0.,-0.));
#4660 = ADVANCED_FACE('',(#4661),#4666,.T.);
#4661 = FACE_BOUND('',#4662,.T.);
#4662 = EDGE_LOOP('',(#4663,#4664,#4665));
#4663 = ORIENTED_EDGE('',*,*,#3349,.F.);
#4664 = ORIENTED_EDGE('',*,*,#4632,.F.);
#4665 = ORIENTED_EDGE('',*,*,#4216,.F.);
#4666 = PLANE('',#4667);
#4667 = AXIS2_PLACEMENT_3D('',#4668,#4669,#4670);
#4668 = CARTESIAN_POINT('',(51.273267262273,71.600158451039,
    6.349999427795));
#4669 = DIRECTION('',(0.,0.,1.));
#4670 = DIRECTION('',(1.,0.,-0.));
#4671 = ADVANCED_FACE('',(#4672),#4682,.T.);
#4672 = FACE_BOUND('',#4673,.T.);
#4673 = EDGE_LOOP('',(#4674,#4680,#4681));
#4674 = ORIENTED_EDGE('',*,*,#4675,.T.);
#4675 = EDGE_CURVE('',#1058,#369,#4676,.T.);
#4676 = LINE('',#4677,#4678);
#4677 = CARTESIAN_POINT('',(76.081001281738,65.477996826172,
    -7.629394644937E-07));
#4678 = VECTOR('',#4679,1.);
#4679 = DIRECTION('',(0.,0.950971416718,0.309278781338));
#4680 = ORIENTED_EDGE('',*,*,#423,.F.);
#4681 = ORIENTED_EDGE('',*,*,#1109,.F.);
#4682 = PLANE('',#4683);
#4683 = AXIS2_PLACEMENT_3D('',#4684,#4685,#4686);
#4684 = CARTESIAN_POINT('',(76.081001281738,76.576338347523,
    1.839158574016));
#4685 = DIRECTION('',(-1.,-0.,-0.));
#4686 = DIRECTION('',(0.,0.,-1.));
#4687 = ADVANCED_FACE('',(#4688),#4693,.T.);
#4688 = FACE_BOUND('',#4689,.T.);
#4689 = EDGE_LOOP('',(#4690,#4691,#4692));
#4690 = ORIENTED_EDGE('',*,*,#492,.F.);
#4691 = ORIENTED_EDGE('',*,*,#4675,.F.);
#4692 = ORIENTED_EDGE('',*,*,#1696,.F.);
#4693 = PLANE('',#4694);
#4694 = AXIS2_PLACEMENT_3D('',#4695,#4696,#4697);
#4695 = CARTESIAN_POINT('',(76.081001281738,73.9046568307,4.51084009084)
  );
#4696 = DIRECTION('',(-1.,-0.,-0.));
#4697 = DIRECTION('',(0.,0.,-1.));
#4698 = ADVANCED_FACE('',(#4699),#4709,.T.);
#4699 = FACE_BOUND('',#4700,.T.);
#4700 = EDGE_LOOP('',(#4701,#4707,#4708));
#4701 = ORIENTED_EDGE('',*,*,#4702,.T.);
#4702 = EDGE_CURVE('',#277,#1712,#4703,.T.);
#4703 = LINE('',#4704,#4705);
#4704 = CARTESIAN_POINT('',(69.59400177002,85.002998352051,
    6.349999427795));
#4705 = VECTOR('',#4706,1.);
#4706 = DIRECTION('',(0.218745026219,-0.975782052256,0.));
#4707 = ORIENTED_EDGE('',*,*,#3715,.F.);
#4708 = ORIENTED_EDGE('',*,*,#354,.F.);
#4709 = PLANE('',#4710);
#4710 = AXIS2_PLACEMENT_3D('',#4711,#4712,#4713);
#4711 = CARTESIAN_POINT('',(72.75560312785,76.213599496258,
    6.349999427795));
#4712 = DIRECTION('',(0.,0.,1.));
#4713 = DIRECTION('',(1.,0.,-0.));
#4714 = ADVANCED_FACE('',(#4715),#4720,.T.);
#4715 = FACE_BOUND('',#4716,.T.);
#4716 = EDGE_LOOP('',(#4717,#4718,#4719));
#4717 = ORIENTED_EDGE('',*,*,#4158,.F.);
#4718 = ORIENTED_EDGE('',*,*,#4702,.F.);
#4719 = ORIENTED_EDGE('',*,*,#4589,.F.);
#4720 = PLANE('',#4721);
#4721 = AXIS2_PLACEMENT_3D('',#4722,#4723,#4724);
#4722 = CARTESIAN_POINT('',(70.809399313556,74.267395681965,
    6.349999427795));
#4723 = DIRECTION('',(0.,0.,1.));
#4724 = DIRECTION('',(1.,0.,-0.));
#4725 = ADVANCED_FACE('',(#4726),#4736,.T.);
#4726 = FACE_BOUND('',#4727,.T.);
#4727 = EDGE_LOOP('',(#4728,#4734,#4735));
#4728 = ORIENTED_EDGE('',*,*,#4729,.T.);
#4729 = EDGE_CURVE('',#1146,#507,#4730,.T.);
#4730 = LINE('',#4731,#4732);
#4731 = CARTESIAN_POINT('',(82.568000793457,65.477996826172,
    -7.629394644937E-07));
#4732 = VECTOR('',#4733,1.);
#4733 = DIRECTION('',(0.,0.950971416718,0.309278781338));
#4734 = ORIENTED_EDGE('',*,*,#561,.F.);
#4735 = ORIENTED_EDGE('',*,*,#1197,.F.);
#4736 = PLANE('',#4737);
#4737 = AXIS2_PLACEMENT_3D('',#4738,#4739,#4740);
#4738 = CARTESIAN_POINT('',(82.568000793457,76.576338347523,
    1.839158574016));
#4739 = DIRECTION('',(-1.,-0.,-0.));
#4740 = DIRECTION('',(0.,0.,-1.));
#4741 = ADVANCED_FACE('',(#4742),#4747,.T.);
#4742 = FACE_BOUND('',#4743,.T.);
#4743 = EDGE_LOOP('',(#4744,#4745,#4746));
#4744 = ORIENTED_EDGE('',*,*,#630,.F.);
#4745 = ORIENTED_EDGE('',*,*,#4729,.F.);
#4746 = ORIENTED_EDGE('',*,*,#1654,.F.);
#4747 = PLANE('',#4748);
#4748 = AXIS2_PLACEMENT_3D('',#4749,#4750,#4751);
#4749 = CARTESIAN_POINT('',(82.568000793457,73.9046568307,4.51084009084)
  );
#4750 = DIRECTION('',(-1.,-0.,-0.));
#4751 = DIRECTION('',(0.,0.,-1.));
#4752 = ADVANCED_FACE('',(#4753),#4763,.T.);
#4753 = FACE_BOUND('',#4754,.T.);
#4754 = EDGE_LOOP('',(#4755,#4756,#4757));
#4755 = ORIENTED_EDGE('',*,*,#1952,.F.);
#4756 = ORIENTED_EDGE('',*,*,#4616,.F.);
#4757 = ORIENTED_EDGE('',*,*,#4758,.T.);
#4758 = EDGE_CURVE('',#32,#1937,#4759,.T.);
#4759 = LINE('',#4760,#4761);
#4760 = CARTESIAN_POINT('',(42.001998901367,-15.,6.349999427795));
#4761 = VECTOR('',#4762,1.);
#4762 = DIRECTION('',(0.988513701779,0.151131272066,0.));
#4763 = PLANE('',#4764);
#4764 = AXIS2_PLACEMENT_3D('',#4765,#4766,#4767);
#4765 = CARTESIAN_POINT('',(74.319787523142,-8.340755559504,
    6.349999427795));
#4766 = DIRECTION('',(0.,0.,1.));
#4767 = DIRECTION('',(1.,0.,-0.));
#4768 = ADVANCED_FACE('',(#4769),#4774,.T.);
#4769 = FACE_BOUND('',#4770,.T.);
#4770 = EDGE_LOOP('',(#4771,#4772,#4773));
#4771 = ORIENTED_EDGE('',*,*,#2693,.F.);
#4772 = ORIENTED_EDGE('',*,*,#3589,.F.);
#4773 = ORIENTED_EDGE('',*,*,#4758,.F.);
#4774 = PLANE('',#4775);
#4775 = AXIS2_PLACEMENT_3D('',#4776,#4777,#4778);
#4776 = CARTESIAN_POINT('',(104.51916848986,-12.48493258344,
    6.349999427795));
#4777 = DIRECTION('',(0.,0.,1.));
#4778 = DIRECTION('',(1.,0.,-0.));
#4779 = ADVANCED_FACE('',(#4780),#4790,.T.);
#4780 = FACE_BOUND('',#4781,.T.);
#4781 = EDGE_LOOP('',(#4782,#4788,#4789));
#4782 = ORIENTED_EDGE('',*,*,#4783,.T.);
#4783 = EDGE_CURVE('',#1234,#645,#4784,.T.);
#4784 = LINE('',#4785,#4786);
#4785 = CARTESIAN_POINT('',(89.055000305176,65.477996826172,
    -7.629394644937E-07));
#4786 = VECTOR('',#4787,1.);
#4787 = DIRECTION('',(0.,0.950971416718,0.309278781338));
#4788 = ORIENTED_EDGE('',*,*,#699,.F.);
#4789 = ORIENTED_EDGE('',*,*,#1327,.F.);
#4790 = PLANE('',#4791);
#4791 = AXIS2_PLACEMENT_3D('',#4792,#4793,#4794);
#4792 = CARTESIAN_POINT('',(89.055000305176,76.576338347523,
    1.839158574016));
#4793 = DIRECTION('',(-1.,-0.,-0.));
#4794 = DIRECTION('',(0.,0.,-1.));
#4795 = ADVANCED_FACE('',(#4796),#4801,.T.);
#4796 = FACE_BOUND('',#4797,.T.);
#4797 = EDGE_LOOP('',(#4798,#4799,#4800));
#4798 = ORIENTED_EDGE('',*,*,#768,.F.);
#4799 = ORIENTED_EDGE('',*,*,#4783,.F.);
#4800 = ORIENTED_EDGE('',*,*,#1284,.F.);
#4801 = PLANE('',#4802);
#4802 = AXIS2_PLACEMENT_3D('',#4803,#4804,#4805);
#4803 = CARTESIAN_POINT('',(89.055000305176,73.9046568307,4.51084009084)
  );
#4804 = DIRECTION('',(-1.,-0.,-0.));
#4805 = DIRECTION('',(0.,0.,-1.));
#4806 = ADVANCED_FACE('',(#4807),#4817,.T.);
#4807 = FACE_BOUND('',#4808,.T.);
#4808 = EDGE_LOOP('',(#4809,#4815,#4816));
#4809 = ORIENTED_EDGE('',*,*,#4810,.T.);
#4810 = EDGE_CURVE('',#1364,#783,#4811,.T.);
#4811 = LINE('',#4812,#4813);
#4812 = CARTESIAN_POINT('',(95.541999816895,65.477996826172,
    -7.629394644937E-07));
#4813 = VECTOR('',#4814,1.);
#4814 = DIRECTION('',(0.,0.950971416718,0.309278781338));
#4815 = ORIENTED_EDGE('',*,*,#837,.F.);
#4816 = ORIENTED_EDGE('',*,*,#1500,.F.);
#4817 = PLANE('',#4818);
#4818 = AXIS2_PLACEMENT_3D('',#4819,#4820,#4821);
#4819 = CARTESIAN_POINT('',(95.541999816895,76.576338347523,
    1.839158574016));
#4820 = DIRECTION('',(-1.,-0.,-0.));
#4821 = DIRECTION('',(0.,0.,-1.));
#4822 = ADVANCED_FACE('',(#4823),#4828,.T.);
#4823 = FACE_BOUND('',#4824,.T.);
#4824 = EDGE_LOOP('',(#4825,#4826,#4827));
#4825 = ORIENTED_EDGE('',*,*,#1633,.F.);
#4826 = ORIENTED_EDGE('',*,*,#4810,.F.);
#4827 = ORIENTED_EDGE('',*,*,#1416,.F.);
#4828 = PLANE('',#4829);
#4829 = AXIS2_PLACEMENT_3D('',#4830,#4831,#4832);
#4830 = CARTESIAN_POINT('',(95.541999816895,73.9046568307,4.51084009084)
  );
#4831 = DIRECTION('',(-1.,-0.,-0.));
#4832 = DIRECTION('',(0.,0.,-1.));
#4833 = ADVANCED_FACE('',(#4834),#4844,.T.);
#4834 = FACE_BOUND('',#4835,.T.);
#4835 = EDGE_LOOP('',(#4836,#4842,#4843));
#4836 = ORIENTED_EDGE('',*,*,#4837,.T.);
#4837 = EDGE_CURVE('',#1454,#1588,#4838,.T.);
#4838 = LINE('',#4839,#4840);
#4839 = CARTESIAN_POINT('',(102.02899932861,65.477996826172,
    -7.629394644937E-07));
#4840 = VECTOR('',#4841,1.);
#4841 = DIRECTION('',(0.,0.950971416718,0.309278781338));
#4842 = ORIENTED_EDGE('',*,*,#1596,.F.);
#4843 = ORIENTED_EDGE('',*,*,#2105,.F.);
#4844 = PLANE('',#4845);
#4845 = AXIS2_PLACEMENT_3D('',#4846,#4847,#4848);
#4846 = CARTESIAN_POINT('',(102.02899932861,76.576338347523,
    1.839158574016));
#4847 = DIRECTION('',(-1.,-0.,-0.));
#4848 = DIRECTION('',(0.,0.,-1.));
#4849 = ADVANCED_FACE('',(#4850),#4855,.T.);
#4850 = FACE_BOUND('',#4851,.T.);
#4851 = EDGE_LOOP('',(#4852,#4853,#4854));
#4852 = ORIENTED_EDGE('',*,*,#2989,.F.);
#4853 = ORIENTED_EDGE('',*,*,#4837,.F.);
#4854 = ORIENTED_EDGE('',*,*,#3575,.F.);
#4855 = PLANE('',#4856);
#4856 = AXIS2_PLACEMENT_3D('',#4857,#4858,#4859);
#4857 = CARTESIAN_POINT('',(102.02899932861,73.9046568307,4.51084009084)
  );
#4858 = DIRECTION('',(-1.,-0.,-0.));
#4859 = DIRECTION('',(0.,0.,-1.));
#4860 = ADVANCED_FACE('',(#4861),#4871,.T.);
#4861 = FACE_BOUND('',#4862,.T.);
#4862 = EDGE_LOOP('',(#4863,#4869,#4870));
#4863 = ORIENTED_EDGE('',*,*,#4864,.T.);
#4864 = EDGE_CURVE('',#2013,#2815,#4865,.T.);
#4865 = LINE('',#4866,#4867);
#4866 = CARTESIAN_POINT('',(108.51599884033,65.477996826172,
    -7.629394644937E-07));
#4867 = VECTOR('',#4868,1.);
#4868 = DIRECTION('',(0.,0.950971416718,0.309278781338));
#4869 = ORIENTED_EDGE('',*,*,#3057,.F.);
#4870 = ORIENTED_EDGE('',*,*,#2149,.F.);
#4871 = PLANE('',#4872);
#4872 = AXIS2_PLACEMENT_3D('',#4873,#4874,#4875);
#4873 = CARTESIAN_POINT('',(108.51599884033,76.576338347523,
    1.839158574016));
#4874 = DIRECTION('',(-1.,-0.,-0.));
#4875 = DIRECTION('',(0.,0.,-1.));
#4876 = ADVANCED_FACE('',(#4877),#4882,.T.);
#4877 = FACE_BOUND('',#4878,.T.);
#4878 = EDGE_LOOP('',(#4879,#4880,#4881));
#4879 = ORIENTED_EDGE('',*,*,#2846,.F.);
#4880 = ORIENTED_EDGE('',*,*,#4864,.F.);
#4881 = ORIENTED_EDGE('',*,*,#3399,.F.);
#4882 = PLANE('',#4883);
#4883 = AXIS2_PLACEMENT_3D('',#4884,#4885,#4886);
#4884 = CARTESIAN_POINT('',(108.51599884033,73.9046568307,4.51084009084)
  );
#4885 = DIRECTION('',(-1.,-0.,-0.));
#4886 = DIRECTION('',(0.,0.,-1.));
#4887 = ORIENTED_CLOSED_SHELL('',*,#4888,.F.);
#4888 = CLOSED_SHELL('',(#4889,#4921,#4944,#4976,#4999,#5031,#5054,#5077
    ,#5100,#5123,#5146,#5169,#5192,#5208,#5231,#5252,#5275,#5291,#5314,
    #5335,#5358,#5379,#5402,#5425,#5455,#5471,#5494,#5515,#5536,#5559,
    #5582,#5605,#5621,#5644,#5667,#5690,#5713,#5729,#5752,#5768,#5784,
    #5805,#5828,#5844,#5865,#5881,#5892,#5908,#5924,#5945,#5956,#5977,
    #5988,#6004,#6020,#6041,#6052,#6068,#6079,#6102,#6125,#6148,#6171,
    #6187,#6203,#6219,#6230,#6251,#6262,#6278,#6299,#6315,#6326,#6342,
    #6363,#6379,#6400,#6411,#6422,#6438));
#4889 = ADVANCED_FACE('',(#4890),#4916,.F.);
#4890 = FACE_BOUND('',#4891,.F.);
#4891 = EDGE_LOOP('',(#4892,#4902,#4910));
#4892 = ORIENTED_EDGE('',*,*,#4893,.T.);
#4893 = EDGE_CURVE('',#4894,#4896,#4898,.T.);
#4894 = VERTEX_POINT('',#4895);
#4895 = CARTESIAN_POINT('',(-81.40000152587,98.75,6.349999904633));
#4896 = VERTEX_POINT('',#4897);
#4897 = CARTESIAN_POINT('',(-87.75,99.,6.349999904633));
#4898 = LINE('',#4899,#4900);
#4899 = CARTESIAN_POINT('',(-81.40000152587,98.75,6.349999904633));
#4900 = VECTOR('',#4901,1.);
#4901 = DIRECTION('',(-0.999225897857,3.9339611731E-02,0.));
#4902 = ORIENTED_EDGE('',*,*,#4903,.T.);
#4903 = EDGE_CURVE('',#4896,#4904,#4906,.T.);
#4904 = VERTEX_POINT('',#4905);
#4905 = CARTESIAN_POINT('',(-81.40000152587,99.,6.349999904633));
#4906 = LINE('',#4907,#4908);
#4907 = CARTESIAN_POINT('',(-87.75,99.,6.349999904633));
#4908 = VECTOR('',#4909,1.);
#4909 = DIRECTION('',(1.,0.,0.));
#4910 = ORIENTED_EDGE('',*,*,#4911,.T.);
#4911 = EDGE_CURVE('',#4904,#4894,#4912,.T.);
#4912 = LINE('',#4913,#4914);
#4913 = CARTESIAN_POINT('',(-81.40000152587,99.,6.349999904633));
#4914 = VECTOR('',#4915,1.);
#4915 = DIRECTION('',(0.,-1.,0.));
#4916 = PLANE('',#4917);
#4917 = AXIS2_PLACEMENT_3D('',#4918,#4919,#4920);
#4918 = CARTESIAN_POINT('',(-84.51373060181,98.936270161123,
    6.349999904633));
#4919 = DIRECTION('',(-0.,-0.,-1.));
#4920 = DIRECTION('',(-1.,0.,0.));
#4921 = ADVANCED_FACE('',(#4922),#4939,.F.);
#4922 = FACE_BOUND('',#4923,.F.);
#4923 = EDGE_LOOP('',(#4924,#4932,#4933));
#4924 = ORIENTED_EDGE('',*,*,#4925,.T.);
#4925 = EDGE_CURVE('',#4926,#4896,#4928,.T.);
#4926 = VERTEX_POINT('',#4927);
#4927 = CARTESIAN_POINT('',(-87.75,98.75,6.349999904633));
#4928 = LINE('',#4929,#4930);
#4929 = CARTESIAN_POINT('',(-87.75,98.75,6.349999904633));
#4930 = VECTOR('',#4931,1.);
#4931 = DIRECTION('',(0.,1.,0.));
#4932 = ORIENTED_EDGE('',*,*,#4893,.F.);
#4933 = ORIENTED_EDGE('',*,*,#4934,.F.);
#4934 = EDGE_CURVE('',#4926,#4894,#4935,.T.);
#4935 = LINE('',#4936,#4937);
#4936 = CARTESIAN_POINT('',(-87.75,98.75,6.349999904633));
#4937 = VECTOR('',#4938,1.);
#4938 = DIRECTION('',(1.,0.,0.));
#4939 = PLANE('',#4940);
#4940 = AXIS2_PLACEMENT_3D('',#4941,#4942,#4943);
#4941 = CARTESIAN_POINT('',(-84.63627092406,98.813729838877,
    6.349999904633));
#4942 = DIRECTION('',(-0.,-0.,-1.));
#4943 = DIRECTION('',(-1.,0.,0.));
#4944 = ADVANCED_FACE('',(#4945),#4971,.F.);
#4945 = FACE_BOUND('',#4946,.F.);
#4946 = EDGE_LOOP('',(#4947,#4957,#4965));
#4947 = ORIENTED_EDGE('',*,*,#4948,.T.);
#4948 = EDGE_CURVE('',#4949,#4951,#4953,.T.);
#4949 = VERTEX_POINT('',#4950);
#4950 = CARTESIAN_POINT('',(36.75,93.75,6.349999904633));
#4951 = VERTEX_POINT('',#4952);
#4952 = CARTESIAN_POINT('',(37.,98.75,6.349999904633));
#4953 = LINE('',#4954,#4955);
#4954 = CARTESIAN_POINT('',(36.75,93.75,6.349999904633));
#4955 = VECTOR('',#4956,1.);
#4956 = DIRECTION('',(4.993761694389E-02,0.998752338878,0.));
#4957 = ORIENTED_EDGE('',*,*,#4958,.T.);
#4958 = EDGE_CURVE('',#4951,#4959,#4961,.T.);
#4959 = VERTEX_POINT('',#4960);
#4960 = CARTESIAN_POINT('',(37.,93.75,6.349999904633));
#4961 = LINE('',#4962,#4963);
#4962 = CARTESIAN_POINT('',(37.,98.75,6.349999904633));
#4963 = VECTOR('',#4964,1.);
#4964 = DIRECTION('',(0.,-1.,0.));
#4965 = ORIENTED_EDGE('',*,*,#4966,.T.);
#4966 = EDGE_CURVE('',#4959,#4949,#4967,.T.);
#4967 = LINE('',#4968,#4969);
#4968 = CARTESIAN_POINT('',(37.,93.75,6.349999904633));
#4969 = VECTOR('',#4970,1.);
#4970 = DIRECTION('',(-1.,0.,0.));
#4971 = PLANE('',#4972);
#4972 = AXIS2_PLACEMENT_3D('',#4973,#4974,#4975);
#4973 = CARTESIAN_POINT('',(36.935938475344,96.189061524656,
    6.349999904633));
#4974 = DIRECTION('',(-0.,-0.,-1.));
#4975 = DIRECTION('',(-1.,0.,0.));
#4976 = ADVANCED_FACE('',(#4977),#4994,.F.);
#4977 = FACE_BOUND('',#4978,.F.);
#4978 = EDGE_LOOP('',(#4979,#4987,#4988));
#4979 = ORIENTED_EDGE('',*,*,#4980,.T.);
#4980 = EDGE_CURVE('',#4981,#4951,#4983,.T.);
#4981 = VERTEX_POINT('',#4982);
#4982 = CARTESIAN_POINT('',(30.39999961853,93.75,6.349999904633));
#4983 = LINE('',#4984,#4985);
#4984 = CARTESIAN_POINT('',(30.39999961853,93.75,6.349999904633));
#4985 = VECTOR('',#4986,1.);
#4986 = DIRECTION('',(0.797092164953,0.60385766582,0.));
#4987 = ORIENTED_EDGE('',*,*,#4948,.F.);
#4988 = ORIENTED_EDGE('',*,*,#4989,.F.);
#4989 = EDGE_CURVE('',#4981,#4949,#4990,.T.);
#4990 = LINE('',#4991,#4992);
#4991 = CARTESIAN_POINT('',(30.39999961853,93.75,6.349999904633));
#4992 = VECTOR('',#4993,1.);
#4993 = DIRECTION('',(1.,0.,0.));
#4994 = PLANE('',#4995);
#4995 = AXIS2_PLACEMENT_3D('',#4996,#4997,#4998);
#4996 = CARTESIAN_POINT('',(34.469037198824,95.441550044287,
    6.349999904633));
#4997 = DIRECTION('',(-0.,-0.,-1.));
#4998 = DIRECTION('',(-1.,0.,0.));
#4999 = ADVANCED_FACE('',(#5000),#5026,.F.);
#5000 = FACE_BOUND('',#5001,.F.);
#5001 = EDGE_LOOP('',(#5002,#5012,#5020));
#5002 = ORIENTED_EDGE('',*,*,#5003,.T.);
#5003 = EDGE_CURVE('',#5004,#5006,#5008,.T.);
#5004 = VERTEX_POINT('',#5005);
#5005 = CARTESIAN_POINT('',(36.75,-6.400000095367,6.349999904633));
#5006 = VERTEX_POINT('',#5007);
#5007 = CARTESIAN_POINT('',(37.,-6.400000095367,37.));
#5008 = LINE('',#5009,#5010);
#5009 = CARTESIAN_POINT('',(36.75,-6.400000095367,6.349999904633));
#5010 = VECTOR('',#5011,1.);
#5011 = DIRECTION('',(8.156335509224E-03,0.,0.999966736542));
#5012 = ORIENTED_EDGE('',*,*,#5013,.T.);
#5013 = EDGE_CURVE('',#5006,#5014,#5016,.T.);
#5014 = VERTEX_POINT('',#5015);
#5015 = CARTESIAN_POINT('',(37.,-6.400000095367,6.349999904633));
#5016 = LINE('',#5017,#5018);
#5017 = CARTESIAN_POINT('',(37.,-6.400000095367,37.));
#5018 = VECTOR('',#5019,1.);
#5019 = DIRECTION('',(0.,0.,-1.));
#5020 = ORIENTED_EDGE('',*,*,#5021,.T.);
#5021 = EDGE_CURVE('',#5014,#5004,#5022,.T.);
#5022 = LINE('',#5023,#5024);
#5023 = CARTESIAN_POINT('',(37.,-6.400000095367,6.349999904633));
#5024 = VECTOR('',#5025,1.);
#5025 = DIRECTION('',(-1.,0.,0.));
#5026 = PLANE('',#5027);
#5027 = AXIS2_PLACEMENT_3D('',#5028,#5029,#5030);
#5028 = CARTESIAN_POINT('',(36.937245110276,-6.400000095367,
    21.61275484204));
#5029 = DIRECTION('',(0.,1.,0.));
#5030 = DIRECTION('',(0.,-0.,1.));
#5031 = ADVANCED_FACE('',(#5032),#5049,.F.);
#5032 = FACE_BOUND('',#5033,.F.);
#5033 = EDGE_LOOP('',(#5034,#5042,#5043));
#5034 = ORIENTED_EDGE('',*,*,#5035,.T.);
#5035 = EDGE_CURVE('',#5036,#5006,#5038,.T.);
#5036 = VERTEX_POINT('',#5037);
#5037 = CARTESIAN_POINT('',(36.75,-6.400000095367,37.));
#5038 = LINE('',#5039,#5040);
#5039 = CARTESIAN_POINT('',(36.75,-6.400000095367,37.));
#5040 = VECTOR('',#5041,1.);
#5041 = DIRECTION('',(1.,0.,0.));
#5042 = ORIENTED_EDGE('',*,*,#5003,.F.);
#5043 = ORIENTED_EDGE('',*,*,#5044,.T.);
#5044 = EDGE_CURVE('',#5004,#5036,#5045,.T.);
#5045 = LINE('',#5046,#5047);
#5046 = CARTESIAN_POINT('',(36.75,-6.400000095367,6.349999904633));
#5047 = VECTOR('',#5048,1.);
#5048 = DIRECTION('',(0.,0.,1.));
#5049 = PLANE('',#5050);
#5050 = AXIS2_PLACEMENT_3D('',#5051,#5052,#5053);
#5051 = CARTESIAN_POINT('',(36.812754889724,-6.400000095367,
    21.737245062592));
#5052 = DIRECTION('',(0.,1.,0.));
#5053 = DIRECTION('',(0.,-0.,1.));
#5054 = ADVANCED_FACE('',(#5055),#5072,.F.);
#5055 = FACE_BOUND('',#5056,.F.);
#5056 = EDGE_LOOP('',(#5057,#5065,#5066));
#5057 = ORIENTED_EDGE('',*,*,#5058,.T.);
#5058 = EDGE_CURVE('',#5059,#5006,#5061,.T.);
#5059 = VERTEX_POINT('',#5060);
#5060 = CARTESIAN_POINT('',(37.,-12.75,37.));
#5061 = LINE('',#5062,#5063);
#5062 = CARTESIAN_POINT('',(37.,-12.75,37.));
#5063 = VECTOR('',#5064,1.);
#5064 = DIRECTION('',(0.,1.,0.));
#5065 = ORIENTED_EDGE('',*,*,#5035,.F.);
#5066 = ORIENTED_EDGE('',*,*,#5067,.F.);
#5067 = EDGE_CURVE('',#5059,#5036,#5068,.T.);
#5068 = LINE('',#5069,#5070);
#5069 = CARTESIAN_POINT('',(37.,-12.75,37.));
#5070 = VECTOR('',#5071,1.);
#5071 = DIRECTION('',(-3.933960288239E-02,0.999225898206,0.));
#5072 = PLANE('',#5073);
#5073 = AXIS2_PLACEMENT_3D('',#5074,#5075,#5076);
#5074 = CARTESIAN_POINT('',(36.9362701614,-9.513729886284,37.));
#5075 = DIRECTION('',(0.,0.,1.));
#5076 = DIRECTION('',(1.,0.,-0.));
#5077 = ADVANCED_FACE('',(#5078),#5095,.F.);
#5078 = FACE_BOUND('',#5079,.F.);
#5079 = EDGE_LOOP('',(#5080,#5081,#5089));
#5080 = ORIENTED_EDGE('',*,*,#5067,.T.);
#5081 = ORIENTED_EDGE('',*,*,#5082,.T.);
#5082 = EDGE_CURVE('',#5036,#5083,#5085,.T.);
#5083 = VERTEX_POINT('',#5084);
#5084 = CARTESIAN_POINT('',(30.39999961853,-6.400000095367,37.));
#5085 = LINE('',#5086,#5087);
#5086 = CARTESIAN_POINT('',(36.75,-6.400000095367,37.));
#5087 = VECTOR('',#5088,1.);
#5088 = DIRECTION('',(-1.,0.,0.));
#5089 = ORIENTED_EDGE('',*,*,#5090,.T.);
#5090 = EDGE_CURVE('',#5083,#5059,#5091,.T.);
#5091 = LINE('',#5092,#5093);
#5092 = CARTESIAN_POINT('',(30.39999961853,-6.400000095367,37.));
#5093 = VECTOR('',#5094,1.);
#5094 = DIRECTION('',(0.720623246692,-0.693326861104,0.));
#5095 = PLANE('',#5096);
#5096 = AXIS2_PLACEMENT_3D('',#5097,#5098,#5099);
#5097 = CARTESIAN_POINT('',(34.586544918154,-8.652864779708,37.));
#5098 = DIRECTION('',(0.,0.,1.));
#5099 = DIRECTION('',(1.,0.,-0.));
#5100 = ADVANCED_FACE('',(#5101),#5118,.F.);
#5101 = FACE_BOUND('',#5102,.F.);
#5102 = EDGE_LOOP('',(#5103,#5111,#5117));
#5103 = ORIENTED_EDGE('',*,*,#5104,.T.);
#5104 = EDGE_CURVE('',#5083,#5105,#5107,.T.);
#5105 = VERTEX_POINT('',#5106);
#5106 = CARTESIAN_POINT('',(-88.,-12.75,37.));
#5107 = LINE('',#5108,#5109);
#5108 = CARTESIAN_POINT('',(30.39999961853,-6.400000095367,37.));
#5109 = VECTOR('',#5110,1.);
#5110 = DIRECTION('',(-0.998564912503,-5.355478986145E-02,0.));
#5111 = ORIENTED_EDGE('',*,*,#5112,.T.);
#5112 = EDGE_CURVE('',#5105,#5059,#5113,.T.);
#5113 = LINE('',#5114,#5115);
#5114 = CARTESIAN_POINT('',(-88.,-12.75,37.));
#5115 = VECTOR('',#5116,1.);
#5116 = DIRECTION('',(1.,0.,0.));
#5117 = ORIENTED_EDGE('',*,*,#5090,.F.);
#5118 = PLANE('',#5119);
#5119 = AXIS2_PLACEMENT_3D('',#5120,#5121,#5122);
#5120 = CARTESIAN_POINT('',(-24.90285493199,-11.14535863414,37.));
#5121 = DIRECTION('',(0.,0.,1.));
#5122 = DIRECTION('',(1.,0.,-0.));
#5123 = ADVANCED_FACE('',(#5124),#5141,.F.);
#5124 = FACE_BOUND('',#5125,.F.);
#5125 = EDGE_LOOP('',(#5126,#5127,#5135));
#5126 = ORIENTED_EDGE('',*,*,#5104,.F.);
#5127 = ORIENTED_EDGE('',*,*,#5128,.T.);
#5128 = EDGE_CURVE('',#5083,#5129,#5131,.T.);
#5129 = VERTEX_POINT('',#5130);
#5130 = CARTESIAN_POINT('',(-81.40000152587,-6.400000095367,37.));
#5131 = LINE('',#5132,#5133);
#5132 = CARTESIAN_POINT('',(30.39999961853,-6.400000095367,37.));
#5133 = VECTOR('',#5134,1.);
#5134 = DIRECTION('',(-1.,0.,0.));
#5135 = ORIENTED_EDGE('',*,*,#5136,.T.);
#5136 = EDGE_CURVE('',#5129,#5105,#5137,.T.);
#5137 = LINE('',#5138,#5139);
#5138 = CARTESIAN_POINT('',(-81.40000152587,-6.400000095367,37.));
#5139 = VECTOR('',#5140,1.);
#5140 = DIRECTION('',(-0.720623146583,-0.693326965153,0.));
#5141 = PLANE('',#5142);
#5142 = AXIS2_PLACEMENT_3D('',#5143,#5144,#5145);
#5143 = CARTESIAN_POINT('',(-29.39714539195,-8.093070299192,37.));
#5144 = DIRECTION('',(0.,0.,1.));
#5145 = DIRECTION('',(1.,0.,-0.));
#5146 = ADVANCED_FACE('',(#5147),#5164,.F.);
#5147 = FACE_BOUND('',#5148,.F.);
#5148 = EDGE_LOOP('',(#5149,#5150,#5158));
#5149 = ORIENTED_EDGE('',*,*,#5136,.F.);
#5150 = ORIENTED_EDGE('',*,*,#5151,.T.);
#5151 = EDGE_CURVE('',#5129,#5152,#5154,.T.);
#5152 = VERTEX_POINT('',#5153);
#5153 = CARTESIAN_POINT('',(-87.75,-6.400000095367,37.));
#5154 = LINE('',#5155,#5156);
#5155 = CARTESIAN_POINT('',(-81.40000152587,-6.400000095367,37.));
#5156 = VECTOR('',#5157,1.);
#5157 = DIRECTION('',(-1.,0.,0.));
#5158 = ORIENTED_EDGE('',*,*,#5159,.T.);
#5159 = EDGE_CURVE('',#5152,#5105,#5160,.T.);
#5160 = LINE('',#5161,#5162);
#5161 = CARTESIAN_POINT('',(-87.75,-6.400000095367,37.));
#5162 = VECTOR('',#5163,1.);
#5163 = DIRECTION('',(-3.933960288239E-02,-0.999225898206,0.));
#5164 = PLANE('',#5165);
#5165 = AXIS2_PLACEMENT_3D('',#5166,#5167,#5168);
#5166 = CARTESIAN_POINT('',(-85.58654573861,-8.652864918273,37.));
#5167 = DIRECTION('',(0.,0.,1.));
#5168 = DIRECTION('',(1.,0.,-0.));
#5169 = ADVANCED_FACE('',(#5170),#5187,.F.);
#5170 = FACE_BOUND('',#5171,.F.);
#5171 = EDGE_LOOP('',(#5172,#5180,#5186));
#5172 = ORIENTED_EDGE('',*,*,#5173,.T.);
#5173 = EDGE_CURVE('',#5152,#5174,#5176,.T.);
#5174 = VERTEX_POINT('',#5175);
#5175 = CARTESIAN_POINT('',(-88.,-6.400000095367,37.));
#5176 = LINE('',#5177,#5178);
#5177 = CARTESIAN_POINT('',(-87.75,-6.400000095367,37.));
#5178 = VECTOR('',#5179,1.);
#5179 = DIRECTION('',(-1.,0.,0.));
#5180 = ORIENTED_EDGE('',*,*,#5181,.T.);
#5181 = EDGE_CURVE('',#5174,#5105,#5182,.T.);
#5182 = LINE('',#5183,#5184);
#5183 = CARTESIAN_POINT('',(-88.,-6.400000095367,37.));
#5184 = VECTOR('',#5185,1.);
#5185 = DIRECTION('',(0.,-1.,0.));
#5186 = ORIENTED_EDGE('',*,*,#5159,.F.);
#5187 = PLANE('',#5188);
#5188 = AXIS2_PLACEMENT_3D('',#5189,#5190,#5191);
#5189 = CARTESIAN_POINT('',(-87.9362701614,-9.513729886284,37.));
#5190 = DIRECTION('',(0.,0.,1.));
#5191 = DIRECTION('',(1.,0.,-0.));
#5192 = ADVANCED_FACE('',(#5193),#5203,.F.);
#5193 = FACE_BOUND('',#5194,.F.);
#5194 = EDGE_LOOP('',(#5195,#5196,#5202));
#5195 = ORIENTED_EDGE('',*,*,#5058,.F.);
#5196 = ORIENTED_EDGE('',*,*,#5197,.F.);
#5197 = EDGE_CURVE('',#5014,#5059,#5198,.T.);
#5198 = LINE('',#5199,#5200);
#5199 = CARTESIAN_POINT('',(37.,-6.400000095367,6.349999904633));
#5200 = VECTOR('',#5201,1.);
#5201 = DIRECTION('',(0.,-0.202869701341,0.979205741547));
#5202 = ORIENTED_EDGE('',*,*,#5013,.F.);
#5203 = PLANE('',#5204);
#5204 = AXIS2_PLACEMENT_3D('',#5205,#5206,#5207);
#5205 = CARTESIAN_POINT('',(37.,-8.150219711673,23.099780288327));
#5206 = DIRECTION('',(1.,0.,0.));
#5207 = DIRECTION('',(-0.,0.,1.));
#5208 = ADVANCED_FACE('',(#5209),#5226,.F.);
#5209 = FACE_BOUND('',#5210,.F.);
#5210 = EDGE_LOOP('',(#5211,#5212,#5220));
#5211 = ORIENTED_EDGE('',*,*,#5197,.T.);
#5212 = ORIENTED_EDGE('',*,*,#5213,.T.);
#5213 = EDGE_CURVE('',#5059,#5214,#5216,.T.);
#5214 = VERTEX_POINT('',#5215);
#5215 = CARTESIAN_POINT('',(37.,-12.75,6.349999904633));
#5216 = LINE('',#5217,#5218);
#5217 = CARTESIAN_POINT('',(37.,-12.75,37.));
#5218 = VECTOR('',#5219,1.);
#5219 = DIRECTION('',(0.,0.,-1.));
#5220 = ORIENTED_EDGE('',*,*,#5221,.T.);
#5221 = EDGE_CURVE('',#5214,#5014,#5222,.T.);
#5222 = LINE('',#5223,#5224);
#5223 = CARTESIAN_POINT('',(37.,-12.75,6.349999904633));
#5224 = VECTOR('',#5225,1.);
#5225 = DIRECTION('',(0.,1.,0.));
#5226 = PLANE('',#5227);
#5227 = AXIS2_PLACEMENT_3D('',#5228,#5229,#5230);
#5228 = CARTESIAN_POINT('',(37.,-10.99978038369,20.250219616305));
#5229 = DIRECTION('',(1.,0.,0.));
#5230 = DIRECTION('',(-0.,0.,1.));
#5231 = ADVANCED_FACE('',(#5232),#5247,.F.);
#5232 = FACE_BOUND('',#5233,.F.);
#5233 = EDGE_LOOP('',(#5234,#5240,#5241));
#5234 = ORIENTED_EDGE('',*,*,#5235,.T.);
#5235 = EDGE_CURVE('',#4949,#5036,#5236,.T.);
#5236 = LINE('',#5237,#5238);
#5237 = CARTESIAN_POINT('',(36.75,93.75,6.349999904633));
#5238 = VECTOR('',#5239,1.);
#5239 = DIRECTION('',(0.,-0.956221768126,0.292643008051));
#5240 = ORIENTED_EDGE('',*,*,#5044,.F.);
#5241 = ORIENTED_EDGE('',*,*,#5242,.F.);
#5242 = EDGE_CURVE('',#4949,#5004,#5243,.T.);
#5243 = LINE('',#5244,#5245);
#5244 = CARTESIAN_POINT('',(36.75,93.75,6.349999904633));
#5245 = VECTOR('',#5246,1.);
#5246 = DIRECTION('',(0.,-1.,0.));
#5247 = PLANE('',#5248);
#5248 = AXIS2_PLACEMENT_3D('',#5249,#5250,#5251);
#5249 = CARTESIAN_POINT('',(36.75,37.158779503064,15.158779503064));
#5250 = DIRECTION('',(1.,0.,0.));
#5251 = DIRECTION('',(-0.,0.,1.));
#5252 = ADVANCED_FACE('',(#5253),#5270,.F.);
#5253 = FACE_BOUND('',#5254,.F.);
#5254 = EDGE_LOOP('',(#5255,#5263,#5264));
#5255 = ORIENTED_EDGE('',*,*,#5256,.T.);
#5256 = EDGE_CURVE('',#5257,#4949,#5259,.T.);
#5257 = VERTEX_POINT('',#5258);
#5258 = CARTESIAN_POINT('',(30.39999961853,-6.400000095367,
    6.349999904633));
#5259 = LINE('',#5260,#5261);
#5260 = CARTESIAN_POINT('',(30.39999961853,-6.400000095367,
    6.349999904633));
#5261 = VECTOR('',#5262,1.);
#5262 = DIRECTION('',(6.32778298281E-02,0.997995950018,0.));
#5263 = ORIENTED_EDGE('',*,*,#5242,.T.);
#5264 = ORIENTED_EDGE('',*,*,#5265,.T.);
#5265 = EDGE_CURVE('',#5004,#5257,#5266,.T.);
#5266 = LINE('',#5267,#5268);
#5267 = CARTESIAN_POINT('',(36.75,-6.400000095367,6.349999904633));
#5268 = VECTOR('',#5269,1.);
#5269 = DIRECTION('',(-1.,0.,0.));
#5270 = PLANE('',#5271);
#5271 = AXIS2_PLACEMENT_3D('',#5272,#5273,#5274);
#5272 = CARTESIAN_POINT('',(35.112222745219,42.137777016362,
    6.349999904633));
#5273 = DIRECTION('',(-0.,-0.,-1.));
#5274 = DIRECTION('',(-1.,0.,0.));
#5275 = ADVANCED_FACE('',(#5276),#5286,.F.);
#5276 = FACE_BOUND('',#5277,.F.);
#5277 = EDGE_LOOP('',(#5278,#5279,#5280));
#5278 = ORIENTED_EDGE('',*,*,#4989,.T.);
#5279 = ORIENTED_EDGE('',*,*,#5256,.F.);
#5280 = ORIENTED_EDGE('',*,*,#5281,.T.);
#5281 = EDGE_CURVE('',#5257,#4981,#5282,.T.);
#5282 = LINE('',#5283,#5284);
#5283 = CARTESIAN_POINT('',(30.39999961853,-6.400000095367,
    6.349999904633));
#5284 = VECTOR('',#5285,1.);
#5285 = DIRECTION('',(0.,1.,0.));
#5286 = PLANE('',#5287);
#5287 = AXIS2_PLACEMENT_3D('',#5288,#5289,#5290);
#5288 = CARTESIAN_POINT('',(32.037776873311,45.21222288827,
    6.349999904633));
#5289 = DIRECTION('',(-0.,-0.,-1.));
#5290 = DIRECTION('',(-1.,0.,0.));
#5291 = ADVANCED_FACE('',(#5292),#5309,.F.);
#5292 = FACE_BOUND('',#5293,.F.);
#5293 = EDGE_LOOP('',(#5294,#5302,#5308));
#5294 = ORIENTED_EDGE('',*,*,#5295,.T.);
#5295 = EDGE_CURVE('',#5257,#5296,#5298,.T.);
#5296 = VERTEX_POINT('',#5297);
#5297 = CARTESIAN_POINT('',(30.39999961853,93.75,37.));
#5298 = LINE('',#5299,#5300);
#5299 = CARTESIAN_POINT('',(30.39999961853,-6.400000095367,
    6.349999904633));
#5300 = VECTOR('',#5301,1.);
#5301 = DIRECTION('',(0.,0.956221768126,0.292643008051));
#5302 = ORIENTED_EDGE('',*,*,#5303,.T.);
#5303 = EDGE_CURVE('',#5296,#4981,#5304,.T.);
#5304 = LINE('',#5305,#5306);
#5305 = CARTESIAN_POINT('',(30.39999961853,93.75,37.));
#5306 = VECTOR('',#5307,1.);
#5307 = DIRECTION('',(0.,0.,-1.));
#5308 = ORIENTED_EDGE('',*,*,#5281,.F.);
#5309 = PLANE('',#5310);
#5310 = AXIS2_PLACEMENT_3D('',#5311,#5312,#5313);
#5311 = CARTESIAN_POINT('',(30.39999961853,50.191220401568,
    15.158779503064));
#5312 = DIRECTION('',(-1.,-0.,-0.));
#5313 = DIRECTION('',(0.,0.,-1.));
#5314 = ADVANCED_FACE('',(#5315),#5330,.F.);
#5315 = FACE_BOUND('',#5316,.F.);
#5316 = EDGE_LOOP('',(#5317,#5323,#5324));
#5317 = ORIENTED_EDGE('',*,*,#5318,.T.);
#5318 = EDGE_CURVE('',#5083,#5296,#5319,.T.);
#5319 = LINE('',#5320,#5321);
#5320 = CARTESIAN_POINT('',(30.39999961853,-6.400000095367,37.));
#5321 = VECTOR('',#5322,1.);
#5322 = DIRECTION('',(0.,1.,0.));
#5323 = ORIENTED_EDGE('',*,*,#5295,.F.);
#5324 = ORIENTED_EDGE('',*,*,#5325,.T.);
#5325 = EDGE_CURVE('',#5257,#5083,#5326,.T.);
#5326 = LINE('',#5327,#5328);
#5327 = CARTESIAN_POINT('',(30.39999961853,-6.400000095367,
    6.349999904633));
#5328 = VECTOR('',#5329,1.);
#5329 = DIRECTION('',(0.,0.,1.));
#5330 = PLANE('',#5331);
#5331 = AXIS2_PLACEMENT_3D('',#5332,#5333,#5334);
#5332 = CARTESIAN_POINT('',(30.39999961853,37.158779503064,
    28.191220401568));
#5333 = DIRECTION('',(-1.,-0.,-0.));
#5334 = DIRECTION('',(0.,0.,-1.));
#5335 = ADVANCED_FACE('',(#5336),#5353,.F.);
#5336 = FACE_BOUND('',#5337,.F.);
#5337 = EDGE_LOOP('',(#5338,#5346,#5347));
#5338 = ORIENTED_EDGE('',*,*,#5339,.T.);
#5339 = EDGE_CURVE('',#5340,#5036,#5342,.T.);
#5340 = VERTEX_POINT('',#5341);
#5341 = CARTESIAN_POINT('',(36.75,93.75,37.));
#5342 = LINE('',#5343,#5344);
#5343 = CARTESIAN_POINT('',(36.75,93.75,37.));
#5344 = VECTOR('',#5345,1.);
#5345 = DIRECTION('',(0.,-1.,0.));
#5346 = ORIENTED_EDGE('',*,*,#5235,.F.);
#5347 = ORIENTED_EDGE('',*,*,#5348,.T.);
#5348 = EDGE_CURVE('',#4949,#5340,#5349,.T.);
#5349 = LINE('',#5350,#5351);
#5350 = CARTESIAN_POINT('',(36.75,93.75,6.349999904633));
#5351 = VECTOR('',#5352,1.);
#5352 = DIRECTION('',(0.,0.,1.));
#5353 = PLANE('',#5354);
#5354 = AXIS2_PLACEMENT_3D('',#5355,#5356,#5357);
#5355 = CARTESIAN_POINT('',(36.75,50.191220401568,28.191220401568));
#5356 = DIRECTION('',(1.,0.,0.));
#5357 = DIRECTION('',(-0.,0.,1.));
#5358 = ADVANCED_FACE('',(#5359),#5374,.F.);
#5359 = FACE_BOUND('',#5360,.F.);
#5360 = EDGE_LOOP('',(#5361,#5367,#5368));
#5361 = ORIENTED_EDGE('',*,*,#5362,.T.);
#5362 = EDGE_CURVE('',#4894,#4951,#5363,.T.);
#5363 = LINE('',#5364,#5365);
#5364 = CARTESIAN_POINT('',(-81.40000152587,98.75,6.349999904633));
#5365 = VECTOR('',#5366,1.);
#5366 = DIRECTION('',(1.,0.,0.));
#5367 = ORIENTED_EDGE('',*,*,#4980,.F.);
#5368 = ORIENTED_EDGE('',*,*,#5369,.F.);
#5369 = EDGE_CURVE('',#4894,#4981,#5370,.T.);
#5370 = LINE('',#5371,#5372);
#5371 = CARTESIAN_POINT('',(-81.40000152587,98.75,6.349999904633));
#5372 = VECTOR('',#5373,1.);
#5373 = DIRECTION('',(0.999001436903,-4.467806022706E-02,0.));
#5374 = PLANE('',#5375);
#5375 = AXIS2_PLACEMENT_3D('',#5376,#5377,#5378);
#5376 = CARTESIAN_POINT('',(-21.80791436428,97.490612381133,
    6.349999904633));
#5377 = DIRECTION('',(-0.,-0.,-1.));
#5378 = DIRECTION('',(-1.,0.,0.));
#5379 = ADVANCED_FACE('',(#5380),#5397,.F.);
#5380 = FACE_BOUND('',#5381,.F.);
#5381 = EDGE_LOOP('',(#5382,#5390,#5391));
#5382 = ORIENTED_EDGE('',*,*,#5383,.T.);
#5383 = EDGE_CURVE('',#5384,#4926,#5386,.T.);
#5384 = VERTEX_POINT('',#5385);
#5385 = CARTESIAN_POINT('',(-81.40000152587,93.75,6.349999904633));
#5386 = LINE('',#5387,#5388);
#5387 = CARTESIAN_POINT('',(-81.40000152587,93.75,6.349999904633));
#5388 = VECTOR('',#5389,1.);
#5389 = DIRECTION('',(-0.785673828373,0.6186409584,0.));
#5390 = ORIENTED_EDGE('',*,*,#4934,.T.);
#5391 = ORIENTED_EDGE('',*,*,#5392,.T.);
#5392 = EDGE_CURVE('',#4894,#5384,#5393,.T.);
#5393 = LINE('',#5394,#5395);
#5394 = CARTESIAN_POINT('',(-81.40000152587,98.75,6.349999904633));
#5395 = VECTOR('',#5396,1.);
#5396 = DIRECTION('',(0.,-1.,0.));
#5397 = PLANE('',#5398);
#5398 = AXIS2_PLACEMENT_3D('',#5399,#5400,#5401);
#5399 = CARTESIAN_POINT('',(-83.75805924524,97.066941517699,
    6.349999904633));
#5400 = DIRECTION('',(-0.,-0.,-1.));
#5401 = DIRECTION('',(-1.,0.,0.));
#5402 = ADVANCED_FACE('',(#5403),#5420,.F.);
#5403 = FACE_BOUND('',#5404,.F.);
#5404 = EDGE_LOOP('',(#5405,#5406,#5414));
#5405 = ORIENTED_EDGE('',*,*,#5383,.F.);
#5406 = ORIENTED_EDGE('',*,*,#5407,.F.);
#5407 = EDGE_CURVE('',#5408,#5384,#5410,.T.);
#5408 = VERTEX_POINT('',#5409);
#5409 = CARTESIAN_POINT('',(-87.75,93.75,6.349999904633));
#5410 = LINE('',#5411,#5412);
#5411 = CARTESIAN_POINT('',(-87.75,93.75,6.349999904633));
#5412 = VECTOR('',#5413,1.);
#5413 = DIRECTION('',(1.,0.,0.));
#5414 = ORIENTED_EDGE('',*,*,#5415,.F.);
#5415 = EDGE_CURVE('',#4926,#5408,#5416,.T.);
#5416 = LINE('',#5417,#5418);
#5417 = CARTESIAN_POINT('',(-87.75,98.75,6.349999904633));
#5418 = VECTOR('',#5419,1.);
#5419 = DIRECTION('',(0.,-1.,0.));
#5420 = PLANE('',#5421);
#5421 = AXIS2_PLACEMENT_3D('',#5422,#5423,#5424);
#5422 = CARTESIAN_POINT('',(-85.39194228063,95.433058482301,
    6.349999904633));
#5423 = DIRECTION('',(-0.,-0.,-1.));
#5424 = DIRECTION('',(-1.,0.,0.));
#5425 = ADVANCED_FACE('',(#5426),#5450,.F.);
#5426 = FACE_BOUND('',#5427,.F.);
#5427 = EDGE_LOOP('',(#5428,#5436,#5444));
#5428 = ORIENTED_EDGE('',*,*,#5429,.T.);
#5429 = EDGE_CURVE('',#5430,#5384,#5432,.T.);
#5430 = VERTEX_POINT('',#5431);
#5431 = CARTESIAN_POINT('',(-87.75,-6.400000095367,6.349999904633));
#5432 = LINE('',#5433,#5434);
#5433 = CARTESIAN_POINT('',(-87.75,-6.400000095367,6.349999904633));
#5434 = VECTOR('',#5435,1.);
#5435 = DIRECTION('',(6.327781089746E-02,0.997995951218,0.));
#5436 = ORIENTED_EDGE('',*,*,#5437,.T.);
#5437 = EDGE_CURVE('',#5384,#5438,#5440,.T.);
#5438 = VERTEX_POINT('',#5439);
#5439 = CARTESIAN_POINT('',(-81.40000152587,-6.400000095367,
    6.349999904633));
#5440 = LINE('',#5441,#5442);
#5441 = CARTESIAN_POINT('',(-81.40000152587,93.75,6.349999904633));
#5442 = VECTOR('',#5443,1.);
#5443 = DIRECTION('',(0.,-1.,0.));
#5444 = ORIENTED_EDGE('',*,*,#5445,.T.);
#5445 = EDGE_CURVE('',#5438,#5430,#5446,.T.);
#5446 = LINE('',#5447,#5448);
#5447 = CARTESIAN_POINT('',(-81.40000152587,-6.400000095367,
    6.349999904633));
#5448 = VECTOR('',#5449,1.);
#5449 = DIRECTION('',(-1.,0.,0.));
#5450 = PLANE('',#5451);
#5451 = AXIS2_PLACEMENT_3D('',#5452,#5453,#5454);
#5452 = CARTESIAN_POINT('',(-83.03777827365,42.137777463026,
    6.349999904633));
#5453 = DIRECTION('',(-0.,-0.,-1.));
#5454 = DIRECTION('',(-1.,0.,0.));
#5455 = ADVANCED_FACE('',(#5456),#5466,.F.);
#5456 = FACE_BOUND('',#5457,.F.);
#5457 = EDGE_LOOP('',(#5458,#5459,#5460));
#5458 = ORIENTED_EDGE('',*,*,#5407,.T.);
#5459 = ORIENTED_EDGE('',*,*,#5429,.F.);
#5460 = ORIENTED_EDGE('',*,*,#5461,.T.);
#5461 = EDGE_CURVE('',#5430,#5408,#5462,.T.);
#5462 = LINE('',#5463,#5464);
#5463 = CARTESIAN_POINT('',(-87.75,-6.400000095367,6.349999904633));
#5464 = VECTOR('',#5465,1.);
#5465 = DIRECTION('',(0.,1.,0.));
#5466 = PLANE('',#5467);
#5467 = AXIS2_PLACEMENT_3D('',#5468,#5469,#5470);
#5468 = CARTESIAN_POINT('',(-86.11222325222,45.212222441606,
    6.349999904633));
#5469 = DIRECTION('',(-0.,-0.,-1.));
#5470 = DIRECTION('',(-1.,0.,0.));
#5471 = ADVANCED_FACE('',(#5472),#5489,.F.);
#5472 = FACE_BOUND('',#5473,.F.);
#5473 = EDGE_LOOP('',(#5474,#5482,#5488));
#5474 = ORIENTED_EDGE('',*,*,#5475,.T.);
#5475 = EDGE_CURVE('',#5430,#5476,#5478,.T.);
#5476 = VERTEX_POINT('',#5477);
#5477 = CARTESIAN_POINT('',(-87.75,93.75,37.));
#5478 = LINE('',#5479,#5480);
#5479 = CARTESIAN_POINT('',(-87.75,-6.400000095367,6.349999904633));
#5480 = VECTOR('',#5481,1.);
#5481 = DIRECTION('',(0.,0.956221768126,0.292643008051));
#5482 = ORIENTED_EDGE('',*,*,#5483,.T.);
#5483 = EDGE_CURVE('',#5476,#5408,#5484,.T.);
#5484 = LINE('',#5485,#5486);
#5485 = CARTESIAN_POINT('',(-87.75,93.75,37.));
#5486 = VECTOR('',#5487,1.);
#5487 = DIRECTION('',(0.,0.,-1.));
#5488 = ORIENTED_EDGE('',*,*,#5461,.F.);
#5489 = PLANE('',#5490);
#5490 = AXIS2_PLACEMENT_3D('',#5491,#5492,#5493);
#5491 = CARTESIAN_POINT('',(-87.75,50.191220401568,15.158779503064));
#5492 = DIRECTION('',(-1.,-0.,-0.));
#5493 = DIRECTION('',(0.,0.,-1.));
#5494 = ADVANCED_FACE('',(#5495),#5510,.F.);
#5495 = FACE_BOUND('',#5496,.F.);
#5496 = EDGE_LOOP('',(#5497,#5503,#5504));
#5497 = ORIENTED_EDGE('',*,*,#5498,.T.);
#5498 = EDGE_CURVE('',#5152,#5476,#5499,.T.);
#5499 = LINE('',#5500,#5501);
#5500 = CARTESIAN_POINT('',(-87.75,-6.400000095367,37.));
#5501 = VECTOR('',#5502,1.);
#5502 = DIRECTION('',(0.,1.,0.));
#5503 = ORIENTED_EDGE('',*,*,#5475,.F.);
#5504 = ORIENTED_EDGE('',*,*,#5505,.T.);
#5505 = EDGE_CURVE('',#5430,#5152,#5506,.T.);
#5506 = LINE('',#5507,#5508);
#5507 = CARTESIAN_POINT('',(-87.75,-6.400000095367,6.349999904633));
#5508 = VECTOR('',#5509,1.);
#5509 = DIRECTION('',(0.,0.,1.));
#5510 = PLANE('',#5511);
#5511 = AXIS2_PLACEMENT_3D('',#5512,#5513,#5514);
#5512 = CARTESIAN_POINT('',(-87.75,37.158779503064,28.191220401568));
#5513 = DIRECTION('',(-1.,-0.,-0.));
#5514 = DIRECTION('',(0.,0.,-1.));
#5515 = ADVANCED_FACE('',(#5516),#5531,.F.);
#5516 = FACE_BOUND('',#5517,.F.);
#5517 = EDGE_LOOP('',(#5518,#5524,#5530));
#5518 = ORIENTED_EDGE('',*,*,#5519,.T.);
#5519 = EDGE_CURVE('',#5384,#5129,#5520,.T.);
#5520 = LINE('',#5521,#5522);
#5521 = CARTESIAN_POINT('',(-81.40000152587,93.75,6.349999904633));
#5522 = VECTOR('',#5523,1.);
#5523 = DIRECTION('',(0.,-0.956221768126,0.292643008051));
#5524 = ORIENTED_EDGE('',*,*,#5525,.T.);
#5525 = EDGE_CURVE('',#5129,#5438,#5526,.T.);
#5526 = LINE('',#5527,#5528);
#5527 = CARTESIAN_POINT('',(-81.40000152587,-6.400000095367,37.));
#5528 = VECTOR('',#5529,1.);
#5529 = DIRECTION('',(0.,0.,-1.));
#5530 = ORIENTED_EDGE('',*,*,#5437,.F.);
#5531 = PLANE('',#5532);
#5532 = AXIS2_PLACEMENT_3D('',#5533,#5534,#5535);
#5533 = CARTESIAN_POINT('',(-81.40000152587,37.158779503064,
    15.158779503064));
#5534 = DIRECTION('',(1.,0.,0.));
#5535 = DIRECTION('',(-0.,0.,1.));
#5536 = ADVANCED_FACE('',(#5537),#5554,.F.);
#5537 = FACE_BOUND('',#5538,.F.);
#5538 = EDGE_LOOP('',(#5539,#5547,#5548));
#5539 = ORIENTED_EDGE('',*,*,#5540,.T.);
#5540 = EDGE_CURVE('',#5541,#5129,#5543,.T.);
#5541 = VERTEX_POINT('',#5542);
#5542 = CARTESIAN_POINT('',(-81.40000152587,93.75,37.));
#5543 = LINE('',#5544,#5545);
#5544 = CARTESIAN_POINT('',(-81.40000152587,93.75,37.));
#5545 = VECTOR('',#5546,1.);
#5546 = DIRECTION('',(0.,-1.,0.));
#5547 = ORIENTED_EDGE('',*,*,#5519,.F.);
#5548 = ORIENTED_EDGE('',*,*,#5549,.T.);
#5549 = EDGE_CURVE('',#5384,#5541,#5550,.T.);
#5550 = LINE('',#5551,#5552);
#5551 = CARTESIAN_POINT('',(-81.40000152587,93.75,6.349999904633));
#5552 = VECTOR('',#5553,1.);
#5553 = DIRECTION('',(0.,0.,1.));
#5554 = PLANE('',#5555);
#5555 = AXIS2_PLACEMENT_3D('',#5556,#5557,#5558);
#5556 = CARTESIAN_POINT('',(-81.40000152587,50.191220401568,
    28.191220401568));
#5557 = DIRECTION('',(1.,0.,0.));
#5558 = DIRECTION('',(-0.,0.,1.));
#5559 = ADVANCED_FACE('',(#5560),#5577,.F.);
#5560 = FACE_BOUND('',#5561,.F.);
#5561 = EDGE_LOOP('',(#5562,#5570,#5576));
#5562 = ORIENTED_EDGE('',*,*,#5563,.T.);
#5563 = EDGE_CURVE('',#5408,#5564,#5566,.T.);
#5564 = VERTEX_POINT('',#5565);
#5565 = CARTESIAN_POINT('',(-88.,98.75,6.349999904633));
#5566 = LINE('',#5567,#5568);
#5567 = CARTESIAN_POINT('',(-87.75,93.75,6.349999904633));
#5568 = VECTOR('',#5569,1.);
#5569 = DIRECTION('',(-4.993761694389E-02,0.998752338878,0.));
#5570 = ORIENTED_EDGE('',*,*,#5571,.T.);
#5571 = EDGE_CURVE('',#5564,#4926,#5572,.T.);
#5572 = LINE('',#5573,#5574);
#5573 = CARTESIAN_POINT('',(-88.,98.75,6.349999904633));
#5574 = VECTOR('',#5575,1.);
#5575 = DIRECTION('',(1.,0.,0.));
#5576 = ORIENTED_EDGE('',*,*,#5415,.T.);
#5577 = PLANE('',#5578);
#5578 = AXIS2_PLACEMENT_3D('',#5579,#5580,#5581);
#5579 = CARTESIAN_POINT('',(-87.81406152465,96.310938475344,
    6.349999904633));
#5580 = DIRECTION('',(-0.,-0.,-1.));
#5581 = DIRECTION('',(-1.,0.,0.));
#5582 = ADVANCED_FACE('',(#5583),#5600,.F.);
#5583 = FACE_BOUND('',#5584,.F.);
#5584 = EDGE_LOOP('',(#5585,#5593,#5599));
#5585 = ORIENTED_EDGE('',*,*,#5586,.T.);
#5586 = EDGE_CURVE('',#5408,#5587,#5589,.T.);
#5587 = VERTEX_POINT('',#5588);
#5588 = CARTESIAN_POINT('',(-88.,93.75,6.349999904633));
#5589 = LINE('',#5590,#5591);
#5590 = CARTESIAN_POINT('',(-87.75,93.75,6.349999904633));
#5591 = VECTOR('',#5592,1.);
#5592 = DIRECTION('',(-1.,0.,0.));
#5593 = ORIENTED_EDGE('',*,*,#5594,.T.);
#5594 = EDGE_CURVE('',#5587,#5564,#5595,.T.);
#5595 = LINE('',#5596,#5597);
#5596 = CARTESIAN_POINT('',(-88.,93.75,6.349999904633));
#5597 = VECTOR('',#5598,1.);
#5598 = DIRECTION('',(0.,1.,0.));
#5599 = ORIENTED_EDGE('',*,*,#5563,.F.);
#5600 = PLANE('',#5601);
#5601 = AXIS2_PLACEMENT_3D('',#5602,#5603,#5604);
#5602 = CARTESIAN_POINT('',(-87.93593847534,96.189061524656,
    6.349999904633));
#5603 = DIRECTION('',(-0.,-0.,-1.));
#5604 = DIRECTION('',(-1.,0.,0.));
#5605 = ADVANCED_FACE('',(#5606),#5616,.F.);
#5606 = FACE_BOUND('',#5607,.F.);
#5607 = EDGE_LOOP('',(#5608,#5609,#5615));
#5608 = ORIENTED_EDGE('',*,*,#5369,.T.);
#5609 = ORIENTED_EDGE('',*,*,#5610,.T.);
#5610 = EDGE_CURVE('',#4981,#5384,#5611,.T.);
#5611 = LINE('',#5612,#5613);
#5612 = CARTESIAN_POINT('',(30.39999961853,93.75,6.349999904633));
#5613 = VECTOR('',#5614,1.);
#5614 = DIRECTION('',(-1.,0.,0.));
#5615 = ORIENTED_EDGE('',*,*,#5392,.F.);
#5616 = PLANE('',#5617);
#5617 = AXIS2_PLACEMENT_3D('',#5618,#5619,#5620);
#5618 = CARTESIAN_POINT('',(-26.72206321723,95.027937736438,
    6.349999904633));
#5619 = DIRECTION('',(-0.,-0.,-1.));
#5620 = DIRECTION('',(-1.,0.,0.));
#5621 = ADVANCED_FACE('',(#5622),#5639,.F.);
#5622 = FACE_BOUND('',#5623,.F.);
#5623 = EDGE_LOOP('',(#5624,#5632,#5638));
#5624 = ORIENTED_EDGE('',*,*,#5625,.T.);
#5625 = EDGE_CURVE('',#5587,#5626,#5628,.T.);
#5626 = VERTEX_POINT('',#5627);
#5627 = CARTESIAN_POINT('',(-88.,98.75,37.));
#5628 = LINE('',#5629,#5630);
#5629 = CARTESIAN_POINT('',(-88.,93.75,6.349999904633));
#5630 = VECTOR('',#5631,1.);
#5631 = DIRECTION('',(0.,0.161003877748,0.986953773664));
#5632 = ORIENTED_EDGE('',*,*,#5633,.T.);
#5633 = EDGE_CURVE('',#5626,#5564,#5634,.T.);
#5634 = LINE('',#5635,#5636);
#5635 = CARTESIAN_POINT('',(-88.,98.75,37.));
#5636 = VECTOR('',#5637,1.);
#5637 = DIRECTION('',(0.,0.,-1.));
#5638 = ORIENTED_EDGE('',*,*,#5594,.F.);
#5639 = PLANE('',#5640);
#5640 = AXIS2_PLACEMENT_3D('',#5641,#5642,#5643);
#5641 = CARTESIAN_POINT('',(-88.,97.398711862424,20.526288089893));
#5642 = DIRECTION('',(-1.,-0.,-0.));
#5643 = DIRECTION('',(0.,0.,-1.));
#5644 = ADVANCED_FACE('',(#5645),#5662,.F.);
#5645 = FACE_BOUND('',#5646,.F.);
#5646 = EDGE_LOOP('',(#5647,#5655,#5656));
#5647 = ORIENTED_EDGE('',*,*,#5648,.T.);
#5648 = EDGE_CURVE('',#5649,#5626,#5651,.T.);
#5649 = VERTEX_POINT('',#5650);
#5650 = CARTESIAN_POINT('',(-88.,93.75,37.));
#5651 = LINE('',#5652,#5653);
#5652 = CARTESIAN_POINT('',(-88.,93.75,37.));
#5653 = VECTOR('',#5654,1.);
#5654 = DIRECTION('',(0.,1.,0.));
#5655 = ORIENTED_EDGE('',*,*,#5625,.F.);
#5656 = ORIENTED_EDGE('',*,*,#5657,.T.);
#5657 = EDGE_CURVE('',#5587,#5649,#5658,.T.);
#5658 = LINE('',#5659,#5660);
#5659 = CARTESIAN_POINT('',(-88.,93.75,6.349999904633));
#5660 = VECTOR('',#5661,1.);
#5661 = DIRECTION('',(0.,0.,1.));
#5662 = PLANE('',#5663);
#5663 = AXIS2_PLACEMENT_3D('',#5664,#5665,#5666);
#5664 = CARTESIAN_POINT('',(-88.,95.101288137576,22.82371181474));
#5665 = DIRECTION('',(-1.,-0.,-0.));
#5666 = DIRECTION('',(0.,0.,-1.));
#5667 = ADVANCED_FACE('',(#5668),#5685,.F.);
#5668 = FACE_BOUND('',#5669,.F.);
#5669 = EDGE_LOOP('',(#5670,#5678,#5684));
#5670 = ORIENTED_EDGE('',*,*,#5671,.T.);
#5671 = EDGE_CURVE('',#4951,#5672,#5674,.T.);
#5672 = VERTEX_POINT('',#5673);
#5673 = CARTESIAN_POINT('',(37.,93.75,37.));
#5674 = LINE('',#5675,#5676);
#5675 = CARTESIAN_POINT('',(37.,98.75,6.349999904633));
#5676 = VECTOR('',#5677,1.);
#5677 = DIRECTION('',(0.,-0.161003877748,0.986953773664));
#5678 = ORIENTED_EDGE('',*,*,#5679,.T.);
#5679 = EDGE_CURVE('',#5672,#4959,#5680,.T.);
#5680 = LINE('',#5681,#5682);
#5681 = CARTESIAN_POINT('',(37.,93.75,37.));
#5682 = VECTOR('',#5683,1.);
#5683 = DIRECTION('',(0.,0.,-1.));
#5684 = ORIENTED_EDGE('',*,*,#4958,.F.);
#5685 = PLANE('',#5686);
#5686 = AXIS2_PLACEMENT_3D('',#5687,#5688,#5689);
#5687 = CARTESIAN_POINT('',(37.,95.101288137576,20.526288089893));
#5688 = DIRECTION('',(1.,0.,0.));
#5689 = DIRECTION('',(-0.,0.,1.));
#5690 = ADVANCED_FACE('',(#5691),#5708,.F.);
#5691 = FACE_BOUND('',#5692,.F.);
#5692 = EDGE_LOOP('',(#5693,#5701,#5702));
#5693 = ORIENTED_EDGE('',*,*,#5694,.T.);
#5694 = EDGE_CURVE('',#5695,#5672,#5697,.T.);
#5695 = VERTEX_POINT('',#5696);
#5696 = CARTESIAN_POINT('',(37.,98.75,37.));
#5697 = LINE('',#5698,#5699);
#5698 = CARTESIAN_POINT('',(37.,98.75,37.));
#5699 = VECTOR('',#5700,1.);
#5700 = DIRECTION('',(0.,-1.,0.));
#5701 = ORIENTED_EDGE('',*,*,#5671,.F.);
#5702 = ORIENTED_EDGE('',*,*,#5703,.T.);
#5703 = EDGE_CURVE('',#4951,#5695,#5704,.T.);
#5704 = LINE('',#5705,#5706);
#5705 = CARTESIAN_POINT('',(37.,98.75,6.349999904633));
#5706 = VECTOR('',#5707,1.);
#5707 = DIRECTION('',(0.,0.,1.));
#5708 = PLANE('',#5709);
#5709 = AXIS2_PLACEMENT_3D('',#5710,#5711,#5712);
#5710 = CARTESIAN_POINT('',(37.,97.398711862424,22.82371181474));
#5711 = DIRECTION('',(1.,0.,0.));
#5712 = DIRECTION('',(-0.,0.,1.));
#5713 = ADVANCED_FACE('',(#5714),#5724,.F.);
#5714 = FACE_BOUND('',#5715,.F.);
#5715 = EDGE_LOOP('',(#5716,#5717,#5723));
#5716 = ORIENTED_EDGE('',*,*,#5112,.F.);
#5717 = ORIENTED_EDGE('',*,*,#5718,.F.);
#5718 = EDGE_CURVE('',#5214,#5105,#5719,.T.);
#5719 = LINE('',#5720,#5721);
#5720 = CARTESIAN_POINT('',(37.,-12.75,6.349999904633));
#5721 = VECTOR('',#5722,1.);
#5722 = DIRECTION('',(-0.971229495861,0.,0.238145473126));
#5723 = ORIENTED_EDGE('',*,*,#5213,.F.);
#5724 = PLANE('',#5725);
#5725 = AXIS2_PLACEMENT_3D('',#5726,#5727,#5728);
#5726 = CARTESIAN_POINT('',(-18.7632114153,-12.75,28.411788537009));
#5727 = DIRECTION('',(-0.,-1.,-0.));
#5728 = DIRECTION('',(0.,0.,-1.));
#5729 = ADVANCED_FACE('',(#5730),#5747,.F.);
#5730 = FACE_BOUND('',#5731,.F.);
#5731 = EDGE_LOOP('',(#5732,#5733,#5741));
#5732 = ORIENTED_EDGE('',*,*,#5718,.T.);
#5733 = ORIENTED_EDGE('',*,*,#5734,.T.);
#5734 = EDGE_CURVE('',#5105,#5735,#5737,.T.);
#5735 = VERTEX_POINT('',#5736);
#5736 = CARTESIAN_POINT('',(-88.,-12.75,6.349999904633));
#5737 = LINE('',#5738,#5739);
#5738 = CARTESIAN_POINT('',(-88.,-12.75,37.));
#5739 = VECTOR('',#5740,1.);
#5740 = DIRECTION('',(0.,0.,-1.));
#5741 = ORIENTED_EDGE('',*,*,#5742,.T.);
#5742 = EDGE_CURVE('',#5735,#5214,#5743,.T.);
#5743 = LINE('',#5744,#5745);
#5744 = CARTESIAN_POINT('',(-88.,-12.75,6.349999904633));
#5745 = VECTOR('',#5746,1.);
#5746 = DIRECTION('',(1.,0.,0.));
#5747 = PLANE('',#5748);
#5748 = AXIS2_PLACEMENT_3D('',#5749,#5750,#5751);
#5749 = CARTESIAN_POINT('',(-32.23678858469,-12.75,14.938211367623));
#5750 = DIRECTION('',(-0.,-1.,-0.));
#5751 = DIRECTION('',(0.,0.,-1.));
#5752 = ADVANCED_FACE('',(#5753),#5763,.F.);
#5753 = FACE_BOUND('',#5754,.F.);
#5754 = EDGE_LOOP('',(#5755,#5761,#5762));
#5755 = ORIENTED_EDGE('',*,*,#5756,.T.);
#5756 = EDGE_CURVE('',#5036,#5296,#5757,.T.);
#5757 = LINE('',#5758,#5759);
#5758 = CARTESIAN_POINT('',(36.75,-6.400000095367,37.));
#5759 = VECTOR('',#5760,1.);
#5760 = DIRECTION('',(-6.32778298281E-02,0.997995950018,0.));
#5761 = ORIENTED_EDGE('',*,*,#5318,.F.);
#5762 = ORIENTED_EDGE('',*,*,#5082,.F.);
#5763 = PLANE('',#5764);
#5764 = AXIS2_PLACEMENT_3D('',#5765,#5766,#5767);
#5765 = CARTESIAN_POINT('',(32.037776873311,42.137777016362,37.));
#5766 = DIRECTION('',(0.,0.,1.));
#5767 = DIRECTION('',(1.,0.,-0.));
#5768 = ADVANCED_FACE('',(#5769),#5779,.F.);
#5769 = FACE_BOUND('',#5770,.F.);
#5770 = EDGE_LOOP('',(#5771,#5777,#5778));
#5771 = ORIENTED_EDGE('',*,*,#5772,.T.);
#5772 = EDGE_CURVE('',#5340,#5296,#5773,.T.);
#5773 = LINE('',#5774,#5775);
#5774 = CARTESIAN_POINT('',(36.75,93.75,37.));
#5775 = VECTOR('',#5776,1.);
#5776 = DIRECTION('',(-1.,0.,0.));
#5777 = ORIENTED_EDGE('',*,*,#5756,.F.);
#5778 = ORIENTED_EDGE('',*,*,#5339,.F.);
#5779 = PLANE('',#5780);
#5780 = AXIS2_PLACEMENT_3D('',#5781,#5782,#5783);
#5781 = CARTESIAN_POINT('',(35.112222745219,45.21222288827,37.));
#5782 = DIRECTION('',(0.,0.,1.));
#5783 = DIRECTION('',(1.,0.,-0.));
#5784 = ADVANCED_FACE('',(#5785),#5800,.F.);
#5785 = FACE_BOUND('',#5786,.F.);
#5786 = EDGE_LOOP('',(#5787,#5793,#5794));
#5787 = ORIENTED_EDGE('',*,*,#5788,.T.);
#5788 = EDGE_CURVE('',#5735,#5430,#5789,.T.);
#5789 = LINE('',#5790,#5791);
#5790 = CARTESIAN_POINT('',(-88.,-12.75,6.349999904633));
#5791 = VECTOR('',#5792,1.);
#5792 = DIRECTION('',(3.933960288239E-02,0.999225898206,0.));
#5793 = ORIENTED_EDGE('',*,*,#5445,.F.);
#5794 = ORIENTED_EDGE('',*,*,#5795,.T.);
#5795 = EDGE_CURVE('',#5438,#5735,#5796,.T.);
#5796 = LINE('',#5797,#5798);
#5797 = CARTESIAN_POINT('',(-81.40000152587,-6.400000095367,
    6.349999904633));
#5798 = VECTOR('',#5799,1.);
#5799 = DIRECTION('',(-0.720623146583,-0.693326965153,0.));
#5800 = PLANE('',#5801);
#5801 = AXIS2_PLACEMENT_3D('',#5802,#5803,#5804);
#5802 = CARTESIAN_POINT('',(-85.58654573861,-8.652864918273,
    6.349999904633));
#5803 = DIRECTION('',(-0.,-0.,-1.));
#5804 = DIRECTION('',(-1.,0.,0.));
#5805 = ADVANCED_FACE('',(#5806),#5823,.F.);
#5806 = FACE_BOUND('',#5807,.F.);
#5807 = EDGE_LOOP('',(#5808,#5816,#5822));
#5808 = ORIENTED_EDGE('',*,*,#5809,.T.);
#5809 = EDGE_CURVE('',#5735,#5810,#5812,.T.);
#5810 = VERTEX_POINT('',#5811);
#5811 = CARTESIAN_POINT('',(-88.,-6.400000095367,6.349999904633));
#5812 = LINE('',#5813,#5814);
#5813 = CARTESIAN_POINT('',(-88.,-12.75,6.349999904633));
#5814 = VECTOR('',#5815,1.);
#5815 = DIRECTION('',(0.,1.,0.));
#5816 = ORIENTED_EDGE('',*,*,#5817,.T.);
#5817 = EDGE_CURVE('',#5810,#5430,#5818,.T.);
#5818 = LINE('',#5819,#5820);
#5819 = CARTESIAN_POINT('',(-88.,-6.400000095367,6.349999904633));
#5820 = VECTOR('',#5821,1.);
#5821 = DIRECTION('',(1.,0.,0.));
#5822 = ORIENTED_EDGE('',*,*,#5788,.F.);
#5823 = PLANE('',#5824);
#5824 = AXIS2_PLACEMENT_3D('',#5825,#5826,#5827);
#5825 = CARTESIAN_POINT('',(-87.9362701614,-9.513729886284,
    6.349999904633));
#5826 = DIRECTION('',(-0.,-0.,-1.));
#5827 = DIRECTION('',(-1.,0.,0.));
#5828 = ADVANCED_FACE('',(#5829),#5839,.F.);
#5829 = FACE_BOUND('',#5830,.F.);
#5830 = EDGE_LOOP('',(#5831,#5837,#5838));
#5831 = ORIENTED_EDGE('',*,*,#5832,.T.);
#5832 = EDGE_CURVE('',#5438,#5214,#5833,.T.);
#5833 = LINE('',#5834,#5835);
#5834 = CARTESIAN_POINT('',(-81.40000152587,-6.400000095367,
    6.349999904633));
#5835 = VECTOR('',#5836,1.);
#5836 = DIRECTION('',(0.99856491255,-5.355478900119E-02,0.));
#5837 = ORIENTED_EDGE('',*,*,#5742,.F.);
#5838 = ORIENTED_EDGE('',*,*,#5795,.F.);
#5839 = PLANE('',#5840);
#5840 = AXIS2_PLACEMENT_3D('',#5841,#5842,#5843);
#5841 = CARTESIAN_POINT('',(-26.0971452019,-11.14535863085,
    6.349999904633));
#5842 = DIRECTION('',(-0.,-0.,-1.));
#5843 = DIRECTION('',(-1.,0.,0.));
#5844 = ADVANCED_FACE('',(#5845),#5860,.F.);
#5845 = FACE_BOUND('',#5846,.F.);
#5846 = EDGE_LOOP('',(#5847,#5848,#5854));
#5847 = ORIENTED_EDGE('',*,*,#5832,.F.);
#5848 = ORIENTED_EDGE('',*,*,#5849,.T.);
#5849 = EDGE_CURVE('',#5438,#5257,#5850,.T.);
#5850 = LINE('',#5851,#5852);
#5851 = CARTESIAN_POINT('',(-81.40000152587,-6.400000095367,
    6.349999904633));
#5852 = VECTOR('',#5853,1.);
#5853 = DIRECTION('',(1.,0.,0.));
#5854 = ORIENTED_EDGE('',*,*,#5855,.T.);
#5855 = EDGE_CURVE('',#5257,#5214,#5856,.T.);
#5856 = LINE('',#5857,#5858);
#5857 = CARTESIAN_POINT('',(30.39999961853,-6.400000095367,
    6.349999904633));
#5858 = VECTOR('',#5859,1.);
#5859 = DIRECTION('',(0.720623246692,-0.693326861104,0.));
#5860 = PLANE('',#5861);
#5861 = AXIS2_PLACEMENT_3D('',#5862,#5863,#5864);
#5862 = CARTESIAN_POINT('',(-21.60285569425,-8.093070319479,
    6.349999904633));
#5863 = DIRECTION('',(-0.,-0.,-1.));
#5864 = DIRECTION('',(-1.,0.,0.));
#5865 = ADVANCED_FACE('',(#5866),#5876,.F.);
#5866 = FACE_BOUND('',#5867,.F.);
#5867 = EDGE_LOOP('',(#5868,#5869,#5870));
#5868 = ORIENTED_EDGE('',*,*,#5855,.F.);
#5869 = ORIENTED_EDGE('',*,*,#5265,.F.);
#5870 = ORIENTED_EDGE('',*,*,#5871,.T.);
#5871 = EDGE_CURVE('',#5004,#5214,#5872,.T.);
#5872 = LINE('',#5873,#5874);
#5873 = CARTESIAN_POINT('',(36.75,-6.400000095367,6.349999904633));
#5874 = VECTOR('',#5875,1.);
#5875 = DIRECTION('',(3.933960288239E-02,-0.999225898206,0.));
#5876 = PLANE('',#5877);
#5877 = AXIS2_PLACEMENT_3D('',#5878,#5879,#5880);
#5878 = CARTESIAN_POINT('',(34.586544918154,-8.652864779708,
    6.349999904633));
#5879 = DIRECTION('',(-0.,-0.,-1.));
#5880 = DIRECTION('',(-1.,0.,0.));
#5881 = ADVANCED_FACE('',(#5882),#5887,.F.);
#5882 = FACE_BOUND('',#5883,.F.);
#5883 = EDGE_LOOP('',(#5884,#5885,#5886));
#5884 = ORIENTED_EDGE('',*,*,#5021,.F.);
#5885 = ORIENTED_EDGE('',*,*,#5221,.F.);
#5886 = ORIENTED_EDGE('',*,*,#5871,.F.);
#5887 = PLANE('',#5888);
#5888 = AXIS2_PLACEMENT_3D('',#5889,#5890,#5891);
#5889 = CARTESIAN_POINT('',(36.9362701614,-9.513729886284,6.349999904633
    ));
#5890 = DIRECTION('',(-0.,-0.,-1.));
#5891 = DIRECTION('',(-1.,0.,0.));
#5892 = ADVANCED_FACE('',(#5893),#5903,.F.);
#5893 = FACE_BOUND('',#5894,.F.);
#5894 = EDGE_LOOP('',(#5895,#5901,#5902));
#5895 = ORIENTED_EDGE('',*,*,#5896,.T.);
#5896 = EDGE_CURVE('',#5408,#5649,#5897,.T.);
#5897 = LINE('',#5898,#5899);
#5898 = CARTESIAN_POINT('',(-87.75,93.75,6.349999904633));
#5899 = VECTOR('',#5900,1.);
#5900 = DIRECTION('',(-8.156335509224E-03,0.,0.999966736542));
#5901 = ORIENTED_EDGE('',*,*,#5657,.F.);
#5902 = ORIENTED_EDGE('',*,*,#5586,.F.);
#5903 = PLANE('',#5904);
#5904 = AXIS2_PLACEMENT_3D('',#5905,#5906,#5907);
#5905 = CARTESIAN_POINT('',(-87.93724511027,93.75,21.61275484204));
#5906 = DIRECTION('',(-0.,-1.,-0.));
#5907 = DIRECTION('',(0.,0.,-1.));
#5908 = ADVANCED_FACE('',(#5909),#5919,.F.);
#5909 = FACE_BOUND('',#5910,.F.);
#5910 = EDGE_LOOP('',(#5911,#5917,#5918));
#5911 = ORIENTED_EDGE('',*,*,#5912,.T.);
#5912 = EDGE_CURVE('',#5476,#5649,#5913,.T.);
#5913 = LINE('',#5914,#5915);
#5914 = CARTESIAN_POINT('',(-87.75,93.75,37.));
#5915 = VECTOR('',#5916,1.);
#5916 = DIRECTION('',(-1.,0.,0.));
#5917 = ORIENTED_EDGE('',*,*,#5896,.F.);
#5918 = ORIENTED_EDGE('',*,*,#5483,.F.);
#5919 = PLANE('',#5920);
#5920 = AXIS2_PLACEMENT_3D('',#5921,#5922,#5923);
#5921 = CARTESIAN_POINT('',(-87.81275488972,93.75,21.737245062592));
#5922 = DIRECTION('',(-0.,-1.,-0.));
#5923 = DIRECTION('',(0.,0.,-1.));
#5924 = ADVANCED_FACE('',(#5925),#5940,.F.);
#5925 = FACE_BOUND('',#5926,.F.);
#5926 = EDGE_LOOP('',(#5927,#5933,#5939));
#5927 = ORIENTED_EDGE('',*,*,#5928,.T.);
#5928 = EDGE_CURVE('',#5735,#5174,#5929,.T.);
#5929 = LINE('',#5930,#5931);
#5930 = CARTESIAN_POINT('',(-88.,-12.75,6.349999904633));
#5931 = VECTOR('',#5932,1.);
#5932 = DIRECTION('',(0.,0.202869701341,0.979205741547));
#5933 = ORIENTED_EDGE('',*,*,#5934,.T.);
#5934 = EDGE_CURVE('',#5174,#5810,#5935,.T.);
#5935 = LINE('',#5936,#5937);
#5936 = CARTESIAN_POINT('',(-88.,-6.400000095367,37.));
#5937 = VECTOR('',#5938,1.);
#5938 = DIRECTION('',(0.,0.,-1.));
#5939 = ORIENTED_EDGE('',*,*,#5809,.F.);
#5940 = PLANE('',#5941);
#5941 = AXIS2_PLACEMENT_3D('',#5942,#5943,#5944);
#5942 = CARTESIAN_POINT('',(-88.,-8.150219711673,20.250219616305));
#5943 = DIRECTION('',(-1.,-0.,-0.));
#5944 = DIRECTION('',(0.,0.,-1.));
#5945 = ADVANCED_FACE('',(#5946),#5951,.F.);
#5946 = FACE_BOUND('',#5947,.F.);
#5947 = EDGE_LOOP('',(#5948,#5949,#5950));
#5948 = ORIENTED_EDGE('',*,*,#5181,.F.);
#5949 = ORIENTED_EDGE('',*,*,#5928,.F.);
#5950 = ORIENTED_EDGE('',*,*,#5734,.F.);
#5951 = PLANE('',#5952);
#5952 = AXIS2_PLACEMENT_3D('',#5953,#5954,#5955);
#5953 = CARTESIAN_POINT('',(-88.,-10.99978038369,23.099780288327));
#5954 = DIRECTION('',(-1.,-0.,-0.));
#5955 = DIRECTION('',(0.,0.,-1.));
#5956 = ADVANCED_FACE('',(#5957),#5972,.F.);
#5957 = FACE_BOUND('',#5958,.F.);
#5958 = EDGE_LOOP('',(#5959,#5965,#5971));
#5959 = ORIENTED_EDGE('',*,*,#5960,.T.);
#5960 = EDGE_CURVE('',#5384,#5296,#5961,.T.);
#5961 = LINE('',#5962,#5963);
#5962 = CARTESIAN_POINT('',(-81.40000152587,93.75,6.349999904633));
#5963 = VECTOR('',#5964,1.);
#5964 = DIRECTION('',(0.964414608375,0.,0.26439452179));
#5965 = ORIENTED_EDGE('',*,*,#5966,.T.);
#5966 = EDGE_CURVE('',#5296,#5541,#5967,.T.);
#5967 = LINE('',#5968,#5969);
#5968 = CARTESIAN_POINT('',(30.39999961853,93.75,37.));
#5969 = VECTOR('',#5970,1.);
#5970 = DIRECTION('',(-1.,0.,0.));
#5971 = ORIENTED_EDGE('',*,*,#5549,.F.);
#5972 = PLANE('',#5973);
#5973 = AXIS2_PLACEMENT_3D('',#5974,#5975,#5976);
#5974 = CARTESIAN_POINT('',(-32.13118965409,93.75,28.306188652734));
#5975 = DIRECTION('',(-0.,-1.,-0.));
#5976 = DIRECTION('',(0.,0.,-1.));
#5977 = ADVANCED_FACE('',(#5978),#5983,.F.);
#5978 = FACE_BOUND('',#5979,.F.);
#5979 = EDGE_LOOP('',(#5980,#5981,#5982));
#5980 = ORIENTED_EDGE('',*,*,#5303,.F.);
#5981 = ORIENTED_EDGE('',*,*,#5960,.F.);
#5982 = ORIENTED_EDGE('',*,*,#5610,.F.);
#5983 = PLANE('',#5984);
#5984 = AXIS2_PLACEMENT_3D('',#5985,#5986,#5987);
#5985 = CARTESIAN_POINT('',(-18.86881225325,93.75,15.043811251899));
#5986 = DIRECTION('',(-0.,-1.,-0.));
#5987 = DIRECTION('',(0.,0.,-1.));
#5988 = ADVANCED_FACE('',(#5989),#5999,.F.);
#5989 = FACE_BOUND('',#5990,.F.);
#5990 = EDGE_LOOP('',(#5991,#5997,#5998));
#5991 = ORIENTED_EDGE('',*,*,#5992,.T.);
#5992 = EDGE_CURVE('',#5129,#5476,#5993,.T.);
#5993 = LINE('',#5994,#5995);
#5994 = CARTESIAN_POINT('',(-81.40000152587,-6.400000095367,37.));
#5995 = VECTOR('',#5996,1.);
#5996 = DIRECTION('',(-6.327781089746E-02,0.997995951218,0.));
#5997 = ORIENTED_EDGE('',*,*,#5498,.F.);
#5998 = ORIENTED_EDGE('',*,*,#5151,.F.);
#5999 = PLANE('',#6000);
#6000 = AXIS2_PLACEMENT_3D('',#6001,#6002,#6003);
#6001 = CARTESIAN_POINT('',(-86.11222325222,42.137777463026,37.));
#6002 = DIRECTION('',(0.,0.,1.));
#6003 = DIRECTION('',(1.,0.,-0.));
#6004 = ADVANCED_FACE('',(#6005),#6015,.F.);
#6005 = FACE_BOUND('',#6006,.F.);
#6006 = EDGE_LOOP('',(#6007,#6013,#6014));
#6007 = ORIENTED_EDGE('',*,*,#6008,.T.);
#6008 = EDGE_CURVE('',#5541,#5476,#6009,.T.);
#6009 = LINE('',#6010,#6011);
#6010 = CARTESIAN_POINT('',(-81.40000152587,93.75,37.));
#6011 = VECTOR('',#6012,1.);
#6012 = DIRECTION('',(-1.,0.,0.));
#6013 = ORIENTED_EDGE('',*,*,#5992,.F.);
#6014 = ORIENTED_EDGE('',*,*,#5540,.F.);
#6015 = PLANE('',#6016);
#6016 = AXIS2_PLACEMENT_3D('',#6017,#6018,#6019);
#6017 = CARTESIAN_POINT('',(-83.03777827365,45.212222441606,37.));
#6018 = DIRECTION('',(0.,0.,1.));
#6019 = DIRECTION('',(1.,0.,-0.));
#6020 = ADVANCED_FACE('',(#6021),#6036,.F.);
#6021 = FACE_BOUND('',#6022,.F.);
#6022 = EDGE_LOOP('',(#6023,#6029,#6030));
#6023 = ORIENTED_EDGE('',*,*,#6024,.T.);
#6024 = EDGE_CURVE('',#5340,#4959,#6025,.T.);
#6025 = LINE('',#6026,#6027);
#6026 = CARTESIAN_POINT('',(36.75,93.75,37.));
#6027 = VECTOR('',#6028,1.);
#6028 = DIRECTION('',(8.156335509224E-03,0.,-0.999966736542));
#6029 = ORIENTED_EDGE('',*,*,#5679,.F.);
#6030 = ORIENTED_EDGE('',*,*,#6031,.T.);
#6031 = EDGE_CURVE('',#5672,#5340,#6032,.T.);
#6032 = LINE('',#6033,#6034);
#6033 = CARTESIAN_POINT('',(37.,93.75,37.));
#6034 = VECTOR('',#6035,1.);
#6035 = DIRECTION('',(-1.,0.,0.));
#6036 = PLANE('',#6037);
#6037 = AXIS2_PLACEMENT_3D('',#6038,#6039,#6040);
#6038 = CARTESIAN_POINT('',(36.937245110276,93.75,21.737245062592));
#6039 = DIRECTION('',(-0.,-1.,-0.));
#6040 = DIRECTION('',(0.,0.,-1.));
#6041 = ADVANCED_FACE('',(#6042),#6047,.F.);
#6042 = FACE_BOUND('',#6043,.F.);
#6043 = EDGE_LOOP('',(#6044,#6045,#6046));
#6044 = ORIENTED_EDGE('',*,*,#4966,.F.);
#6045 = ORIENTED_EDGE('',*,*,#6024,.F.);
#6046 = ORIENTED_EDGE('',*,*,#5348,.F.);
#6047 = PLANE('',#6048);
#6048 = AXIS2_PLACEMENT_3D('',#6049,#6050,#6051);
#6049 = CARTESIAN_POINT('',(36.812754889724,93.75,21.61275484204));
#6050 = DIRECTION('',(-0.,-1.,-0.));
#6051 = DIRECTION('',(0.,0.,-1.));
#6052 = ADVANCED_FACE('',(#6053),#6063,.F.);
#6053 = FACE_BOUND('',#6054,.F.);
#6054 = EDGE_LOOP('',(#6055,#6061,#6062));
#6055 = ORIENTED_EDGE('',*,*,#6056,.T.);
#6056 = EDGE_CURVE('',#5152,#5810,#6057,.T.);
#6057 = LINE('',#6058,#6059);
#6058 = CARTESIAN_POINT('',(-87.75,-6.400000095367,37.));
#6059 = VECTOR('',#6060,1.);
#6060 = DIRECTION('',(-8.156335509224E-03,0.,-0.999966736542));
#6061 = ORIENTED_EDGE('',*,*,#5934,.F.);
#6062 = ORIENTED_EDGE('',*,*,#5173,.F.);
#6063 = PLANE('',#6064);
#6064 = AXIS2_PLACEMENT_3D('',#6065,#6066,#6067);
#6065 = CARTESIAN_POINT('',(-87.93724511027,-6.400000095367,
    21.737245062592));
#6066 = DIRECTION('',(0.,1.,0.));
#6067 = DIRECTION('',(0.,-0.,1.));
#6068 = ADVANCED_FACE('',(#6069),#6074,.F.);
#6069 = FACE_BOUND('',#6070,.F.);
#6070 = EDGE_LOOP('',(#6071,#6072,#6073));
#6071 = ORIENTED_EDGE('',*,*,#5817,.F.);
#6072 = ORIENTED_EDGE('',*,*,#6056,.F.);
#6073 = ORIENTED_EDGE('',*,*,#5505,.F.);
#6074 = PLANE('',#6075);
#6075 = AXIS2_PLACEMENT_3D('',#6076,#6077,#6078);
#6076 = CARTESIAN_POINT('',(-87.81275488972,-6.400000095367,
    21.61275484204));
#6077 = DIRECTION('',(0.,1.,0.));
#6078 = DIRECTION('',(0.,-0.,1.));
#6079 = ADVANCED_FACE('',(#6080),#6097,.F.);
#6080 = FACE_BOUND('',#6081,.F.);
#6081 = EDGE_LOOP('',(#6082,#6090,#6091));
#6082 = ORIENTED_EDGE('',*,*,#6083,.T.);
#6083 = EDGE_CURVE('',#6084,#4904,#6086,.T.);
#6084 = VERTEX_POINT('',#6085);
#6085 = CARTESIAN_POINT('',(-87.75,99.,37.));
#6086 = LINE('',#6087,#6088);
#6087 = CARTESIAN_POINT('',(-87.75,99.,37.));
#6088 = VECTOR('',#6089,1.);
#6089 = DIRECTION('',(0.20286965752,0.,-0.979205750625));
#6090 = ORIENTED_EDGE('',*,*,#4903,.F.);
#6091 = ORIENTED_EDGE('',*,*,#6092,.T.);
#6092 = EDGE_CURVE('',#4896,#6084,#6093,.T.);
#6093 = LINE('',#6094,#6095);
#6094 = CARTESIAN_POINT('',(-87.75,99.,6.349999904633));
#6095 = VECTOR('',#6096,1.);
#6096 = DIRECTION('',(0.,0.,1.));
#6097 = PLANE('',#6098);
#6098 = AXIS2_PLACEMENT_3D('',#6099,#6100,#6101);
#6099 = CARTESIAN_POINT('',(-85.99978081387,99.,20.250219901381));
#6100 = DIRECTION('',(0.,1.,0.));
#6101 = DIRECTION('',(0.,-0.,1.));
#6102 = ADVANCED_FACE('',(#6103),#6120,.F.);
#6103 = FACE_BOUND('',#6104,.F.);
#6104 = EDGE_LOOP('',(#6105,#6113,#6114));
#6105 = ORIENTED_EDGE('',*,*,#6106,.T.);
#6106 = EDGE_CURVE('',#6107,#4904,#6109,.T.);
#6107 = VERTEX_POINT('',#6108);
#6108 = CARTESIAN_POINT('',(-81.40000152587,99.,37.));
#6109 = LINE('',#6110,#6111);
#6110 = CARTESIAN_POINT('',(-81.40000152587,99.,37.));
#6111 = VECTOR('',#6112,1.);
#6112 = DIRECTION('',(0.,0.,-1.));
#6113 = ORIENTED_EDGE('',*,*,#6083,.F.);
#6114 = ORIENTED_EDGE('',*,*,#6115,.F.);
#6115 = EDGE_CURVE('',#6107,#6084,#6116,.T.);
#6116 = LINE('',#6117,#6118);
#6117 = CARTESIAN_POINT('',(-81.40000152587,99.,37.));
#6118 = VECTOR('',#6119,1.);
#6119 = DIRECTION('',(-1.,0.,0.));
#6120 = PLANE('',#6121);
#6121 = AXIS2_PLACEMENT_3D('',#6122,#6123,#6124);
#6122 = CARTESIAN_POINT('',(-83.150220712,99.,23.099780003251));
#6123 = DIRECTION('',(0.,1.,0.));
#6124 = DIRECTION('',(0.,-0.,1.));
#6125 = ADVANCED_FACE('',(#6126),#6143,.F.);
#6126 = FACE_BOUND('',#6127,.F.);
#6127 = EDGE_LOOP('',(#6128,#6136,#6137));
#6128 = ORIENTED_EDGE('',*,*,#6129,.T.);
#6129 = EDGE_CURVE('',#6130,#6107,#6132,.T.);
#6130 = VERTEX_POINT('',#6131);
#6131 = CARTESIAN_POINT('',(-87.75,98.75,37.));
#6132 = LINE('',#6133,#6134);
#6133 = CARTESIAN_POINT('',(-87.75,98.75,37.));
#6134 = VECTOR('',#6135,1.);
#6135 = DIRECTION('',(0.999225897857,3.9339611731E-02,0.));
#6136 = ORIENTED_EDGE('',*,*,#6115,.T.);
#6137 = ORIENTED_EDGE('',*,*,#6138,.T.);
#6138 = EDGE_CURVE('',#6084,#6130,#6139,.T.);
#6139 = LINE('',#6140,#6141);
#6140 = CARTESIAN_POINT('',(-87.75,99.,37.));
#6141 = VECTOR('',#6142,1.);
#6142 = DIRECTION('',(0.,-1.,0.));
#6143 = PLANE('',#6144);
#6144 = AXIS2_PLACEMENT_3D('',#6145,#6146,#6147);
#6145 = CARTESIAN_POINT('',(-84.63627092406,98.936270161123,37.));
#6146 = DIRECTION('',(0.,0.,1.));
#6147 = DIRECTION('',(1.,0.,-0.));
#6148 = ADVANCED_FACE('',(#6149),#6166,.F.);
#6149 = FACE_BOUND('',#6150,.F.);
#6150 = EDGE_LOOP('',(#6151,#6159,#6160));
#6151 = ORIENTED_EDGE('',*,*,#6152,.T.);
#6152 = EDGE_CURVE('',#6153,#6107,#6155,.T.);
#6153 = VERTEX_POINT('',#6154);
#6154 = CARTESIAN_POINT('',(-81.40000152587,98.75,37.));
#6155 = LINE('',#6156,#6157);
#6156 = CARTESIAN_POINT('',(-81.40000152587,98.75,37.));
#6157 = VECTOR('',#6158,1.);
#6158 = DIRECTION('',(0.,1.,0.));
#6159 = ORIENTED_EDGE('',*,*,#6129,.F.);
#6160 = ORIENTED_EDGE('',*,*,#6161,.T.);
#6161 = EDGE_CURVE('',#6130,#6153,#6162,.T.);
#6162 = LINE('',#6163,#6164);
#6163 = CARTESIAN_POINT('',(-87.75,98.75,37.));
#6164 = VECTOR('',#6165,1.);
#6165 = DIRECTION('',(1.,0.,0.));
#6166 = PLANE('',#6167);
#6167 = AXIS2_PLACEMENT_3D('',#6168,#6169,#6170);
#6168 = CARTESIAN_POINT('',(-84.51373060181,98.813729838877,37.));
#6169 = DIRECTION('',(0.,0.,1.));
#6170 = DIRECTION('',(1.,0.,-0.));
#6171 = ADVANCED_FACE('',(#6172),#6182,.F.);
#6172 = FACE_BOUND('',#6173,.F.);
#6173 = EDGE_LOOP('',(#6174,#6180,#6181));
#6174 = ORIENTED_EDGE('',*,*,#6175,.T.);
#6175 = EDGE_CURVE('',#4926,#6084,#6176,.T.);
#6176 = LINE('',#6177,#6178);
#6177 = CARTESIAN_POINT('',(-87.75,98.75,6.349999904633));
#6178 = VECTOR('',#6179,1.);
#6179 = DIRECTION('',(0.,8.156335509224E-03,0.999966736542));
#6180 = ORIENTED_EDGE('',*,*,#6092,.F.);
#6181 = ORIENTED_EDGE('',*,*,#4925,.F.);
#6182 = PLANE('',#6183);
#6183 = AXIS2_PLACEMENT_3D('',#6184,#6185,#6186);
#6184 = CARTESIAN_POINT('',(-87.75,98.937245110276,21.61275484204));
#6185 = DIRECTION('',(-1.,-0.,-0.));
#6186 = DIRECTION('',(0.,0.,-1.));
#6187 = ADVANCED_FACE('',(#6188),#6198,.F.);
#6188 = FACE_BOUND('',#6189,.F.);
#6189 = EDGE_LOOP('',(#6190,#6191,#6192));
#6190 = ORIENTED_EDGE('',*,*,#6138,.F.);
#6191 = ORIENTED_EDGE('',*,*,#6175,.F.);
#6192 = ORIENTED_EDGE('',*,*,#6193,.T.);
#6193 = EDGE_CURVE('',#4926,#6130,#6194,.T.);
#6194 = LINE('',#6195,#6196);
#6195 = CARTESIAN_POINT('',(-87.75,98.75,6.349999904633));
#6196 = VECTOR('',#6197,1.);
#6197 = DIRECTION('',(0.,0.,1.));
#6198 = PLANE('',#6199);
#6199 = AXIS2_PLACEMENT_3D('',#6200,#6201,#6202);
#6200 = CARTESIAN_POINT('',(-87.75,98.812754889724,21.737245062592));
#6201 = DIRECTION('',(-1.,-0.,-0.));
#6202 = DIRECTION('',(0.,0.,-1.));
#6203 = ADVANCED_FACE('',(#6204),#6214,.F.);
#6204 = FACE_BOUND('',#6205,.F.);
#6205 = EDGE_LOOP('',(#6206,#6212,#6213));
#6206 = ORIENTED_EDGE('',*,*,#6207,.T.);
#6207 = EDGE_CURVE('',#5257,#5129,#6208,.T.);
#6208 = LINE('',#6209,#6210);
#6209 = CARTESIAN_POINT('',(30.39999961853,-6.400000095367,
    6.349999904633));
#6210 = VECTOR('',#6211,1.);
#6211 = DIRECTION('',(-0.964414608375,0.,0.26439452179));
#6212 = ORIENTED_EDGE('',*,*,#5128,.F.);
#6213 = ORIENTED_EDGE('',*,*,#5325,.F.);
#6214 = PLANE('',#6215);
#6215 = AXIS2_PLACEMENT_3D('',#6216,#6217,#6218);
#6216 = CARTESIAN_POINT('',(-18.86881225325,-6.400000095367,
    28.306188652734));
#6217 = DIRECTION('',(0.,1.,0.));
#6218 = DIRECTION('',(0.,-0.,1.));
#6219 = ADVANCED_FACE('',(#6220),#6225,.F.);
#6220 = FACE_BOUND('',#6221,.F.);
#6221 = EDGE_LOOP('',(#6222,#6223,#6224));
#6222 = ORIENTED_EDGE('',*,*,#5525,.F.);
#6223 = ORIENTED_EDGE('',*,*,#6207,.F.);
#6224 = ORIENTED_EDGE('',*,*,#5849,.F.);
#6225 = PLANE('',#6226);
#6226 = AXIS2_PLACEMENT_3D('',#6227,#6228,#6229);
#6227 = CARTESIAN_POINT('',(-32.13118965409,-6.400000095367,
    15.043811251899));
#6228 = DIRECTION('',(0.,1.,0.));
#6229 = DIRECTION('',(0.,-0.,1.));
#6230 = ADVANCED_FACE('',(#6231),#6246,.F.);
#6231 = FACE_BOUND('',#6232,.F.);
#6232 = EDGE_LOOP('',(#6233,#6239,#6240));
#6233 = ORIENTED_EDGE('',*,*,#6234,.T.);
#6234 = EDGE_CURVE('',#6130,#5564,#6235,.T.);
#6235 = LINE('',#6236,#6237);
#6236 = CARTESIAN_POINT('',(-87.75,98.75,37.));
#6237 = VECTOR('',#6238,1.);
#6238 = DIRECTION('',(-8.156335509224E-03,0.,-0.999966736542));
#6239 = ORIENTED_EDGE('',*,*,#5633,.F.);
#6240 = ORIENTED_EDGE('',*,*,#6241,.T.);
#6241 = EDGE_CURVE('',#5626,#6130,#6242,.T.);
#6242 = LINE('',#6243,#6244);
#6243 = CARTESIAN_POINT('',(-88.,98.75,37.));
#6244 = VECTOR('',#6245,1.);
#6245 = DIRECTION('',(1.,0.,0.));
#6246 = PLANE('',#6247);
#6247 = AXIS2_PLACEMENT_3D('',#6248,#6249,#6250);
#6248 = CARTESIAN_POINT('',(-87.93724511027,98.75,21.737245062592));
#6249 = DIRECTION('',(0.,1.,0.));
#6250 = DIRECTION('',(0.,-0.,1.));
#6251 = ADVANCED_FACE('',(#6252),#6257,.F.);
#6252 = FACE_BOUND('',#6253,.F.);
#6253 = EDGE_LOOP('',(#6254,#6255,#6256));
#6254 = ORIENTED_EDGE('',*,*,#5571,.F.);
#6255 = ORIENTED_EDGE('',*,*,#6234,.F.);
#6256 = ORIENTED_EDGE('',*,*,#6193,.F.);
#6257 = PLANE('',#6258);
#6258 = AXIS2_PLACEMENT_3D('',#6259,#6260,#6261);
#6259 = CARTESIAN_POINT('',(-87.81275488972,98.75,21.61275484204));
#6260 = DIRECTION('',(0.,1.,0.));
#6261 = DIRECTION('',(0.,-0.,1.));
#6262 = ADVANCED_FACE('',(#6263),#6273,.F.);
#6263 = FACE_BOUND('',#6264,.F.);
#6264 = EDGE_LOOP('',(#6265,#6271,#6272));
#6265 = ORIENTED_EDGE('',*,*,#6266,.T.);
#6266 = EDGE_CURVE('',#4894,#5695,#6267,.T.);
#6267 = LINE('',#6268,#6269);
#6268 = CARTESIAN_POINT('',(-81.40000152587,98.75,6.349999904633));
#6269 = VECTOR('',#6270,1.);
#6270 = DIRECTION('',(0.96808879229,0.,0.250607442514));
#6271 = ORIENTED_EDGE('',*,*,#5703,.F.);
#6272 = ORIENTED_EDGE('',*,*,#5362,.F.);
#6273 = PLANE('',#6274);
#6274 = AXIS2_PLACEMENT_3D('',#6275,#6276,#6277);
#6275 = CARTESIAN_POINT('',(-15.51320851293,98.75,14.98820770231));
#6276 = DIRECTION('',(0.,1.,0.));
#6277 = DIRECTION('',(0.,-0.,1.));
#6278 = ADVANCED_FACE('',(#6279),#6294,.F.);
#6279 = FACE_BOUND('',#6280,.F.);
#6280 = EDGE_LOOP('',(#6281,#6287,#6288));
#6281 = ORIENTED_EDGE('',*,*,#6282,.T.);
#6282 = EDGE_CURVE('',#6153,#5695,#6283,.T.);
#6283 = LINE('',#6284,#6285);
#6284 = CARTESIAN_POINT('',(-81.40000152587,98.75,37.));
#6285 = VECTOR('',#6286,1.);
#6286 = DIRECTION('',(1.,0.,0.));
#6287 = ORIENTED_EDGE('',*,*,#6266,.F.);
#6288 = ORIENTED_EDGE('',*,*,#6289,.T.);
#6289 = EDGE_CURVE('',#4894,#6153,#6290,.T.);
#6290 = LINE('',#6291,#6292);
#6291 = CARTESIAN_POINT('',(-81.40000152587,98.75,6.349999904633));
#6292 = VECTOR('',#6293,1.);
#6293 = DIRECTION('',(0.,0.,1.));
#6294 = PLANE('',#6295);
#6295 = AXIS2_PLACEMENT_3D('',#6296,#6297,#6298);
#6296 = CARTESIAN_POINT('',(-28.88679301294,98.75,28.361792202323));
#6297 = DIRECTION('',(0.,1.,0.));
#6298 = DIRECTION('',(0.,-0.,1.));
#6299 = ADVANCED_FACE('',(#6300),#6310,.F.);
#6300 = FACE_BOUND('',#6301,.F.);
#6301 = EDGE_LOOP('',(#6302,#6308,#6309));
#6302 = ORIENTED_EDGE('',*,*,#6303,.T.);
#6303 = EDGE_CURVE('',#4904,#6153,#6304,.T.);
#6304 = LINE('',#6305,#6306);
#6305 = CARTESIAN_POINT('',(-81.40000152587,99.,6.349999904633));
#6306 = VECTOR('',#6307,1.);
#6307 = DIRECTION('',(0.,-8.156335509224E-03,0.999966736542));
#6308 = ORIENTED_EDGE('',*,*,#6289,.F.);
#6309 = ORIENTED_EDGE('',*,*,#4911,.F.);
#6310 = PLANE('',#6311);
#6311 = AXIS2_PLACEMENT_3D('',#6312,#6313,#6314);
#6312 = CARTESIAN_POINT('',(-81.40000152587,98.812754889724,
    21.61275484204));
#6313 = DIRECTION('',(1.,0.,0.));
#6314 = DIRECTION('',(-0.,0.,1.));
#6315 = ADVANCED_FACE('',(#6316),#6321,.F.);
#6316 = FACE_BOUND('',#6317,.F.);
#6317 = EDGE_LOOP('',(#6318,#6319,#6320));
#6318 = ORIENTED_EDGE('',*,*,#6152,.F.);
#6319 = ORIENTED_EDGE('',*,*,#6303,.F.);
#6320 = ORIENTED_EDGE('',*,*,#6106,.F.);
#6321 = PLANE('',#6322);
#6322 = AXIS2_PLACEMENT_3D('',#6323,#6324,#6325);
#6323 = CARTESIAN_POINT('',(-81.40000152587,98.937245110276,
    21.737245062592));
#6324 = DIRECTION('',(1.,0.,0.));
#6325 = DIRECTION('',(-0.,0.,1.));
#6326 = ADVANCED_FACE('',(#6327),#6337,.F.);
#6327 = FACE_BOUND('',#6328,.F.);
#6328 = EDGE_LOOP('',(#6329,#6335,#6336));
#6329 = ORIENTED_EDGE('',*,*,#6330,.T.);
#6330 = EDGE_CURVE('',#5476,#5626,#6331,.T.);
#6331 = LINE('',#6332,#6333);
#6332 = CARTESIAN_POINT('',(-87.75,93.75,37.));
#6333 = VECTOR('',#6334,1.);
#6334 = DIRECTION('',(-4.993761694389E-02,0.998752338878,0.));
#6335 = ORIENTED_EDGE('',*,*,#5648,.F.);
#6336 = ORIENTED_EDGE('',*,*,#5912,.F.);
#6337 = PLANE('',#6338);
#6338 = AXIS2_PLACEMENT_3D('',#6339,#6340,#6341);
#6339 = CARTESIAN_POINT('',(-87.93593847534,96.189061524656,37.));
#6340 = DIRECTION('',(0.,0.,1.));
#6341 = DIRECTION('',(1.,0.,-0.));
#6342 = ADVANCED_FACE('',(#6343),#6358,.F.);
#6343 = FACE_BOUND('',#6344,.F.);
#6344 = EDGE_LOOP('',(#6345,#6346,#6352));
#6345 = ORIENTED_EDGE('',*,*,#6008,.F.);
#6346 = ORIENTED_EDGE('',*,*,#6347,.T.);
#6347 = EDGE_CURVE('',#5541,#6153,#6348,.T.);
#6348 = LINE('',#6349,#6350);
#6349 = CARTESIAN_POINT('',(-81.40000152587,93.75,37.));
#6350 = VECTOR('',#6351,1.);
#6351 = DIRECTION('',(0.,1.,0.));
#6352 = ORIENTED_EDGE('',*,*,#6353,.T.);
#6353 = EDGE_CURVE('',#6153,#5476,#6354,.T.);
#6354 = LINE('',#6355,#6356);
#6355 = CARTESIAN_POINT('',(-81.40000152587,98.75,37.));
#6356 = VECTOR('',#6357,1.);
#6357 = DIRECTION('',(-0.785673828373,-0.6186409584,0.));
#6358 = PLANE('',#6359);
#6359 = AXIS2_PLACEMENT_3D('',#6360,#6361,#6362);
#6360 = CARTESIAN_POINT('',(-83.75805924524,95.433058482301,37.));
#6361 = DIRECTION('',(0.,0.,1.));
#6362 = DIRECTION('',(1.,0.,-0.));
#6363 = ADVANCED_FACE('',(#6364),#6374,.F.);
#6364 = FACE_BOUND('',#6365,.F.);
#6365 = EDGE_LOOP('',(#6366,#6367,#6373));
#6366 = ORIENTED_EDGE('',*,*,#5966,.F.);
#6367 = ORIENTED_EDGE('',*,*,#6368,.T.);
#6368 = EDGE_CURVE('',#5296,#6153,#6369,.T.);
#6369 = LINE('',#6370,#6371);
#6370 = CARTESIAN_POINT('',(30.39999961853,93.75,37.));
#6371 = VECTOR('',#6372,1.);
#6372 = DIRECTION('',(-0.999001436903,4.467806022706E-02,0.));
#6373 = ORIENTED_EDGE('',*,*,#6347,.F.);
#6374 = PLANE('',#6375);
#6375 = AXIS2_PLACEMENT_3D('',#6376,#6377,#6378);
#6376 = CARTESIAN_POINT('',(-26.72206321723,95.027937736438,37.));
#6377 = DIRECTION('',(0.,0.,1.));
#6378 = DIRECTION('',(1.,0.,-0.));
#6379 = ADVANCED_FACE('',(#6380),#6395,.F.);
#6380 = FACE_BOUND('',#6381,.F.);
#6381 = EDGE_LOOP('',(#6382,#6383,#6389));
#6382 = ORIENTED_EDGE('',*,*,#5772,.F.);
#6383 = ORIENTED_EDGE('',*,*,#6384,.T.);
#6384 = EDGE_CURVE('',#5340,#5695,#6385,.T.);
#6385 = LINE('',#6386,#6387);
#6386 = CARTESIAN_POINT('',(36.75,93.75,37.));
#6387 = VECTOR('',#6388,1.);
#6388 = DIRECTION('',(4.993761694389E-02,0.998752338878,0.));
#6389 = ORIENTED_EDGE('',*,*,#6390,.T.);
#6390 = EDGE_CURVE('',#5695,#5296,#6391,.T.);
#6391 = LINE('',#6392,#6393);
#6392 = CARTESIAN_POINT('',(37.,98.75,37.));
#6393 = VECTOR('',#6394,1.);
#6394 = DIRECTION('',(-0.797092164953,-0.60385766582,0.));
#6395 = PLANE('',#6396);
#6396 = AXIS2_PLACEMENT_3D('',#6397,#6398,#6399);
#6397 = CARTESIAN_POINT('',(34.469037198824,95.441550044287,37.));
#6398 = DIRECTION('',(0.,0.,1.));
#6399 = DIRECTION('',(1.,0.,-0.));
#6400 = ADVANCED_FACE('',(#6401),#6406,.F.);
#6401 = FACE_BOUND('',#6402,.F.);
#6402 = EDGE_LOOP('',(#6403,#6404,#6405));
#6403 = ORIENTED_EDGE('',*,*,#6031,.F.);
#6404 = ORIENTED_EDGE('',*,*,#5694,.F.);
#6405 = ORIENTED_EDGE('',*,*,#6384,.F.);
#6406 = PLANE('',#6407);
#6407 = AXIS2_PLACEMENT_3D('',#6408,#6409,#6410);
#6408 = CARTESIAN_POINT('',(36.935938475344,96.189061524656,37.));
#6409 = DIRECTION('',(0.,0.,1.));
#6410 = DIRECTION('',(1.,0.,-0.));
#6411 = ADVANCED_FACE('',(#6412),#6417,.F.);
#6412 = FACE_BOUND('',#6413,.F.);
#6413 = EDGE_LOOP('',(#6414,#6415,#6416));
#6414 = ORIENTED_EDGE('',*,*,#6390,.F.);
#6415 = ORIENTED_EDGE('',*,*,#6282,.F.);
#6416 = ORIENTED_EDGE('',*,*,#6368,.F.);
#6417 = PLANE('',#6418);
#6418 = AXIS2_PLACEMENT_3D('',#6419,#6420,#6421);
#6419 = CARTESIAN_POINT('',(-21.80791436428,97.490612381133,37.));
#6420 = DIRECTION('',(0.,0.,1.));
#6421 = DIRECTION('',(1.,0.,-0.));
#6422 = ADVANCED_FACE('',(#6423),#6433,.F.);
#6423 = FACE_BOUND('',#6424,.F.);
#6424 = EDGE_LOOP('',(#6425,#6426,#6427));
#6425 = ORIENTED_EDGE('',*,*,#6353,.F.);
#6426 = ORIENTED_EDGE('',*,*,#6161,.F.);
#6427 = ORIENTED_EDGE('',*,*,#6428,.T.);
#6428 = EDGE_CURVE('',#6130,#5476,#6429,.T.);
#6429 = LINE('',#6430,#6431);
#6430 = CARTESIAN_POINT('',(-87.75,98.75,37.));
#6431 = VECTOR('',#6432,1.);
#6432 = DIRECTION('',(0.,-1.,0.));
#6433 = PLANE('',#6434);
#6434 = AXIS2_PLACEMENT_3D('',#6435,#6436,#6437);
#6435 = CARTESIAN_POINT('',(-85.39194228063,97.066941517699,37.));
#6436 = DIRECTION('',(0.,0.,1.));
#6437 = DIRECTION('',(1.,0.,-0.));
#6438 = ADVANCED_FACE('',(#6439),#6444,.F.);
#6439 = FACE_BOUND('',#6440,.F.);
#6440 = EDGE_LOOP('',(#6441,#6442,#6443));
#6441 = ORIENTED_EDGE('',*,*,#6241,.F.);
#6442 = ORIENTED_EDGE('',*,*,#6330,.F.);
#6443 = ORIENTED_EDGE('',*,*,#6428,.F.);
#6444 = PLANE('',#6445);
#6445 = AXIS2_PLACEMENT_3D('',#6446,#6447,#6448);
#6446 = CARTESIAN_POINT('',(-87.81406152465,96.310938475344,37.));
#6447 = DIRECTION('',(0.,0.,1.));
#6448 = DIRECTION('',(1.,0.,-0.));
#6449 = ORIENTED_CLOSED_SHELL('',*,#6450,.F.);
#6450 = CLOSED_SHELL('',(#6451,#6483,#6506,#6538,#6561,#6593,#6616,#6639
    ,#6662,#6685,#6708,#6738,#6761,#6782,#6805,#6828,#6851,#6872,#6888,
    #6904,#6915,#6931,#6947,#6963,#6979,#6995,#7006,#7029,#7059,#7082,
    #7105,#7126,#7156,#7179,#7209,#7232,#7253,#7274,#7306,#7329,#7352,
    #7384,#7407,#7430,#7462,#7485,#7508,#7531,#7554,#7584,#7605,#7633,
    #7656,#7686,#7702,#7718,#7741,#7757,#7780,#7791,#7812,#7828,#7844,
    #7876,#7899,#7922,#7952,#7975,#7998,#8021,#8037,#8060,#8083,#8106,
    #8122,#8138,#8154,#8170,#8186,#8202,#8234,#8255,#8278,#8294,#8315,
    #8331,#8354,#8377,#8400,#8423,#8446,#8469,#8492,#8515,#8538,#8554,
    #8570,#8593,#8616,#8632,#8653,#8669,#8685,#8715,#8736,#8752,#8768,
    #8779,#8802,#8818,#8839,#8855,#8871,#8887,#8898,#8921,#8944,#8974,
    #8997,#9020,#9041,#9057,#9080,#9112,#9135,#9158,#9181,#9204,#9225,
    #9241,#9264,#9294,#9310,#9326,#9342,#9358,#9374,#9397,#9420,#9441,
    #9464,#9487,#9510,#9533,#9556,#9579,#9602,#9618,#9639,#9662,#9685,
    #9701,#9717,#9733,#9754,#9777,#9793,#9809,#9832,#9848,#9864,#9880,
    #9891,#9914,#9937,#9953,#9964,#9980,#10008,#10024,#10045,#10061,
    #10082,#10093,#10109,#10120,#10136,#10152,#10168,#10189,#10217,
    #10233,#10254,#10284,#10307,#10335,#10351,#10367,#10388,#10404,
    #10415,#10426,#10437,#10453,#10464,#10480,#10496,#10512,#10542,
    #10558,#10581,#10604,#10627,#10650,#10666,#10687,#10703,#10726,
    #10749,#10772,#10795,#10811,#10834,#10857,#10873,#10889,#10900,
    #10916,#10939,#10955,#10978,#11001,#11024,#11047,#11070,#11093,
    #11116,#11139,#11171,#11194,#11217,#11245,#11268,#11284,#11305,
    #11321,#11337,#11348,#11371,#11394,#11410,#11433,#11463,#11479,
    #11500,#11511,#11532,#11543,#11564,#11575,#11598,#11614,#11637,
    #11653,#11669,#11701,#11724,#11740,#11763,#11786,#11809,#11832,
    #11848,#11871,#11894,#11917,#11940,#11956,#11972,#11995,#12016,
    #12032,#12048,#12064,#12080,#12096,#12112,#12135,#12156,#12179,
    #12200,#12230,#12246,#12269,#12292,#12308,#12329,#12345,#12361,
    #12372,#12388,#12404,#12420,#12431,#12447,#12479,#12502,#12523,
    #12539,#12555,#12576,#12599,#12615,#12636,#12659,#12682,#12705,
    #12728,#12749,#12760,#12781,#12797,#12818,#12834,#12857,#12873,
    #12889,#12917,#12940,#12956,#12979,#13000,#13016,#13027,#13038,
    #13054,#13075,#13086,#13097,#13113,#13145,#13168,#13200,#13221,
    #13244,#13260,#13276,#13292,#13315,#13338,#13361,#13384,#13400,
    #13423,#13444,#13460,#13471,#13487,#13510,#13521,#13537,#13553,
    #13569,#13585,#13601,#13624,#13647,#13663,#13674,#13697,#13720,
    #13736,#13752,#13768,#13791,#13807,#13823,#13839,#13855,#13876,
    #13892,#13903,#13926,#13949,#13965,#13976,#13997,#14013,#14029,
    #14052,#14073,#14094,#14115,#14126,#14142,#14158,#14181,#14211,
    #14234,#14250,#14266,#14289,#14312,#14335,#14358,#14381,#14397,
    #14413,#14436,#14464,#14487,#14510,#14533,#14549,#14572,#14593,
    #14609,#14625,#14641,#14657,#14668,#14684,#14705,#14728,#14751,
    #14772,#14783,#14799,#14810,#14821,#14837,#14853,#14874,#14897,
    #14908,#14931,#14947,#14963,#14979,#14995,#15011,#15022,#15043,
    #15054,#15070,#15086,#15107,#15118,#15139,#15162,#15185,#15208,
    #15231,#15254,#15270,#15281,#15297,#15325,#15348,#15371,#15394,
    #15417,#15433,#15444,#15465,#15481,#15497,#15513,#15529,#15545,
    #15561,#15577,#15588,#15604,#15620,#15636,#15647,#15663,#15674,
    #15690,#15706,#15729,#15745,#15756,#15767,#15788,#15799,#15810,
    #15826,#15842,#15853,#15876,#15899,#15915,#15931,#15954,#15970,
    #15986,#16002,#16023,#16034,#16050,#16061,#16084,#16107,#16130,
    #16153,#16176,#16199,#16222,#16245,#16268,#16291,#16312,#16328,
    #16344,#16360,#16376,#16392,#16408,#16424,#16440,#16451,#16467));
#6451 = ADVANCED_FACE('',(#6452),#6478,.F.);
#6452 = FACE_BOUND('',#6453,.F.);
#6453 = EDGE_LOOP('',(#6454,#6464,#6472));
#6454 = ORIENTED_EDGE('',*,*,#6455,.T.);
#6455 = EDGE_CURVE('',#6456,#6458,#6460,.T.);
#6456 = VERTEX_POINT('',#6457);
#6457 = CARTESIAN_POINT('',(-3.237999916077,-103.816001892,
    6.349999904633));
#6458 = VERTEX_POINT('',#6459);
#6459 = CARTESIAN_POINT('',(-3.237999916077,-92.06900024414,
    2.99799990654));
#6460 = LINE('',#6461,#6462);
#6461 = CARTESIAN_POINT('',(-3.237999916077,-103.816001892,
    6.349999904633));
#6462 = VECTOR('',#6463,1.);
#6463 = DIRECTION('',(0.,0.961616575519,-0.274396723173));
#6464 = ORIENTED_EDGE('',*,*,#6465,.T.);
#6465 = EDGE_CURVE('',#6458,#6466,#6468,.T.);
#6466 = VERTEX_POINT('',#6467);
#6467 = CARTESIAN_POINT('',(-3.237999916077,-103.816001892,2.99799990654
    ));
#6468 = LINE('',#6469,#6470);
#6469 = CARTESIAN_POINT('',(-3.237999916077,-92.06900024414,
    2.99799990654));
#6470 = VECTOR('',#6471,1.);
#6471 = DIRECTION('',(0.,-1.,0.));
#6472 = ORIENTED_EDGE('',*,*,#6473,.T.);
#6473 = EDGE_CURVE('',#6466,#6456,#6474,.T.);
#6474 = LINE('',#6475,#6476);
#6475 = CARTESIAN_POINT('',(-3.237999916077,-103.816001892,2.99799990654
    ));
#6476 = VECTOR('',#6477,1.);
#6477 = DIRECTION('',(0.,0.,1.));
#6478 = PLANE('',#6479);
#6479 = AXIS2_PLACEMENT_3D('',#6480,#6481,#6482);
#6480 = CARTESIAN_POINT('',(-3.237999916077,-98.66327915141,
    3.953221822292));
#6481 = DIRECTION('',(-1.,-0.,-0.));
#6482 = DIRECTION('',(0.,0.,-1.));
#6483 = ADVANCED_FACE('',(#6484),#6501,.F.);
#6484 = FACE_BOUND('',#6485,.F.);
#6485 = EDGE_LOOP('',(#6486,#6494,#6495));
#6486 = ORIENTED_EDGE('',*,*,#6487,.T.);
#6487 = EDGE_CURVE('',#6488,#6458,#6490,.T.);
#6488 = VERTEX_POINT('',#6489);
#6489 = CARTESIAN_POINT('',(-3.237999916077,-92.06900024414,
    6.349999904633));
#6490 = LINE('',#6491,#6492);
#6491 = CARTESIAN_POINT('',(-3.237999916077,-92.06900024414,
    6.349999904633));
#6492 = VECTOR('',#6493,1.);
#6493 = DIRECTION('',(0.,0.,-1.));
#6494 = ORIENTED_EDGE('',*,*,#6455,.F.);
#6495 = ORIENTED_EDGE('',*,*,#6496,.F.);
#6496 = EDGE_CURVE('',#6488,#6456,#6497,.T.);
#6497 = LINE('',#6498,#6499);
#6498 = CARTESIAN_POINT('',(-3.237999916077,-92.06900024414,
    6.349999904633));
#6499 = VECTOR('',#6500,1.);
#6500 = DIRECTION('',(0.,-1.,0.));
#6501 = PLANE('',#6502);
#6502 = AXIS2_PLACEMENT_3D('',#6503,#6504,#6505);
#6503 = CARTESIAN_POINT('',(-3.237999916077,-97.22172298482,
    5.394777988881));
#6504 = DIRECTION('',(-1.,-0.,-0.));
#6505 = DIRECTION('',(0.,0.,-1.));
#6506 = ADVANCED_FACE('',(#6507),#6533,.F.);
#6507 = FACE_BOUND('',#6508,.F.);
#6508 = EDGE_LOOP('',(#6509,#6519,#6527));
#6509 = ORIENTED_EDGE('',*,*,#6510,.T.);
#6510 = EDGE_CURVE('',#6511,#6513,#6515,.T.);
#6511 = VERTEX_POINT('',#6512);
#6512 = CARTESIAN_POINT('',(28.997999191284,-102.3769989013,
    6.349999904633));
#6513 = VERTEX_POINT('',#6514);
#6514 = CARTESIAN_POINT('',(28.997999191284,-106.3059997558,
    6.083000183105));
#6515 = LINE('',#6516,#6517);
#6516 = CARTESIAN_POINT('',(28.997999191284,-102.3769989013,
    6.349999904633));
#6517 = VECTOR('',#6518,1.);
#6518 = DIRECTION('',(0.,-0.997698948397,-6.779976672321E-02));
#6519 = ORIENTED_EDGE('',*,*,#6520,.T.);
#6520 = EDGE_CURVE('',#6513,#6521,#6523,.T.);
#6521 = VERTEX_POINT('',#6522);
#6522 = CARTESIAN_POINT('',(28.997999191284,-105.0009994506,
    5.998000144958));
#6523 = LINE('',#6524,#6525);
#6524 = CARTESIAN_POINT('',(28.997999191284,-106.3059997558,
    6.083000183105));
#6525 = VECTOR('',#6526,1.);
#6526 = DIRECTION('',(0.,0.99788549925,-6.499638748449E-02));
#6527 = ORIENTED_EDGE('',*,*,#6528,.T.);
#6528 = EDGE_CURVE('',#6521,#6511,#6529,.T.);
#6529 = LINE('',#6530,#6531);
#6530 = CARTESIAN_POINT('',(28.997999191284,-105.0009994506,
    5.998000144958));
#6531 = VECTOR('',#6532,1.);
#6532 = DIRECTION('',(0.,0.991122038089,0.132955276746));
#6533 = PLANE('',#6534);
#6534 = AXIS2_PLACEMENT_3D('',#6535,#6536,#6537);
#6535 = CARTESIAN_POINT('',(28.997999191284,-104.340015973,
    6.173085482204));
#6536 = DIRECTION('',(1.,0.,0.));
#6537 = DIRECTION('',(-0.,0.,1.));
#6538 = ADVANCED_FACE('',(#6539),#6556,.F.);
#6539 = FACE_BOUND('',#6540,.F.);
#6540 = EDGE_LOOP('',(#6541,#6549,#6550));
#6541 = ORIENTED_EDGE('',*,*,#6542,.T.);
#6542 = EDGE_CURVE('',#6543,#6521,#6545,.T.);
#6543 = VERTEX_POINT('',#6544);
#6544 = CARTESIAN_POINT('',(49.002998352051,-105.0009994506,
    5.998000144958));
#6545 = LINE('',#6546,#6547);
#6546 = CARTESIAN_POINT('',(49.002998352051,-105.0009994506,
    5.998000144958));
#6547 = VECTOR('',#6548,1.);
#6548 = DIRECTION('',(-1.,0.,0.));
#6549 = ORIENTED_EDGE('',*,*,#6520,.F.);
#6550 = ORIENTED_EDGE('',*,*,#6551,.F.);
#6551 = EDGE_CURVE('',#6543,#6513,#6552,.T.);
#6552 = LINE('',#6553,#6554);
#6553 = CARTESIAN_POINT('',(49.002998352051,-105.0009994506,
    5.998000144958));
#6554 = VECTOR('',#6555,1.);
#6555 = DIRECTION('',(-0.997870079045,-6.50947669237E-02,
    4.239889944652E-03));
#6556 = PLANE('',#6557);
#6557 = AXIS2_PLACEMENT_3D('',#6558,#6559,#6560);
#6558 = CARTESIAN_POINT('',(38.684232381196,-105.3379019583,
    6.019943991169));
#6559 = DIRECTION('',(0.,6.499638748449E-02,0.99788549925));
#6560 = DIRECTION('',(0.,0.99788549925,-6.499638748449E-02));
#6561 = ADVANCED_FACE('',(#6562),#6588,.F.);
#6562 = FACE_BOUND('',#6563,.F.);
#6563 = EDGE_LOOP('',(#6564,#6574,#6582));
#6564 = ORIENTED_EDGE('',*,*,#6565,.T.);
#6565 = EDGE_CURVE('',#6566,#6568,#6570,.T.);
#6566 = VERTEX_POINT('',#6567);
#6567 = CARTESIAN_POINT('',(-59.00299835205,-96.62400054931,
    6.349999904633));
#6568 = VERTEX_POINT('',#6569);
#6569 = CARTESIAN_POINT('',(-59.00299835205,-91.41200256347,
    6.337999820709));
#6570 = LINE('',#6571,#6572);
#6571 = CARTESIAN_POINT('',(-59.00299835205,-96.62400054931,
    6.349999904633));
#6572 = VECTOR('',#6573,1.);
#6573 = DIRECTION('',(0.,0.999997349497,-2.302390014286E-03));
#6574 = ORIENTED_EDGE('',*,*,#6575,.T.);
#6575 = EDGE_CURVE('',#6568,#6576,#6578,.T.);
#6576 = VERTEX_POINT('',#6577);
#6577 = CARTESIAN_POINT('',(-59.00299835205,-91.37699890136,
    6.349999904633));
#6578 = LINE('',#6579,#6580);
#6579 = CARTESIAN_POINT('',(-59.00299835205,-91.41200256347,
    6.337999820709));
#6580 = VECTOR('',#6581,1.);
#6581 = DIRECTION('',(0.,0.945955659646,0.324295991318));
#6582 = ORIENTED_EDGE('',*,*,#6583,.T.);
#6583 = EDGE_CURVE('',#6576,#6566,#6584,.T.);
#6584 = LINE('',#6585,#6586);
#6585 = CARTESIAN_POINT('',(-59.00299835205,-91.37699890136,
    6.349999904633));
#6586 = VECTOR('',#6587,1.);
#6587 = DIRECTION('',(0.,-1.,0.));
#6588 = PLANE('',#6589);
#6589 = AXIS2_PLACEMENT_3D('',#6590,#6591,#6592);
#6590 = CARTESIAN_POINT('',(-59.00299835205,-94.00000322163,
    6.346999308103));
#6591 = DIRECTION('',(1.,0.,0.));
#6592 = DIRECTION('',(-0.,0.,1.));
#6593 = ADVANCED_FACE('',(#6594),#6611,.F.);
#6594 = FACE_BOUND('',#6595,.F.);
#6595 = EDGE_LOOP('',(#6596,#6604,#6605));
#6596 = ORIENTED_EDGE('',*,*,#6597,.T.);
#6597 = EDGE_CURVE('',#6598,#6568,#6600,.T.);
#6598 = VERTEX_POINT('',#6599);
#6599 = CARTESIAN_POINT('',(-59.00299835205,-96.5889968872,
    6.337999820709));
#6600 = LINE('',#6601,#6602);
#6601 = CARTESIAN_POINT('',(-59.00299835205,-96.5889968872,
    6.337999820709));
#6602 = VECTOR('',#6603,1.);
#6603 = DIRECTION('',(0.,1.,0.));
#6604 = ORIENTED_EDGE('',*,*,#6565,.F.);
#6605 = ORIENTED_EDGE('',*,*,#6606,.T.);
#6606 = EDGE_CURVE('',#6566,#6598,#6607,.T.);
#6607 = LINE('',#6608,#6609);
#6608 = CARTESIAN_POINT('',(-59.00299835205,-96.62400054931,
    6.349999904633));
#6609 = VECTOR('',#6610,1.);
#6610 = DIRECTION('',(0.,0.945955659646,-0.324295991318));
#6611 = PLANE('',#6612);
#6612 = AXIS2_PLACEMENT_3D('',#6613,#6614,#6615);
#6613 = CARTESIAN_POINT('',(-59.00299835205,-94.0184980601,
    6.341020565286));
#6614 = DIRECTION('',(1.,0.,0.));
#6615 = DIRECTION('',(-0.,0.,1.));
#6616 = ADVANCED_FACE('',(#6617),#6634,.F.);
#6617 = FACE_BOUND('',#6618,.F.);
#6618 = EDGE_LOOP('',(#6619,#6627,#6628));
#6619 = ORIENTED_EDGE('',*,*,#6620,.T.);
#6620 = EDGE_CURVE('',#6621,#6568,#6623,.T.);
#6621 = VERTEX_POINT('',#6622);
#6622 = CARTESIAN_POINT('',(-59.00299835205,-95.30599975585,
    6.083000183105));
#6623 = LINE('',#6624,#6625);
#6624 = CARTESIAN_POINT('',(-59.00299835205,-95.30599975585,
    6.083000183105));
#6625 = VECTOR('',#6626,1.);
#6626 = DIRECTION('',(0.,0.997862708281,6.534535502173E-02));
#6627 = ORIENTED_EDGE('',*,*,#6597,.F.);
#6628 = ORIENTED_EDGE('',*,*,#6629,.T.);
#6629 = EDGE_CURVE('',#6598,#6621,#6630,.T.);
#6630 = LINE('',#6631,#6632);
#6631 = CARTESIAN_POINT('',(-59.00299835205,-96.5889968872,
    6.337999820709));
#6632 = VECTOR('',#6633,1.);
#6633 = DIRECTION('',(0.,0.980815161594,-0.194940038954));
#6634 = PLANE('',#6635);
#6635 = AXIS2_PLACEMENT_3D('',#6636,#6637,#6638);
#6636 = CARTESIAN_POINT('',(-59.00299835205,-94.00468850353,
    6.274044707342));
#6637 = DIRECTION('',(1.,0.,0.));
#6638 = DIRECTION('',(-0.,0.,1.));
#6639 = ADVANCED_FACE('',(#6640),#6657,.F.);
#6640 = FACE_BOUND('',#6641,.F.);
#6641 = EDGE_LOOP('',(#6642,#6650,#6651));
#6642 = ORIENTED_EDGE('',*,*,#6643,.T.);
#6643 = EDGE_CURVE('',#6644,#6568,#6646,.T.);
#6644 = VERTEX_POINT('',#6645);
#6645 = CARTESIAN_POINT('',(-59.00299835205,-94.,5.998000144958));
#6646 = LINE('',#6647,#6648);
#6647 = CARTESIAN_POINT('',(-59.00299835205,-94.,5.998000144958));
#6648 = VECTOR('',#6649,1.);
#6649 = DIRECTION('',(0.,0.991480354538,0.130256311038));
#6650 = ORIENTED_EDGE('',*,*,#6620,.F.);
#6651 = ORIENTED_EDGE('',*,*,#6652,.T.);
#6652 = EDGE_CURVE('',#6621,#6644,#6653,.T.);
#6653 = LINE('',#6654,#6655);
#6654 = CARTESIAN_POINT('',(-59.00299835205,-95.30599975585,
    6.083000183105));
#6655 = VECTOR('',#6656,1.);
#6656 = DIRECTION('',(0.,0.997888724128,-6.494685717728E-02));
#6657 = PLANE('',#6658);
#6658 = AXIS2_PLACEMENT_3D('',#6659,#6660,#6661);
#6659 = CARTESIAN_POINT('',(-59.00299835205,-93.35760164547,
    6.167869875779));
#6660 = DIRECTION('',(1.,0.,0.));
#6661 = DIRECTION('',(-0.,0.,1.));
#6662 = ADVANCED_FACE('',(#6663),#6680,.F.);
#6663 = FACE_BOUND('',#6664,.F.);
#6664 = EDGE_LOOP('',(#6665,#6673,#6674));
#6665 = ORIENTED_EDGE('',*,*,#6666,.T.);
#6666 = EDGE_CURVE('',#6667,#6568,#6669,.T.);
#6667 = VERTEX_POINT('',#6668);
#6668 = CARTESIAN_POINT('',(-59.00299835205,-92.69499969482,
    6.083000183105));
#6669 = LINE('',#6670,#6671);
#6670 = CARTESIAN_POINT('',(-59.00299835205,-92.69499969482,
    6.083000183105));
#6671 = VECTOR('',#6672,1.);
#6672 = DIRECTION('',(0.,0.980815161594,0.194940038954));
#6673 = ORIENTED_EDGE('',*,*,#6643,.F.);
#6674 = ORIENTED_EDGE('',*,*,#6675,.T.);
#6675 = EDGE_CURVE('',#6644,#6667,#6676,.T.);
#6676 = LINE('',#6677,#6678);
#6677 = CARTESIAN_POINT('',(-59.00299835205,-94.,5.998000144958));
#6678 = VECTOR('',#6679,1.);
#6679 = DIRECTION('',(0.,0.99788549925,6.499638748449E-02));
#6680 = PLANE('',#6681);
#6681 = AXIS2_PLACEMENT_3D('',#6682,#6683,#6684);
#6682 = CARTESIAN_POINT('',(-59.00299835205,-92.70320743024,
    6.146732491123));
#6683 = DIRECTION('',(1.,0.,0.));
#6684 = DIRECTION('',(-0.,0.,1.));
#6685 = ADVANCED_FACE('',(#6686),#6703,.F.);
#6686 = FACE_BOUND('',#6687,.F.);
#6687 = EDGE_LOOP('',(#6688,#6696,#6697));
#6688 = ORIENTED_EDGE('',*,*,#6689,.T.);
#6689 = EDGE_CURVE('',#6690,#6621,#6692,.T.);
#6690 = VERTEX_POINT('',#6691);
#6691 = CARTESIAN_POINT('',(-38.99800109863,-95.30599975585,
    6.083000183105));
#6692 = LINE('',#6693,#6694);
#6693 = CARTESIAN_POINT('',(-38.99800109863,-95.30599975585,
    6.083000183105));
#6694 = VECTOR('',#6695,1.);
#6695 = DIRECTION('',(-1.,0.,0.));
#6696 = ORIENTED_EDGE('',*,*,#6629,.F.);
#6697 = ORIENTED_EDGE('',*,*,#6698,.F.);
#6698 = EDGE_CURVE('',#6690,#6598,#6699,.T.);
#6699 = LINE('',#6700,#6701);
#6700 = CARTESIAN_POINT('',(-38.99800109863,-95.30599975585,
    6.083000183105));
#6701 = VECTOR('',#6702,1.);
#6702 = DIRECTION('',(-0.997869016428,-6.399716377462E-02,
    1.27196337166E-02));
#6703 = PLANE('',#6704);
#6704 = AXIS2_PLACEMENT_3D('',#6705,#6706,#6707);
#6705 = CARTESIAN_POINT('',(-49.31684255508,-95.63722447785,
    6.148832118354));
#6706 = DIRECTION('',(0.,0.194940038954,0.980815161594));
#6707 = DIRECTION('',(0.,0.980815161594,-0.194940038954));
#6708 = ADVANCED_FACE('',(#6709),#6733,.F.);
#6709 = FACE_BOUND('',#6710,.F.);
#6710 = EDGE_LOOP('',(#6711,#6721,#6727));
#6711 = ORIENTED_EDGE('',*,*,#6712,.T.);
#6712 = EDGE_CURVE('',#6713,#6715,#6717,.T.);
#6713 = VERTEX_POINT('',#6714);
#6714 = CARTESIAN_POINT('',(-38.99800109863,-96.62400054931,
    6.349999904633));
#6715 = VERTEX_POINT('',#6716);
#6716 = CARTESIAN_POINT('',(-38.99800109863,-96.5889968872,
    6.337999820709));
#6717 = LINE('',#6718,#6719);
#6718 = CARTESIAN_POINT('',(-38.99800109863,-96.62400054931,
    6.349999904633));
#6719 = VECTOR('',#6720,1.);
#6720 = DIRECTION('',(0.,0.945955659646,-0.324295991318));
#6721 = ORIENTED_EDGE('',*,*,#6722,.T.);
#6722 = EDGE_CURVE('',#6715,#6566,#6723,.T.);
#6723 = LINE('',#6724,#6725);
#6724 = CARTESIAN_POINT('',(-38.99800109863,-96.5889968872,
    6.337999820709));
#6725 = VECTOR('',#6726,1.);
#6726 = DIRECTION('',(-0.999998289286,-1.749742915968E-03,
    5.998532887868E-04));
#6727 = ORIENTED_EDGE('',*,*,#6728,.T.);
#6728 = EDGE_CURVE('',#6566,#6713,#6729,.T.);
#6729 = LINE('',#6730,#6731);
#6730 = CARTESIAN_POINT('',(-59.00299835205,-96.62400054931,
    6.349999904633));
#6731 = VECTOR('',#6732,1.);
#6732 = DIRECTION('',(1.,0.,0.));
#6733 = PLANE('',#6734);
#6734 = AXIS2_PLACEMENT_3D('',#6735,#6736,#6737);
#6735 = CARTESIAN_POINT('',(-48.99125740821,-96.61524154045,
    6.346997109066));
#6736 = DIRECTION('',(0.,0.324295991318,0.945955659646));
#6737 = DIRECTION('',(0.,0.945955659646,-0.324295991318));
#6738 = ADVANCED_FACE('',(#6739),#6756,.F.);
#6739 = FACE_BOUND('',#6740,.F.);
#6740 = EDGE_LOOP('',(#6741,#6742,#6750));
#6741 = ORIENTED_EDGE('',*,*,#6712,.F.);
#6742 = ORIENTED_EDGE('',*,*,#6743,.T.);
#6743 = EDGE_CURVE('',#6713,#6744,#6746,.T.);
#6744 = VERTEX_POINT('',#6745);
#6745 = CARTESIAN_POINT('',(-38.99800109863,-91.41200256347,
    6.337999820709));
#6746 = LINE('',#6747,#6748);
#6747 = CARTESIAN_POINT('',(-38.99800109863,-96.62400054931,
    6.349999904633));
#6748 = VECTOR('',#6749,1.);
#6749 = DIRECTION('',(0.,0.999997349497,-2.302390014286E-03));
#6750 = ORIENTED_EDGE('',*,*,#6751,.T.);
#6751 = EDGE_CURVE('',#6744,#6715,#6752,.T.);
#6752 = LINE('',#6753,#6754);
#6753 = CARTESIAN_POINT('',(-38.99800109863,-91.41200256347,
    6.337999820709));
#6754 = VECTOR('',#6755,1.);
#6755 = DIRECTION('',(0.,-1.,0.));
#6756 = PLANE('',#6757);
#6757 = AXIS2_PLACEMENT_3D('',#6758,#6759,#6760);
#6758 = CARTESIAN_POINT('',(-38.99800109863,-94.0184980601,
    6.341020565286));
#6759 = DIRECTION('',(-1.,-0.,-0.));
#6760 = DIRECTION('',(0.,0.,-1.));
#6761 = ADVANCED_FACE('',(#6762),#6777,.F.);
#6762 = FACE_BOUND('',#6763,.F.);
#6763 = EDGE_LOOP('',(#6764,#6770,#6776));
#6764 = ORIENTED_EDGE('',*,*,#6765,.T.);
#6765 = EDGE_CURVE('',#6744,#6690,#6766,.T.);
#6766 = LINE('',#6767,#6768);
#6767 = CARTESIAN_POINT('',(-38.99800109863,-91.41200256347,
    6.337999820709));
#6768 = VECTOR('',#6769,1.);
#6769 = DIRECTION('',(0.,-0.997862708281,-6.534535502173E-02));
#6770 = ORIENTED_EDGE('',*,*,#6771,.T.);
#6771 = EDGE_CURVE('',#6690,#6715,#6772,.T.);
#6772 = LINE('',#6773,#6774);
#6773 = CARTESIAN_POINT('',(-38.99800109863,-95.30599975585,
    6.083000183105));
#6774 = VECTOR('',#6775,1.);
#6775 = DIRECTION('',(0.,-0.980815161594,0.194940038954));
#6776 = ORIENTED_EDGE('',*,*,#6751,.F.);
#6777 = PLANE('',#6778);
#6778 = AXIS2_PLACEMENT_3D('',#6779,#6780,#6781);
#6779 = CARTESIAN_POINT('',(-38.99800109863,-94.00468850353,
    6.274044707342));
#6780 = DIRECTION('',(-1.,-0.,-0.));
#6781 = DIRECTION('',(0.,0.,-1.));
#6782 = ADVANCED_FACE('',(#6783),#6800,.F.);
#6783 = FACE_BOUND('',#6784,.F.);
#6784 = EDGE_LOOP('',(#6785,#6793,#6799));
#6785 = ORIENTED_EDGE('',*,*,#6786,.T.);
#6786 = EDGE_CURVE('',#6713,#6787,#6789,.T.);
#6787 = VERTEX_POINT('',#6788);
#6788 = CARTESIAN_POINT('',(-38.99800109863,-91.37699890136,
    6.349999904633));
#6789 = LINE('',#6790,#6791);
#6790 = CARTESIAN_POINT('',(-38.99800109863,-96.62400054931,
    6.349999904633));
#6791 = VECTOR('',#6792,1.);
#6792 = DIRECTION('',(0.,1.,0.));
#6793 = ORIENTED_EDGE('',*,*,#6794,.T.);
#6794 = EDGE_CURVE('',#6787,#6744,#6795,.T.);
#6795 = LINE('',#6796,#6797);
#6796 = CARTESIAN_POINT('',(-38.99800109863,-91.37699890136,
    6.349999904633));
#6797 = VECTOR('',#6798,1.);
#6798 = DIRECTION('',(0.,-0.945955659646,-0.324295991318));
#6799 = ORIENTED_EDGE('',*,*,#6743,.F.);
#6800 = PLANE('',#6801);
#6801 = AXIS2_PLACEMENT_3D('',#6802,#6803,#6804);
#6802 = CARTESIAN_POINT('',(-38.99800109863,-94.00000322163,
    6.346999308103));
#6803 = DIRECTION('',(-1.,-0.,-0.));
#6804 = DIRECTION('',(0.,0.,-1.));
#6805 = ADVANCED_FACE('',(#6806),#6823,.F.);
#6806 = FACE_BOUND('',#6807,.F.);
#6807 = EDGE_LOOP('',(#6808,#6816,#6822));
#6808 = ORIENTED_EDGE('',*,*,#6809,.T.);
#6809 = EDGE_CURVE('',#6744,#6810,#6812,.T.);
#6810 = VERTEX_POINT('',#6811);
#6811 = CARTESIAN_POINT('',(-38.99800109863,-94.,5.998000144958));
#6812 = LINE('',#6813,#6814);
#6813 = CARTESIAN_POINT('',(-38.99800109863,-91.41200256347,
    6.337999820709));
#6814 = VECTOR('',#6815,1.);
#6815 = DIRECTION('',(0.,-0.991480354538,-0.130256311038));
#6816 = ORIENTED_EDGE('',*,*,#6817,.T.);
#6817 = EDGE_CURVE('',#6810,#6690,#6818,.T.);
#6818 = LINE('',#6819,#6820);
#6819 = CARTESIAN_POINT('',(-38.99800109863,-94.,5.998000144958));
#6820 = VECTOR('',#6821,1.);
#6821 = DIRECTION('',(0.,-0.997888724128,6.494685717728E-02));
#6822 = ORIENTED_EDGE('',*,*,#6765,.F.);
#6823 = PLANE('',#6824);
#6824 = AXIS2_PLACEMENT_3D('',#6825,#6826,#6827);
#6825 = CARTESIAN_POINT('',(-38.99800109863,-93.35760164547,
    6.167869875779));
#6826 = DIRECTION('',(-1.,-0.,-0.));
#6827 = DIRECTION('',(0.,0.,-1.));
#6828 = ADVANCED_FACE('',(#6829),#6846,.F.);
#6829 = FACE_BOUND('',#6830,.F.);
#6830 = EDGE_LOOP('',(#6831,#6839,#6840));
#6831 = ORIENTED_EDGE('',*,*,#6832,.T.);
#6832 = EDGE_CURVE('',#6833,#6810,#6835,.T.);
#6833 = VERTEX_POINT('',#6834);
#6834 = CARTESIAN_POINT('',(-38.99800109863,-92.69499969482,
    6.083000183105));
#6835 = LINE('',#6836,#6837);
#6836 = CARTESIAN_POINT('',(-38.99800109863,-92.69499969482,
    6.083000183105));
#6837 = VECTOR('',#6838,1.);
#6838 = DIRECTION('',(0.,-0.99788549925,-6.499638748449E-02));
#6839 = ORIENTED_EDGE('',*,*,#6809,.F.);
#6840 = ORIENTED_EDGE('',*,*,#6841,.T.);
#6841 = EDGE_CURVE('',#6744,#6833,#6842,.T.);
#6842 = LINE('',#6843,#6844);
#6843 = CARTESIAN_POINT('',(-38.99800109863,-91.41200256347,
    6.337999820709));
#6844 = VECTOR('',#6845,1.);
#6845 = DIRECTION('',(0.,-0.980815161594,-0.194940038954));
#6846 = PLANE('',#6847);
#6847 = AXIS2_PLACEMENT_3D('',#6848,#6849,#6850);
#6848 = CARTESIAN_POINT('',(-38.99800109863,-92.70320743024,
    6.146732491123));
#6849 = DIRECTION('',(-1.,-0.,-0.));
#6850 = DIRECTION('',(0.,0.,-1.));
#6851 = ADVANCED_FACE('',(#6852),#6867,.F.);
#6852 = FACE_BOUND('',#6853,.F.);
#6853 = EDGE_LOOP('',(#6854,#6855,#6861));
#6854 = ORIENTED_EDGE('',*,*,#6841,.F.);
#6855 = ORIENTED_EDGE('',*,*,#6856,.T.);
#6856 = EDGE_CURVE('',#6744,#6667,#6857,.T.);
#6857 = LINE('',#6858,#6859);
#6858 = CARTESIAN_POINT('',(-38.99800109863,-91.41200256347,
    6.337999820709));
#6859 = VECTOR('',#6860,1.);
#6860 = DIRECTION('',(-0.997869016428,-6.399716377462E-02,
    -1.27196337166E-02));
#6861 = ORIENTED_EDGE('',*,*,#6862,.T.);
#6862 = EDGE_CURVE('',#6667,#6833,#6863,.T.);
#6863 = LINE('',#6864,#6865);
#6864 = CARTESIAN_POINT('',(-59.00299835205,-92.69499969482,
    6.083000183105));
#6865 = VECTOR('',#6866,1.);
#6866 = DIRECTION('',(1.,0.,0.));
#6867 = PLANE('',#6868);
#6868 = AXIS2_PLACEMENT_3D('',#6869,#6870,#6871);
#6869 = CARTESIAN_POINT('',(-48.68415689559,-92.36377497282,
    6.148832118354));
#6870 = DIRECTION('',(0.,-0.194940038954,0.980815161594));
#6871 = DIRECTION('',(0.,0.980815161594,0.194940038954));
#6872 = ADVANCED_FACE('',(#6873),#6883,.F.);
#6873 = FACE_BOUND('',#6874,.F.);
#6874 = EDGE_LOOP('',(#6875,#6881,#6882));
#6875 = ORIENTED_EDGE('',*,*,#6876,.T.);
#6876 = EDGE_CURVE('',#6667,#6810,#6877,.T.);
#6877 = LINE('',#6878,#6879);
#6878 = CARTESIAN_POINT('',(-59.00299835205,-92.69499969482,
    6.083000183105));
#6879 = VECTOR('',#6880,1.);
#6880 = DIRECTION('',(0.99787007864,-6.509477310366E-02,
    -4.239890347178E-03));
#6881 = ORIENTED_EDGE('',*,*,#6832,.F.);
#6882 = ORIENTED_EDGE('',*,*,#6862,.F.);
#6883 = PLANE('',#6884);
#6884 = AXIS2_PLACEMENT_3D('',#6885,#6886,#6887);
#6885 = CARTESIAN_POINT('',(-48.68423333588,-93.03190220347,
    6.061056336829));
#6886 = DIRECTION('',(0.,-6.499638748449E-02,0.99788549925));
#6887 = DIRECTION('',(0.,0.99788549925,6.499638748449E-02));
#6888 = ADVANCED_FACE('',(#6889),#6899,.F.);
#6889 = FACE_BOUND('',#6890,.F.);
#6890 = EDGE_LOOP('',(#6891,#6897,#6898));
#6891 = ORIENTED_EDGE('',*,*,#6892,.T.);
#6892 = EDGE_CURVE('',#6598,#6715,#6893,.T.);
#6893 = LINE('',#6894,#6895);
#6894 = CARTESIAN_POINT('',(-59.00299835205,-96.5889968872,
    6.337999820709));
#6895 = VECTOR('',#6896,1.);
#6896 = DIRECTION('',(1.,0.,0.));
#6897 = ORIENTED_EDGE('',*,*,#6771,.F.);
#6898 = ORIENTED_EDGE('',*,*,#6698,.T.);
#6899 = PLANE('',#6900);
#6900 = AXIS2_PLACEMENT_3D('',#6901,#6902,#6903);
#6901 = CARTESIAN_POINT('',(-48.68415689559,-96.2577721652,6.27216788546
    ));
#6902 = DIRECTION('',(0.,0.194940038954,0.980815161594));
#6903 = DIRECTION('',(0.,0.980815161594,-0.194940038954));
#6904 = ADVANCED_FACE('',(#6905),#6910,.F.);
#6905 = FACE_BOUND('',#6906,.F.);
#6906 = EDGE_LOOP('',(#6907,#6908,#6909));
#6907 = ORIENTED_EDGE('',*,*,#6722,.F.);
#6908 = ORIENTED_EDGE('',*,*,#6892,.F.);
#6909 = ORIENTED_EDGE('',*,*,#6606,.F.);
#6910 = PLANE('',#6911);
#6911 = AXIS2_PLACEMENT_3D('',#6912,#6913,#6914);
#6912 = CARTESIAN_POINT('',(-49.00974204247,-96.59775589606,
    6.341002616276));
#6913 = DIRECTION('',(0.,0.324295991318,0.945955659646));
#6914 = DIRECTION('',(0.,0.945955659646,-0.324295991318));
#6915 = ADVANCED_FACE('',(#6916),#6926,.F.);
#6916 = FACE_BOUND('',#6917,.F.);
#6917 = EDGE_LOOP('',(#6918,#6924,#6925));
#6918 = ORIENTED_EDGE('',*,*,#6919,.T.);
#6919 = EDGE_CURVE('',#6690,#6644,#6920,.T.);
#6920 = LINE('',#6921,#6922);
#6921 = CARTESIAN_POINT('',(-38.99800109863,-95.30599975585,
    6.083000183105));
#6922 = VECTOR('',#6923,1.);
#6923 = DIRECTION('',(-0.997866839116,6.51444152557E-02,
    -4.239876582636E-03));
#6924 = ORIENTED_EDGE('',*,*,#6652,.F.);
#6925 = ORIENTED_EDGE('',*,*,#6689,.F.);
#6926 = PLANE('',#6927);
#6927 = AXIS2_PLACEMENT_3D('',#6928,#6929,#6930);
#6928 = CARTESIAN_POINT('',(-49.31699917858,-94.96883111351,
    6.061055808818));
#6929 = DIRECTION('',(0.,6.494685717728E-02,0.997888724128));
#6930 = DIRECTION('',(0.,0.997888724128,-6.494685717728E-02));
#6931 = ADVANCED_FACE('',(#6932),#6942,.F.);
#6932 = FACE_BOUND('',#6933,.F.);
#6933 = EDGE_LOOP('',(#6934,#6940,#6941));
#6934 = ORIENTED_EDGE('',*,*,#6935,.T.);
#6935 = EDGE_CURVE('',#6810,#6644,#6936,.T.);
#6936 = LINE('',#6937,#6938);
#6937 = CARTESIAN_POINT('',(-38.99800109863,-94.,5.998000144958));
#6938 = VECTOR('',#6939,1.);
#6939 = DIRECTION('',(-1.,0.,0.));
#6940 = ORIENTED_EDGE('',*,*,#6919,.F.);
#6941 = ORIENTED_EDGE('',*,*,#6817,.F.);
#6942 = PLANE('',#6943);
#6943 = AXIS2_PLACEMENT_3D('',#6944,#6945,#6946);
#6944 = CARTESIAN_POINT('',(-48.6840002721,-94.33716864234,
    6.019944519246));
#6945 = DIRECTION('',(0.,6.494685717728E-02,0.997888724128));
#6946 = DIRECTION('',(0.,0.997888724128,-6.494685717728E-02));
#6947 = ADVANCED_FACE('',(#6948),#6958,.F.);
#6948 = FACE_BOUND('',#6949,.F.);
#6949 = EDGE_LOOP('',(#6950,#6956,#6957));
#6950 = ORIENTED_EDGE('',*,*,#6951,.T.);
#6951 = EDGE_CURVE('',#6744,#6568,#6952,.T.);
#6952 = LINE('',#6953,#6954);
#6953 = CARTESIAN_POINT('',(-38.99800109863,-91.41200256347,
    6.337999820709));
#6954 = VECTOR('',#6955,1.);
#6955 = DIRECTION('',(-1.,0.,0.));
#6956 = ORIENTED_EDGE('',*,*,#6666,.F.);
#6957 = ORIENTED_EDGE('',*,*,#6856,.F.);
#6958 = PLANE('',#6959);
#6959 = AXIS2_PLACEMENT_3D('',#6960,#6961,#6962);
#6960 = CARTESIAN_POINT('',(-49.31684255508,-91.74322728547,
    6.27216788546));
#6961 = DIRECTION('',(0.,-0.194940038954,0.980815161594));
#6962 = DIRECTION('',(0.,0.980815161594,0.194940038954));
#6963 = ADVANCED_FACE('',(#6964),#6974,.F.);
#6964 = FACE_BOUND('',#6965,.F.);
#6965 = EDGE_LOOP('',(#6966,#6972,#6973));
#6966 = ORIENTED_EDGE('',*,*,#6967,.T.);
#6967 = EDGE_CURVE('',#6744,#6576,#6968,.T.);
#6968 = LINE('',#6969,#6970);
#6969 = CARTESIAN_POINT('',(-38.99800109863,-91.41200256347,
    6.337999820709));
#6970 = VECTOR('',#6971,1.);
#6971 = DIRECTION('',(-0.999998289286,1.749742915968E-03,
    5.998532887868E-04));
#6972 = ORIENTED_EDGE('',*,*,#6575,.F.);
#6973 = ORIENTED_EDGE('',*,*,#6951,.F.);
#6974 = PLANE('',#6975);
#6975 = AXIS2_PLACEMENT_3D('',#6976,#6977,#6978);
#6976 = CARTESIAN_POINT('',(-49.00974204247,-91.40324355461,
    6.341002616276));
#6977 = DIRECTION('',(0.,-0.324295991318,0.945955659646));
#6978 = DIRECTION('',(0.,0.945955659646,0.324295991318));
#6979 = ADVANCED_FACE('',(#6980),#6990,.F.);
#6980 = FACE_BOUND('',#6981,.F.);
#6981 = EDGE_LOOP('',(#6982,#6988,#6989));
#6982 = ORIENTED_EDGE('',*,*,#6983,.T.);
#6983 = EDGE_CURVE('',#6787,#6576,#6984,.T.);
#6984 = LINE('',#6985,#6986);
#6985 = CARTESIAN_POINT('',(-38.99800109863,-91.37699890136,
    6.349999904633));
#6986 = VECTOR('',#6987,1.);
#6987 = DIRECTION('',(-1.,0.,0.));
#6988 = ORIENTED_EDGE('',*,*,#6967,.F.);
#6989 = ORIENTED_EDGE('',*,*,#6794,.F.);
#6990 = PLANE('',#6991);
#6991 = AXIS2_PLACEMENT_3D('',#6992,#6993,#6994);
#6992 = CARTESIAN_POINT('',(-48.99125740821,-91.38575791022,
    6.346997109066));
#6993 = DIRECTION('',(0.,-0.324295991318,0.945955659646));
#6994 = DIRECTION('',(0.,0.945955659646,0.324295991318));
#6995 = ADVANCED_FACE('',(#6996),#7001,.F.);
#6996 = FACE_BOUND('',#6997,.F.);
#6997 = EDGE_LOOP('',(#6998,#6999,#7000));
#6998 = ORIENTED_EDGE('',*,*,#6876,.F.);
#6999 = ORIENTED_EDGE('',*,*,#6675,.F.);
#7000 = ORIENTED_EDGE('',*,*,#6935,.F.);
#7001 = PLANE('',#7002);
#7002 = AXIS2_PLACEMENT_3D('',#7003,#7004,#7005);
#7003 = CARTESIAN_POINT('',(-49.31676611479,-93.66309749135,
    6.019943991235));
#7004 = DIRECTION('',(0.,-6.499638748449E-02,0.99788549925));
#7005 = DIRECTION('',(0.,0.99788549925,6.499638748449E-02));
#7006 = ADVANCED_FACE('',(#7007),#7024,.F.);
#7007 = FACE_BOUND('',#7008,.F.);
#7008 = EDGE_LOOP('',(#7009,#7010,#7018));
#7009 = ORIENTED_EDGE('',*,*,#6728,.F.);
#7010 = ORIENTED_EDGE('',*,*,#7011,.T.);
#7011 = EDGE_CURVE('',#6566,#7012,#7014,.T.);
#7012 = VERTEX_POINT('',#7013);
#7013 = CARTESIAN_POINT('',(-38.99800109863,-101.3769989013,
    6.349999904633));
#7014 = LINE('',#7015,#7016);
#7015 = CARTESIAN_POINT('',(-59.00299835205,-96.62400054931,
    6.349999904633));
#7016 = VECTOR('',#7017,1.);
#7017 = DIRECTION('',(0.972916740578,-0.23115582602,0.));
#7018 = ORIENTED_EDGE('',*,*,#7019,.F.);
#7019 = EDGE_CURVE('',#6713,#7012,#7020,.T.);
#7020 = LINE('',#7021,#7022);
#7021 = CARTESIAN_POINT('',(-38.99800109863,-96.62400054931,
    6.349999904633));
#7022 = VECTOR('',#7023,1.);
#7023 = DIRECTION('',(0.,-1.,0.));
#7024 = PLANE('',#7025);
#7025 = AXIS2_PLACEMENT_3D('',#7026,#7027,#7028);
#7026 = CARTESIAN_POINT('',(-47.95147081977,-97.95147081977,
    6.349999904633));
#7027 = DIRECTION('',(0.,0.,1.));
#7028 = DIRECTION('',(1.,0.,-0.));
#7029 = ADVANCED_FACE('',(#7030),#7054,.F.);
#7030 = FACE_BOUND('',#7031,.F.);
#7031 = EDGE_LOOP('',(#7032,#7042,#7048));
#7032 = ORIENTED_EDGE('',*,*,#7033,.T.);
#7033 = EDGE_CURVE('',#7034,#7036,#7038,.T.);
#7034 = VERTEX_POINT('',#7035);
#7035 = CARTESIAN_POINT('',(-9.239000320435,-94.86799621582,
    2.99799990654));
#7036 = VERTEX_POINT('',#7037);
#7037 = CARTESIAN_POINT('',(-9.239000320435,-109.8170013427,
    2.99799990654));
#7038 = LINE('',#7039,#7040);
#7039 = CARTESIAN_POINT('',(-9.239000320435,-94.86799621582,
    2.99799990654));
#7040 = VECTOR('',#7041,1.);
#7041 = DIRECTION('',(0.,-1.,0.));
#7042 = ORIENTED_EDGE('',*,*,#7043,.T.);
#7043 = EDGE_CURVE('',#7036,#6466,#7044,.T.);
#7044 = LINE('',#7045,#7046);
#7045 = CARTESIAN_POINT('',(-9.239000320435,-109.8170013427,
    2.99799990654));
#7046 = VECTOR('',#7047,1.);
#7047 = DIRECTION('',(0.707106837373,0.707106725,0.));
#7048 = ORIENTED_EDGE('',*,*,#7049,.T.);
#7049 = EDGE_CURVE('',#6466,#7034,#7050,.T.);
#7050 = LINE('',#7051,#7052);
#7051 = CARTESIAN_POINT('',(-3.237999916077,-103.816001892,2.99799990654
    ));
#7052 = VECTOR('',#7053,1.);
#7053 = DIRECTION('',(-0.556989719977,0.830519386794,0.));
#7054 = PLANE('',#7055);
#7055 = AXIS2_PLACEMENT_3D('',#7056,#7057,#7058);
#7056 = CARTESIAN_POINT('',(-7.54966356609,-102.5074272764,2.99799990654
    ));
#7057 = DIRECTION('',(0.,0.,1.));
#7058 = DIRECTION('',(1.,0.,-0.));
#7059 = ADVANCED_FACE('',(#7060),#7077,.F.);
#7060 = FACE_BOUND('',#7061,.F.);
#7061 = EDGE_LOOP('',(#7062,#7070,#7076));
#7062 = ORIENTED_EDGE('',*,*,#7063,.T.);
#7063 = EDGE_CURVE('',#7034,#7064,#7066,.T.);
#7064 = VERTEX_POINT('',#7065);
#7065 = CARTESIAN_POINT('',(-9.239000320435,-109.8170013427,
    6.349999904633));
#7066 = LINE('',#7067,#7068);
#7067 = CARTESIAN_POINT('',(-9.239000320435,-94.86799621582,
    2.99799990654));
#7068 = VECTOR('',#7069,1.);
#7069 = DIRECTION('',(0.,-0.975770615238,0.218796038441));
#7070 = ORIENTED_EDGE('',*,*,#7071,.T.);
#7071 = EDGE_CURVE('',#7064,#7036,#7072,.T.);
#7072 = LINE('',#7073,#7074);
#7073 = CARTESIAN_POINT('',(-9.239000320435,-109.8170013427,
    6.349999904633));
#7074 = VECTOR('',#7075,1.);
#7075 = DIRECTION('',(0.,0.,-1.));
#7076 = ORIENTED_EDGE('',*,*,#7033,.F.);
#7077 = PLANE('',#7078);
#7078 = AXIS2_PLACEMENT_3D('',#7079,#7080,#7081);
#7079 = CARTESIAN_POINT('',(-9.239000320435,-103.0876989979,
    3.928799686916));
#7080 = DIRECTION('',(1.,0.,0.));
#7081 = DIRECTION('',(-0.,0.,1.));
#7082 = ADVANCED_FACE('',(#7083),#7100,.F.);
#7083 = FACE_BOUND('',#7084,.F.);
#7084 = EDGE_LOOP('',(#7085,#7093,#7094));
#7085 = ORIENTED_EDGE('',*,*,#7086,.T.);
#7086 = EDGE_CURVE('',#7087,#7064,#7089,.T.);
#7087 = VERTEX_POINT('',#7088);
#7088 = CARTESIAN_POINT('',(-9.239000320435,-94.86799621582,
    6.349999904633));
#7089 = LINE('',#7090,#7091);
#7090 = CARTESIAN_POINT('',(-9.239000320435,-94.86799621582,
    6.349999904633));
#7091 = VECTOR('',#7092,1.);
#7092 = DIRECTION('',(0.,-1.,0.));
#7093 = ORIENTED_EDGE('',*,*,#7063,.F.);
#7094 = ORIENTED_EDGE('',*,*,#7095,.T.);
#7095 = EDGE_CURVE('',#7034,#7087,#7096,.T.);
#7096 = LINE('',#7097,#7098);
#7097 = CARTESIAN_POINT('',(-9.239000320435,-94.86799621582,
    2.99799990654));
#7098 = VECTOR('',#7099,1.);
#7099 = DIRECTION('',(0.,0.,1.));
#7100 = PLANE('',#7101);
#7101 = AXIS2_PLACEMENT_3D('',#7102,#7103,#7104);
#7102 = CARTESIAN_POINT('',(-9.239000320435,-101.5972985606,
    5.419200124257));
#7103 = DIRECTION('',(1.,0.,0.));
#7104 = DIRECTION('',(-0.,0.,1.));
#7105 = ADVANCED_FACE('',(#7106),#7121,.F.);
#7106 = FACE_BOUND('',#7107,.F.);
#7107 = EDGE_LOOP('',(#7108,#7114,#7115));
#7108 = ORIENTED_EDGE('',*,*,#7109,.T.);
#7109 = EDGE_CURVE('',#7012,#7064,#7110,.T.);
#7110 = LINE('',#7111,#7112);
#7111 = CARTESIAN_POINT('',(-38.99800109863,-101.3769989013,
    6.349999904633));
#7112 = VECTOR('',#7113,1.);
#7113 = DIRECTION('',(0.962056441183,-0.272850515811,0.));
#7114 = ORIENTED_EDGE('',*,*,#7086,.F.);
#7115 = ORIENTED_EDGE('',*,*,#7116,.F.);
#7116 = EDGE_CURVE('',#7012,#7087,#7117,.T.);
#7117 = LINE('',#7118,#7119);
#7118 = CARTESIAN_POINT('',(-38.99800109863,-101.3769989013,
    6.349999904633));
#7119 = VECTOR('',#7120,1.);
#7120 = DIRECTION('',(0.976905353781,0.213672482443,0.));
#7121 = PLANE('',#7122);
#7122 = AXIS2_PLACEMENT_3D('',#7123,#7124,#7125);
#7123 = CARTESIAN_POINT('',(-21.2049374487,-101.9772927043,
    6.349999904633));
#7124 = DIRECTION('',(0.,0.,1.));
#7125 = DIRECTION('',(1.,0.,-0.));
#7126 = ADVANCED_FACE('',(#7127),#7151,.F.);
#7127 = FACE_BOUND('',#7128,.F.);
#7128 = EDGE_LOOP('',(#7129,#7139,#7145));
#7129 = ORIENTED_EDGE('',*,*,#7130,.T.);
#7130 = EDGE_CURVE('',#7131,#7133,#7135,.T.);
#7131 = VERTEX_POINT('',#7132);
#7132 = CARTESIAN_POINT('',(-38.99800109863,-86.62300109863,
    6.349999904633));
#7133 = VERTEX_POINT('',#7134);
#7134 = CARTESIAN_POINT('',(-59.00299835205,-86.62300109863,
    6.349999904633));
#7135 = LINE('',#7136,#7137);
#7136 = CARTESIAN_POINT('',(-38.99800109863,-86.62300109863,
    6.349999904633));
#7137 = VECTOR('',#7138,1.);
#7138 = DIRECTION('',(-1.,0.,0.));
#7139 = ORIENTED_EDGE('',*,*,#7140,.T.);
#7140 = EDGE_CURVE('',#7133,#6787,#7141,.T.);
#7141 = LINE('',#7142,#7143);
#7142 = CARTESIAN_POINT('',(-59.00299835205,-86.62300109863,
    6.349999904633));
#7143 = VECTOR('',#7144,1.);
#7144 = DIRECTION('',(0.97290580813,-0.231201834998,0.));
#7145 = ORIENTED_EDGE('',*,*,#7146,.T.);
#7146 = EDGE_CURVE('',#6787,#7131,#7147,.T.);
#7147 = LINE('',#7148,#7149);
#7148 = CARTESIAN_POINT('',(-38.99800109863,-91.37699890136,
    6.349999904633));
#7149 = VECTOR('',#7150,1.);
#7150 = DIRECTION('',(0.,1.,0.));
#7151 = PLANE('',#7152);
#7152 = AXIS2_PLACEMENT_3D('',#7153,#7154,#7155);
#7153 = CARTESIAN_POINT('',(-47.95127872006,-87.95077899472,
    6.349999904633));
#7154 = DIRECTION('',(0.,0.,1.));
#7155 = DIRECTION('',(1.,0.,-0.));
#7156 = ADVANCED_FACE('',(#7157),#7174,.F.);
#7157 = FACE_BOUND('',#7158,.F.);
#7158 = EDGE_LOOP('',(#7159,#7160,#7168));
#7159 = ORIENTED_EDGE('',*,*,#7146,.F.);
#7160 = ORIENTED_EDGE('',*,*,#7161,.T.);
#7161 = EDGE_CURVE('',#6787,#7162,#7164,.T.);
#7162 = VERTEX_POINT('',#7163);
#7163 = CARTESIAN_POINT('',(-23.82299995422,-85.24900054931,
    6.349999904633));
#7164 = LINE('',#7165,#7166);
#7165 = CARTESIAN_POINT('',(-38.99800109863,-91.37699890136,
    6.349999904633));
#7166 = VECTOR('',#7167,1.);
#7167 = DIRECTION('',(0.92724963379,0.374443742952,0.));
#7168 = ORIENTED_EDGE('',*,*,#7169,.F.);
#7169 = EDGE_CURVE('',#7131,#7162,#7170,.T.);
#7170 = LINE('',#7171,#7172);
#7171 = CARTESIAN_POINT('',(-38.99800109863,-86.62300109863,
    6.349999904633));
#7172 = VECTOR('',#7173,1.);
#7173 = DIRECTION('',(0.995925953119,9.017480747726E-02,0.));
#7174 = PLANE('',#7175);
#7175 = AXIS2_PLACEMENT_3D('',#7176,#7177,#7178);
#7176 = CARTESIAN_POINT('',(-32.40264174069,-87.40663206974,
    6.349999904633));
#7177 = DIRECTION('',(0.,0.,1.));
#7178 = DIRECTION('',(1.,0.,-0.));
#7179 = ADVANCED_FACE('',(#7180),#7204,.F.);
#7180 = FACE_BOUND('',#7181,.F.);
#7181 = EDGE_LOOP('',(#7182,#7190,#7198));
#7182 = ORIENTED_EDGE('',*,*,#7183,.T.);
#7183 = EDGE_CURVE('',#6488,#7184,#7186,.T.);
#7184 = VERTEX_POINT('',#7185);
#7185 = CARTESIAN_POINT('',(-3.237999916077,-89.86100006103,
    6.349999904633));
#7186 = LINE('',#7187,#7188);
#7187 = CARTESIAN_POINT('',(-3.237999916077,-92.06900024414,
    6.349999904633));
#7188 = VECTOR('',#7189,1.);
#7189 = DIRECTION('',(0.,1.,0.));
#7190 = ORIENTED_EDGE('',*,*,#7191,.T.);
#7191 = EDGE_CURVE('',#7184,#7192,#7194,.T.);
#7192 = VERTEX_POINT('',#7193);
#7193 = CARTESIAN_POINT('',(-9.239000320435,-92.6600036621,
    6.349999904633));
#7194 = LINE('',#7195,#7196);
#7195 = CARTESIAN_POINT('',(-3.237999916077,-89.86100006103,
    6.349999904633));
#7196 = VECTOR('',#7197,1.);
#7197 = DIRECTION('',(-0.906267803891,-0.422703995285,0.));
#7198 = ORIENTED_EDGE('',*,*,#7199,.T.);
#7199 = EDGE_CURVE('',#7192,#6488,#7200,.T.);
#7200 = LINE('',#7201,#7202);
#7201 = CARTESIAN_POINT('',(-9.239000320435,-92.6600036621,
    6.349999904633));
#7202 = VECTOR('',#7203,1.);
#7203 = DIRECTION('',(0.995185430867,9.800999025563E-02,0.));
#7204 = PLANE('',#7205);
#7205 = AXIS2_PLACEMENT_3D('',#7206,#7207,#7208);
#7206 = CARTESIAN_POINT('',(-5.792656207992,-91.66459414476,
    6.349999904633));
#7207 = DIRECTION('',(0.,0.,1.));
#7208 = DIRECTION('',(1.,0.,-0.));
#7209 = ADVANCED_FACE('',(#7210),#7227,.F.);
#7210 = FACE_BOUND('',#7211,.F.);
#7211 = EDGE_LOOP('',(#7212,#7220,#7221));
#7212 = ORIENTED_EDGE('',*,*,#7213,.T.);
#7213 = EDGE_CURVE('',#7214,#7192,#7216,.T.);
#7214 = VERTEX_POINT('',#7215);
#7215 = CARTESIAN_POINT('',(-9.239000320435,-92.6600036621,2.99799990654
    ));
#7216 = LINE('',#7217,#7218);
#7217 = CARTESIAN_POINT('',(-9.239000320435,-92.6600036621,2.99799990654
    ));
#7218 = VECTOR('',#7219,1.);
#7219 = DIRECTION('',(0.,0.,1.));
#7220 = ORIENTED_EDGE('',*,*,#7191,.F.);
#7221 = ORIENTED_EDGE('',*,*,#7222,.T.);
#7222 = EDGE_CURVE('',#7184,#7214,#7223,.T.);
#7223 = LINE('',#7224,#7225);
#7224 = CARTESIAN_POINT('',(-3.237999916077,-89.86100006103,
    6.349999904633));
#7225 = VECTOR('',#7226,1.);
#7226 = DIRECTION('',(-0.808569770698,-0.377135402,-0.451645673589));
#7227 = PLANE('',#7228);
#7228 = AXIS2_PLACEMENT_3D('',#7229,#7230,#7231);
#7229 = CARTESIAN_POINT('',(-6.816680012234,-91.5301781649,
    5.311978979207));
#7230 = DIRECTION('',(-0.422703995285,0.906267803891,1.132767462505E-16)
  );
#7231 = DIRECTION('',(0.906267803891,0.422703995285,0.));
#7232 = ADVANCED_FACE('',(#7233),#7248,.F.);
#7233 = FACE_BOUND('',#7234,.F.);
#7234 = EDGE_LOOP('',(#7235,#7241,#7247));
#7235 = ORIENTED_EDGE('',*,*,#7236,.T.);
#7236 = EDGE_CURVE('',#7192,#7087,#7237,.T.);
#7237 = LINE('',#7238,#7239);
#7238 = CARTESIAN_POINT('',(-9.239000320435,-92.6600036621,
    6.349999904633));
#7239 = VECTOR('',#7240,1.);
#7240 = DIRECTION('',(0.,-1.,0.));
#7241 = ORIENTED_EDGE('',*,*,#7242,.T.);
#7242 = EDGE_CURVE('',#7087,#6488,#7243,.T.);
#7243 = LINE('',#7244,#7245);
#7244 = CARTESIAN_POINT('',(-9.239000320435,-94.86799621582,
    6.349999904633));
#7245 = VECTOR('',#7246,1.);
#7246 = DIRECTION('',(0.906268245274,0.422703048969,0.));
#7247 = ORIENTED_EDGE('',*,*,#7199,.F.);
#7248 = PLANE('',#7249);
#7249 = AXIS2_PLACEMENT_3D('',#7250,#7251,#7252);
#7250 = CARTESIAN_POINT('',(-6.684342813645,-93.06440704789,
    6.349999904633));
#7251 = DIRECTION('',(0.,0.,1.));
#7252 = DIRECTION('',(1.,0.,-0.));
#7253 = ADVANCED_FACE('',(#7254),#7269,.F.);
#7254 = FACE_BOUND('',#7255,.F.);
#7255 = EDGE_LOOP('',(#7256,#7262,#7263));
#7256 = ORIENTED_EDGE('',*,*,#7257,.T.);
#7257 = EDGE_CURVE('',#6713,#7087,#7258,.T.);
#7258 = LINE('',#7259,#7260);
#7259 = CARTESIAN_POINT('',(-38.99800109863,-96.62400054931,
    6.349999904633));
#7260 = VECTOR('',#7261,1.);
#7261 = DIRECTION('',(0.998263590454,5.890504200307E-02,0.));
#7262 = ORIENTED_EDGE('',*,*,#7236,.F.);
#7263 = ORIENTED_EDGE('',*,*,#7264,.F.);
#7264 = EDGE_CURVE('',#6713,#7192,#7265,.T.);
#7265 = LINE('',#7266,#7267);
#7266 = CARTESIAN_POINT('',(-38.99800109863,-96.62400054931,
    6.349999904633));
#7267 = VECTOR('',#7268,1.);
#7268 = DIRECTION('',(0.991244779346,0.13203706835,0.));
#7269 = PLANE('',#7270);
#7270 = AXIS2_PLACEMENT_3D('',#7271,#7272,#7273);
#7271 = CARTESIAN_POINT('',(-23.58894711019,-95.14122919071,
    6.349999904633));
#7272 = DIRECTION('',(0.,0.,1.));
#7273 = DIRECTION('',(1.,0.,-0.));
#7274 = ADVANCED_FACE('',(#7275),#7301,.F.);
#7275 = FACE_BOUND('',#7276,.F.);
#7276 = EDGE_LOOP('',(#7277,#7287,#7295));
#7277 = ORIENTED_EDGE('',*,*,#7278,.T.);
#7278 = EDGE_CURVE('',#7279,#7281,#7283,.T.);
#7279 = VERTEX_POINT('',#7280);
#7280 = CARTESIAN_POINT('',(-38.99800109863,-76.58799743652,
    6.337999820709));
#7281 = VERTEX_POINT('',#7282);
#7282 = CARTESIAN_POINT('',(-38.99800109863,-75.30400085449,
    6.083000183105));
#7283 = LINE('',#7284,#7285);
#7284 = CARTESIAN_POINT('',(-38.99800109863,-76.58799743652,
    6.337999820709));
#7285 = VECTOR('',#7286,1.);
#7286 = DIRECTION('',(0.,0.980844164197,-0.194794059358));
#7287 = ORIENTED_EDGE('',*,*,#7288,.T.);
#7288 = EDGE_CURVE('',#7281,#7289,#7291,.T.);
#7289 = VERTEX_POINT('',#7290);
#7290 = CARTESIAN_POINT('',(-59.00299835205,-76.58799743652,
    6.337999820709));
#7291 = LINE('',#7292,#7293);
#7292 = CARTESIAN_POINT('',(-38.99800109863,-75.30400085449,
    6.083000183105));
#7293 = VECTOR('',#7294,1.);
#7294 = DIRECTION('',(-0.997865831514,-6.404681294174E-02,
    1.271959311915E-02));
#7295 = ORIENTED_EDGE('',*,*,#7296,.T.);
#7296 = EDGE_CURVE('',#7289,#7279,#7297,.T.);
#7297 = LINE('',#7298,#7299);
#7298 = CARTESIAN_POINT('',(-59.00299835205,-76.58799743652,
    6.337999820709));
#7299 = VECTOR('',#7300,1.);
#7300 = DIRECTION('',(1.,0.,0.));
#7301 = PLANE('',#7302);
#7302 = AXIS2_PLACEMENT_3D('',#7303,#7304,#7305);
#7303 = CARTESIAN_POINT('',(-48.68392781958,-76.25650685182,
    6.272166328509));
#7304 = DIRECTION('',(0.,0.194794059358,0.980844164197));
#7305 = DIRECTION('',(0.,0.980844164197,-0.194794059358));
#7306 = ADVANCED_FACE('',(#7307),#7324,.F.);
#7307 = FACE_BOUND('',#7308,.F.);
#7308 = EDGE_LOOP('',(#7309,#7317,#7318));
#7309 = ORIENTED_EDGE('',*,*,#7310,.T.);
#7310 = EDGE_CURVE('',#7311,#7279,#7313,.T.);
#7311 = VERTEX_POINT('',#7312);
#7312 = CARTESIAN_POINT('',(-38.99800109863,-76.62300109863,
    6.349999904633));
#7313 = LINE('',#7314,#7315);
#7314 = CARTESIAN_POINT('',(-38.99800109863,-76.62300109863,
    6.349999904633));
#7315 = VECTOR('',#7316,1.);
#7316 = DIRECTION('',(0.,0.945955659646,-0.324295991318));
#7317 = ORIENTED_EDGE('',*,*,#7296,.F.);
#7318 = ORIENTED_EDGE('',*,*,#7319,.T.);
#7319 = EDGE_CURVE('',#7289,#7311,#7320,.T.);
#7320 = LINE('',#7321,#7322);
#7321 = CARTESIAN_POINT('',(-59.00299835205,-76.58799743652,
    6.337999820709));
#7322 = VECTOR('',#7323,1.);
#7323 = DIRECTION('',(0.999998289286,-1.749742915968E-03,
    5.998532887868E-04));
#7324 = PLANE('',#7325);
#7325 = AXIS2_PLACEMENT_3D('',#7326,#7327,#7328);
#7326 = CARTESIAN_POINT('',(-48.99125740821,-76.59675644538,
    6.341002616276));
#7327 = DIRECTION('',(0.,0.324295991318,0.945955659646));
#7328 = DIRECTION('',(0.,0.945955659646,-0.324295991318));
#7329 = ADVANCED_FACE('',(#7330),#7347,.F.);
#7330 = FACE_BOUND('',#7331,.F.);
#7331 = EDGE_LOOP('',(#7332,#7333,#7341));
#7332 = ORIENTED_EDGE('',*,*,#7310,.F.);
#7333 = ORIENTED_EDGE('',*,*,#7334,.F.);
#7334 = EDGE_CURVE('',#7335,#7311,#7337,.T.);
#7335 = VERTEX_POINT('',#7336);
#7336 = CARTESIAN_POINT('',(-38.99800109863,-71.37599945068,
    6.349999904633));
#7337 = LINE('',#7338,#7339);
#7338 = CARTESIAN_POINT('',(-38.99800109863,-71.37599945068,
    6.349999904633));
#7339 = VECTOR('',#7340,1.);
#7340 = DIRECTION('',(0.,-1.,0.));
#7341 = ORIENTED_EDGE('',*,*,#7342,.T.);
#7342 = EDGE_CURVE('',#7335,#7279,#7343,.T.);
#7343 = LINE('',#7344,#7345);
#7344 = CARTESIAN_POINT('',(-38.99800109863,-71.37599945068,
    6.349999904633));
#7345 = VECTOR('',#7346,1.);
#7346 = DIRECTION('',(0.,-0.999997349497,-2.302390014286E-03));
#7347 = PLANE('',#7348);
#7348 = AXIS2_PLACEMENT_3D('',#7349,#7350,#7351);
#7349 = CARTESIAN_POINT('',(-38.99800109863,-73.99999677836,
    6.346999308103));
#7350 = DIRECTION('',(-1.,-0.,-0.));
#7351 = DIRECTION('',(0.,0.,-1.));
#7352 = ADVANCED_FACE('',(#7353),#7379,.F.);
#7353 = FACE_BOUND('',#7354,.F.);
#7354 = EDGE_LOOP('',(#7355,#7365,#7373));
#7355 = ORIENTED_EDGE('',*,*,#7356,.T.);
#7356 = EDGE_CURVE('',#7357,#7359,#7361,.T.);
#7357 = VERTEX_POINT('',#7358);
#7358 = CARTESIAN_POINT('',(49.002998352051,-87.62300109863,
    6.349999904633));
#7359 = VERTEX_POINT('',#7360);
#7360 = CARTESIAN_POINT('',(28.997999191284,-87.62300109863,
    6.349999904633));
#7361 = LINE('',#7362,#7363);
#7362 = CARTESIAN_POINT('',(49.002998352051,-87.62300109863,
    6.349999904633));
#7363 = VECTOR('',#7364,1.);
#7364 = DIRECTION('',(-1.,0.,0.));
#7365 = ORIENTED_EDGE('',*,*,#7366,.T.);
#7366 = EDGE_CURVE('',#7359,#7367,#7369,.T.);
#7367 = VERTEX_POINT('',#7368);
#7368 = CARTESIAN_POINT('',(28.997999191284,-92.37699890136,
    6.349999904633));
#7369 = LINE('',#7370,#7371);
#7370 = CARTESIAN_POINT('',(28.997999191284,-87.62300109863,
    6.349999904633));
#7371 = VECTOR('',#7372,1.);
#7372 = DIRECTION('',(0.,-1.,0.));
#7373 = ORIENTED_EDGE('',*,*,#7374,.T.);
#7374 = EDGE_CURVE('',#7367,#7357,#7375,.T.);
#7375 = LINE('',#7376,#7377);
#7376 = CARTESIAN_POINT('',(28.997999191284,-92.37699890136,
    6.349999904633));
#7377 = VECTOR('',#7378,1.);
#7378 = DIRECTION('',(0.972905813089,0.231201814133,0.));
#7379 = PLANE('',#7380);
#7380 = AXIS2_PLACEMENT_3D('',#7381,#7382,#7383);
#7381 = CARTESIAN_POINT('',(37.951277753472,-88.9507789818,
    6.349999904633));
#7382 = DIRECTION('',(0.,0.,1.));
#7383 = DIRECTION('',(1.,0.,-0.));
#7384 = ADVANCED_FACE('',(#7385),#7402,.F.);
#7385 = FACE_BOUND('',#7386,.F.);
#7386 = EDGE_LOOP('',(#7387,#7395,#7401));
#7387 = ORIENTED_EDGE('',*,*,#7388,.T.);
#7388 = EDGE_CURVE('',#7357,#7389,#7391,.T.);
#7389 = VERTEX_POINT('',#7390);
#7390 = CARTESIAN_POINT('',(49.002998352051,-87.58799743652,
    6.337999820709));
#7391 = LINE('',#7392,#7393);
#7392 = CARTESIAN_POINT('',(49.002998352051,-87.62300109863,
    6.349999904633));
#7393 = VECTOR('',#7394,1.);
#7394 = DIRECTION('',(0.,0.945955659646,-0.324295991318));
#7395 = ORIENTED_EDGE('',*,*,#7396,.T.);
#7396 = EDGE_CURVE('',#7389,#7359,#7397,.T.);
#7397 = LINE('',#7398,#7399);
#7398 = CARTESIAN_POINT('',(49.002998352051,-87.58799743652,
    6.337999820709));
#7399 = VECTOR('',#7400,1.);
#7400 = DIRECTION('',(-0.999998289287,-1.749742749142E-03,
    5.998532315948E-04));
#7401 = ORIENTED_EDGE('',*,*,#7356,.F.);
#7402 = PLANE('',#7403);
#7403 = AXIS2_PLACEMENT_3D('',#7404,#7405,#7406);
#7404 = CARTESIAN_POINT('',(39.009741088797,-87.61424208977,
    6.346997109066));
#7405 = DIRECTION('',(0.,0.324295991318,0.945955659646));
#7406 = DIRECTION('',(0.,0.945955659646,-0.324295991318));
#7407 = ADVANCED_FACE('',(#7408),#7425,.F.);
#7408 = FACE_BOUND('',#7409,.F.);
#7409 = EDGE_LOOP('',(#7410,#7411,#7419));
#7410 = ORIENTED_EDGE('',*,*,#7388,.F.);
#7411 = ORIENTED_EDGE('',*,*,#7412,.F.);
#7412 = EDGE_CURVE('',#7413,#7357,#7415,.T.);
#7413 = VERTEX_POINT('',#7414);
#7414 = CARTESIAN_POINT('',(49.002998352051,-82.37599945068,
    6.349999904633));
#7415 = LINE('',#7416,#7417);
#7416 = CARTESIAN_POINT('',(49.002998352051,-82.37599945068,
    6.349999904633));
#7417 = VECTOR('',#7418,1.);
#7418 = DIRECTION('',(0.,-1.,0.));
#7419 = ORIENTED_EDGE('',*,*,#7420,.T.);
#7420 = EDGE_CURVE('',#7413,#7389,#7421,.T.);
#7421 = LINE('',#7422,#7423);
#7422 = CARTESIAN_POINT('',(49.002998352051,-82.37599945068,
    6.349999904633));
#7423 = VECTOR('',#7424,1.);
#7424 = DIRECTION('',(0.,-0.999997349497,-2.302390014286E-03));
#7425 = PLANE('',#7426);
#7426 = AXIS2_PLACEMENT_3D('',#7427,#7428,#7429);
#7427 = CARTESIAN_POINT('',(49.002998352051,-84.99999677836,
    6.346999308103));
#7428 = DIRECTION('',(-1.,-0.,-0.));
#7429 = DIRECTION('',(0.,0.,-1.));
#7430 = ADVANCED_FACE('',(#7431),#7457,.F.);
#7431 = FACE_BOUND('',#7432,.F.);
#7432 = EDGE_LOOP('',(#7433,#7443,#7451));
#7433 = ORIENTED_EDGE('',*,*,#7434,.T.);
#7434 = EDGE_CURVE('',#7435,#7437,#7439,.T.);
#7435 = VERTEX_POINT('',#7436);
#7436 = CARTESIAN_POINT('',(49.002998352051,-77.58799743652,
    6.337999820709));
#7437 = VERTEX_POINT('',#7438);
#7438 = CARTESIAN_POINT('',(28.997999191284,-76.30500030517,
    6.083000183105));
#7439 = LINE('',#7440,#7441);
#7440 = CARTESIAN_POINT('',(49.002998352051,-77.58799743652,
    6.337999820709));
#7441 = VECTOR('',#7442,1.);
#7442 = DIRECTION('',(-0.997869016833,6.399715769888E-02,
    -1.271963250903E-02));
#7443 = ORIENTED_EDGE('',*,*,#7444,.T.);
#7444 = EDGE_CURVE('',#7437,#7445,#7447,.T.);
#7445 = VERTEX_POINT('',#7446);
#7446 = CARTESIAN_POINT('',(28.997999191284,-77.58799743652,
    6.337999820709));
#7447 = LINE('',#7448,#7449);
#7448 = CARTESIAN_POINT('',(28.997999191284,-76.30500030517,
    6.083000183105));
#7449 = VECTOR('',#7450,1.);
#7450 = DIRECTION('',(0.,-0.980815161594,0.194940038954));
#7451 = ORIENTED_EDGE('',*,*,#7452,.T.);
#7452 = EDGE_CURVE('',#7445,#7435,#7453,.T.);
#7453 = LINE('',#7454,#7455);
#7454 = CARTESIAN_POINT('',(28.997999191284,-77.58799743652,
    6.337999820709));
#7455 = VECTOR('',#7456,1.);
#7456 = DIRECTION('',(1.,0.,0.));
#7457 = PLANE('',#7458);
#7458 = AXIS2_PLACEMENT_3D('',#7459,#7460,#7461);
#7459 = CARTESIAN_POINT('',(38.684155940908,-77.25677271552,
    6.272167885658));
#7460 = DIRECTION('',(0.,0.194940038954,0.980815161594));
#7461 = DIRECTION('',(0.,0.980815161594,-0.194940038954));
#7462 = ADVANCED_FACE('',(#7463),#7480,.F.);
#7463 = FACE_BOUND('',#7464,.F.);
#7464 = EDGE_LOOP('',(#7465,#7473,#7474));
#7465 = ORIENTED_EDGE('',*,*,#7466,.T.);
#7466 = EDGE_CURVE('',#7467,#7437,#7469,.T.);
#7467 = VERTEX_POINT('',#7468);
#7468 = CARTESIAN_POINT('',(49.002998352051,-76.30500030517,
    6.083000183105));
#7469 = LINE('',#7470,#7471);
#7470 = CARTESIAN_POINT('',(49.002998352051,-76.30500030517,
    6.083000183105));
#7471 = VECTOR('',#7472,1.);
#7472 = DIRECTION('',(-1.,0.,0.));
#7473 = ORIENTED_EDGE('',*,*,#7434,.F.);
#7474 = ORIENTED_EDGE('',*,*,#7475,.T.);
#7475 = EDGE_CURVE('',#7435,#7467,#7476,.T.);
#7476 = LINE('',#7477,#7478);
#7477 = CARTESIAN_POINT('',(49.002998352051,-77.58799743652,
    6.337999820709));
#7478 = VECTOR('',#7479,1.);
#7479 = DIRECTION('',(0.,0.980815161594,-0.194940038954));
#7480 = PLANE('',#7481);
#7481 = AXIS2_PLACEMENT_3D('',#7482,#7483,#7484);
#7482 = CARTESIAN_POINT('',(39.316841602427,-76.63622502617,
    6.148832118156));
#7483 = DIRECTION('',(0.,0.194940038954,0.980815161594));
#7484 = DIRECTION('',(0.,0.980815161594,-0.194940038954));
#7485 = ADVANCED_FACE('',(#7486),#7503,.F.);
#7486 = FACE_BOUND('',#7487,.F.);
#7487 = EDGE_LOOP('',(#7488,#7496,#7497));
#7488 = ORIENTED_EDGE('',*,*,#7489,.T.);
#7489 = EDGE_CURVE('',#7490,#7435,#7492,.T.);
#7490 = VERTEX_POINT('',#7491);
#7491 = CARTESIAN_POINT('',(49.002998352051,-77.62300109863,
    6.349999904633));
#7492 = LINE('',#7493,#7494);
#7493 = CARTESIAN_POINT('',(49.002998352051,-77.62300109863,
    6.349999904633));
#7494 = VECTOR('',#7495,1.);
#7495 = DIRECTION('',(0.,0.945955659646,-0.324295991318));
#7496 = ORIENTED_EDGE('',*,*,#7452,.F.);
#7497 = ORIENTED_EDGE('',*,*,#7498,.T.);
#7498 = EDGE_CURVE('',#7445,#7490,#7499,.T.);
#7499 = LINE('',#7500,#7501);
#7500 = CARTESIAN_POINT('',(28.997999191284,-77.58799743652,
    6.337999820709));
#7501 = VECTOR('',#7502,1.);
#7502 = DIRECTION('',(0.999998289287,-1.749742749142E-03,
    5.998532315948E-04));
#7503 = PLANE('',#7504);
#7504 = AXIS2_PLACEMENT_3D('',#7505,#7506,#7507);
#7505 = CARTESIAN_POINT('',(39.009741088797,-77.59675644538,
    6.341002616275));
#7506 = DIRECTION('',(0.,0.324295991318,0.945955659646));
#7507 = DIRECTION('',(0.,0.945955659646,-0.324295991318));
#7508 = ADVANCED_FACE('',(#7509),#7526,.F.);
#7509 = FACE_BOUND('',#7510,.F.);
#7510 = EDGE_LOOP('',(#7511,#7519,#7525));
#7511 = ORIENTED_EDGE('',*,*,#7512,.T.);
#7512 = EDGE_CURVE('',#7467,#7513,#7515,.T.);
#7513 = VERTEX_POINT('',#7514);
#7514 = CARTESIAN_POINT('',(49.002998352051,-74.99900054931,
    5.998000144958));
#7515 = LINE('',#7516,#7517);
#7516 = CARTESIAN_POINT('',(49.002998352051,-76.30500030517,
    6.083000183105));
#7517 = VECTOR('',#7518,1.);
#7518 = DIRECTION('',(0.,0.997888724128,-6.494685717728E-02));
#7519 = ORIENTED_EDGE('',*,*,#7520,.T.);
#7520 = EDGE_CURVE('',#7513,#7437,#7521,.T.);
#7521 = LINE('',#7522,#7523);
#7522 = CARTESIAN_POINT('',(49.002998352051,-74.99900054931,
    5.998000144958));
#7523 = VECTOR('',#7524,1.);
#7524 = DIRECTION('',(-0.997866839522,-6.514440907107E-02,
    4.239876180114E-03));
#7525 = ORIENTED_EDGE('',*,*,#7466,.F.);
#7526 = PLANE('',#7527);
#7527 = AXIS2_PLACEMENT_3D('',#7528,#7529,#7530);
#7528 = CARTESIAN_POINT('',(39.316998225924,-75.96783166384,
    6.061055808884));
#7529 = DIRECTION('',(0.,6.494685717728E-02,0.997888724128));
#7530 = DIRECTION('',(0.,0.997888724128,-6.494685717728E-02));
#7531 = ADVANCED_FACE('',(#7532),#7549,.F.);
#7532 = FACE_BOUND('',#7533,.F.);
#7533 = EDGE_LOOP('',(#7534,#7535,#7543));
#7534 = ORIENTED_EDGE('',*,*,#7489,.F.);
#7535 = ORIENTED_EDGE('',*,*,#7536,.F.);
#7536 = EDGE_CURVE('',#7537,#7490,#7539,.T.);
#7537 = VERTEX_POINT('',#7538);
#7538 = CARTESIAN_POINT('',(49.002998352051,-72.37599945068,
    6.349999904633));
#7539 = LINE('',#7540,#7541);
#7540 = CARTESIAN_POINT('',(49.002998352051,-72.37599945068,
    6.349999904633));
#7541 = VECTOR('',#7542,1.);
#7542 = DIRECTION('',(0.,-1.,0.));
#7543 = ORIENTED_EDGE('',*,*,#7544,.T.);
#7544 = EDGE_CURVE('',#7537,#7435,#7545,.T.);
#7545 = LINE('',#7546,#7547);
#7546 = CARTESIAN_POINT('',(49.002998352051,-72.37599945068,
    6.349999904633));
#7547 = VECTOR('',#7548,1.);
#7548 = DIRECTION('',(0.,-0.999997349497,-2.302390014286E-03));
#7549 = PLANE('',#7550);
#7550 = AXIS2_PLACEMENT_3D('',#7551,#7552,#7553);
#7551 = CARTESIAN_POINT('',(49.002998352051,-74.99999677836,
    6.346999308103));
#7552 = DIRECTION('',(-1.,-0.,-0.));
#7553 = DIRECTION('',(0.,0.,-1.));
#7554 = ADVANCED_FACE('',(#7555),#7579,.F.);
#7555 = FACE_BOUND('',#7556,.F.);
#7556 = EDGE_LOOP('',(#7557,#7565,#7573));
#7557 = ORIENTED_EDGE('',*,*,#7558,.T.);
#7558 = EDGE_CURVE('',#7311,#7559,#7561,.T.);
#7559 = VERTEX_POINT('',#7560);
#7560 = CARTESIAN_POINT('',(-38.99800109863,-81.37599945068,
    6.349999904633));
#7561 = LINE('',#7562,#7563);
#7562 = CARTESIAN_POINT('',(-38.99800109863,-76.62300109863,
    6.349999904633));
#7563 = VECTOR('',#7564,1.);
#7564 = DIRECTION('',(0.,-1.,0.));
#7565 = ORIENTED_EDGE('',*,*,#7566,.T.);
#7566 = EDGE_CURVE('',#7559,#7567,#7569,.T.);
#7567 = VERTEX_POINT('',#7568);
#7568 = CARTESIAN_POINT('',(-23.82299995422,-85.12899780273,
    6.349999904633));
#7569 = LINE('',#7570,#7571);
#7570 = CARTESIAN_POINT('',(-38.99800109863,-81.37599945068,
    6.349999904633));
#7571 = VECTOR('',#7572,1.);
#7572 = DIRECTION('',(0.970752791047,-0.240081275143,0.));
#7573 = ORIENTED_EDGE('',*,*,#7574,.T.);
#7574 = EDGE_CURVE('',#7567,#7311,#7575,.T.);
#7575 = LINE('',#7576,#7577);
#7576 = CARTESIAN_POINT('',(-23.82299995422,-85.12899780273,
    6.349999904633));
#7577 = VECTOR('',#7578,1.);
#7578 = DIRECTION('',(-0.872309996708,0.488953238708,0.));
#7579 = PLANE('',#7580);
#7580 = AXIS2_PLACEMENT_3D('',#7581,#7582,#7583);
#7581 = CARTESIAN_POINT('',(-32.36502435132,-81.62321391614,
    6.349999904633));
#7582 = DIRECTION('',(0.,0.,1.));
#7583 = DIRECTION('',(1.,0.,-0.));
#7584 = ADVANCED_FACE('',(#7585),#7600,.F.);
#7585 = FACE_BOUND('',#7586,.F.);
#7586 = EDGE_LOOP('',(#7587,#7588,#7594));
#7587 = ORIENTED_EDGE('',*,*,#7566,.F.);
#7588 = ORIENTED_EDGE('',*,*,#7589,.T.);
#7589 = EDGE_CURVE('',#7559,#7131,#7590,.T.);
#7590 = LINE('',#7591,#7592);
#7591 = CARTESIAN_POINT('',(-38.99800109863,-81.37599945068,
    6.349999904633));
#7592 = VECTOR('',#7593,1.);
#7593 = DIRECTION('',(0.,-1.,0.));
#7594 = ORIENTED_EDGE('',*,*,#7595,.F.);
#7595 = EDGE_CURVE('',#7567,#7131,#7596,.T.);
#7596 = LINE('',#7597,#7598);
#7597 = CARTESIAN_POINT('',(-23.82299995422,-85.12899780273,
    6.349999904633));
#7598 = VECTOR('',#7599,1.);
#7599 = DIRECTION('',(-0.995188588863,-9.797791892423E-02,0.));
#7600 = PLANE('',#7601);
#7601 = AXIS2_PLACEMENT_3D('',#7602,#7603,#7604);
#7602 = CARTESIAN_POINT('',(-32.5124741681,-84.4682910296,6.349999904633
    ));
#7603 = DIRECTION('',(0.,0.,1.));
#7604 = DIRECTION('',(1.,0.,-0.));
#7605 = ADVANCED_FACE('',(#7606),#7628,.F.);
#7606 = FACE_BOUND('',#7607,.F.);
#7607 = EDGE_LOOP('',(#7608,#7616,#7622));
#7608 = ORIENTED_EDGE('',*,*,#7609,.T.);
#7609 = EDGE_CURVE('',#7610,#7567,#7612,.T.);
#7610 = VERTEX_POINT('',#7611);
#7611 = CARTESIAN_POINT('',(-23.82299995422,-85.24900054931,
    2.99799990654));
#7612 = LINE('',#7613,#7614);
#7613 = CARTESIAN_POINT('',(-23.82299995422,-85.24900054931,
    2.99799990654));
#7614 = VECTOR('',#7615,1.);
#7615 = DIRECTION('',(0.,3.577742209526E-02,0.999359783095));
#7616 = ORIENTED_EDGE('',*,*,#7617,.T.);
#7617 = EDGE_CURVE('',#7567,#7162,#7618,.T.);
#7618 = LINE('',#7619,#7620);
#7619 = CARTESIAN_POINT('',(-23.82299995422,-85.12899780273,
    6.349999904633));
#7620 = VECTOR('',#7621,1.);
#7621 = DIRECTION('',(0.,-1.,0.));
#7622 = ORIENTED_EDGE('',*,*,#7623,.T.);
#7623 = EDGE_CURVE('',#7162,#7610,#7624,.T.);
#7624 = LINE('',#7625,#7626);
#7625 = CARTESIAN_POINT('',(-23.82299995422,-85.24900054931,
    6.349999904633));
#7626 = VECTOR('',#7627,1.);
#7627 = DIRECTION('',(0.,0.,-1.));
#7628 = PLANE('',#7629);
#7629 = AXIS2_PLACEMENT_3D('',#7630,#7631,#7632);
#7630 = CARTESIAN_POINT('',(-23.82299995422,-85.2184630172,
    4.703463746768));
#7631 = DIRECTION('',(1.,0.,0.));
#7632 = DIRECTION('',(-0.,0.,1.));
#7633 = ADVANCED_FACE('',(#7634),#7651,.F.);
#7634 = FACE_BOUND('',#7635,.F.);
#7635 = EDGE_LOOP('',(#7636,#7644,#7645));
#7636 = ORIENTED_EDGE('',*,*,#7637,.T.);
#7637 = EDGE_CURVE('',#7638,#7567,#7640,.T.);
#7638 = VERTEX_POINT('',#7639);
#7639 = CARTESIAN_POINT('',(-23.82299995422,-85.12899780273,
    2.99799990654));
#7640 = LINE('',#7641,#7642);
#7641 = CARTESIAN_POINT('',(-23.82299995422,-85.12899780273,
    2.99799990654));
#7642 = VECTOR('',#7643,1.);
#7643 = DIRECTION('',(0.,0.,1.));
#7644 = ORIENTED_EDGE('',*,*,#7609,.F.);
#7645 = ORIENTED_EDGE('',*,*,#7646,.F.);
#7646 = EDGE_CURVE('',#7638,#7610,#7647,.T.);
#7647 = LINE('',#7648,#7649);
#7648 = CARTESIAN_POINT('',(-23.82299995422,-85.12899780273,
    2.99799990654));
#7649 = VECTOR('',#7650,1.);
#7650 = DIRECTION('',(0.,-1.,0.));
#7651 = PLANE('',#7652);
#7652 = AXIS2_PLACEMENT_3D('',#7653,#7654,#7655);
#7653 = CARTESIAN_POINT('',(-23.82299995422,-85.15953533484,
    4.644536064404));
#7654 = DIRECTION('',(1.,0.,0.));
#7655 = DIRECTION('',(-0.,0.,1.));
#7656 = ADVANCED_FACE('',(#7657),#7681,.F.);
#7657 = FACE_BOUND('',#7658,.F.);
#7658 = EDGE_LOOP('',(#7659,#7667,#7675));
#7659 = ORIENTED_EDGE('',*,*,#7660,.T.);
#7660 = EDGE_CURVE('',#7638,#7661,#7663,.T.);
#7661 = VERTEX_POINT('',#7662);
#7662 = CARTESIAN_POINT('',(-9.239000320435,-85.24900054931,
    2.99799990654));
#7663 = LINE('',#7664,#7665);
#7664 = CARTESIAN_POINT('',(-23.82299995422,-85.12899780273,
    2.99799990654));
#7665 = VECTOR('',#7666,1.);
#7666 = DIRECTION('',(0.999966148569,-8.228105274996E-03,0.));
#7667 = ORIENTED_EDGE('',*,*,#7668,.T.);
#7668 = EDGE_CURVE('',#7661,#7669,#7671,.T.);
#7669 = VERTEX_POINT('',#7670);
#7670 = CARTESIAN_POINT('',(-16.96299934387,-79.24800109863,
    2.99799990654));
#7671 = LINE('',#7672,#7673);
#7672 = CARTESIAN_POINT('',(-9.239000320435,-85.24900054931,
    2.99799990654));
#7673 = VECTOR('',#7674,1.);
#7674 = DIRECTION('',(-0.789676894934,0.613522943016,0.));
#7675 = ORIENTED_EDGE('',*,*,#7676,.T.);
#7676 = EDGE_CURVE('',#7669,#7638,#7677,.T.);
#7677 = LINE('',#7678,#7679);
#7678 = CARTESIAN_POINT('',(-16.96299934387,-79.24800109863,
    2.99799990654));
#7679 = VECTOR('',#7680,1.);
#7680 = DIRECTION('',(-0.759202124126,-0.650854926018,0.));
#7681 = PLANE('',#7682);
#7682 = AXIS2_PLACEMENT_3D('',#7683,#7684,#7685);
#7683 = CARTESIAN_POINT('',(-16.57131859075,-83.51621349559,
    2.99799990654));
#7684 = DIRECTION('',(0.,0.,1.));
#7685 = DIRECTION('',(1.,0.,-0.));
#7686 = ADVANCED_FACE('',(#7687),#7697,.F.);
#7687 = FACE_BOUND('',#7688,.F.);
#7688 = EDGE_LOOP('',(#7689,#7695,#7696));
#7689 = ORIENTED_EDGE('',*,*,#7690,.T.);
#7690 = EDGE_CURVE('',#7610,#7661,#7691,.T.);
#7691 = LINE('',#7692,#7693);
#7692 = CARTESIAN_POINT('',(-23.82299995422,-85.24900054931,
    2.99799990654));
#7693 = VECTOR('',#7694,1.);
#7694 = DIRECTION('',(1.,0.,0.));
#7695 = ORIENTED_EDGE('',*,*,#7660,.F.);
#7696 = ORIENTED_EDGE('',*,*,#7646,.T.);
#7697 = PLANE('',#7698);
#7698 = AXIS2_PLACEMENT_3D('',#7699,#7700,#7701);
#7699 = CARTESIAN_POINT('',(-16.56087739748,-85.21887643617,
    2.99799990654));
#7700 = DIRECTION('',(0.,0.,1.));
#7701 = DIRECTION('',(1.,0.,-0.));
#7702 = ADVANCED_FACE('',(#7703),#7713,.F.);
#7703 = FACE_BOUND('',#7704,.F.);
#7704 = EDGE_LOOP('',(#7705,#7711,#7712));
#7705 = ORIENTED_EDGE('',*,*,#7706,.T.);
#7706 = EDGE_CURVE('',#7162,#7661,#7707,.T.);
#7707 = LINE('',#7708,#7709);
#7708 = CARTESIAN_POINT('',(-23.82299995422,-85.24900054931,
    6.349999904633));
#7709 = VECTOR('',#7710,1.);
#7710 = DIRECTION('',(0.974589041044,0.,-0.224000448831));
#7711 = ORIENTED_EDGE('',*,*,#7690,.F.);
#7712 = ORIENTED_EDGE('',*,*,#7623,.F.);
#7713 = PLANE('',#7714);
#7714 = AXIS2_PLACEMENT_3D('',#7715,#7716,#7717);
#7715 = CARTESIAN_POINT('',(-17.27393611486,-85.24900054931,
    3.93106392805));
#7716 = DIRECTION('',(0.,1.,0.));
#7717 = DIRECTION('',(0.,-0.,1.));
#7718 = ADVANCED_FACE('',(#7719),#7736,.F.);
#7719 = FACE_BOUND('',#7720,.F.);
#7720 = EDGE_LOOP('',(#7721,#7729,#7730));
#7721 = ORIENTED_EDGE('',*,*,#7722,.T.);
#7722 = EDGE_CURVE('',#7723,#7661,#7725,.T.);
#7723 = VERTEX_POINT('',#7724);
#7724 = CARTESIAN_POINT('',(-9.239000320435,-85.24900054931,
    6.349999904633));
#7725 = LINE('',#7726,#7727);
#7726 = CARTESIAN_POINT('',(-9.239000320435,-85.24900054931,
    6.349999904633));
#7727 = VECTOR('',#7728,1.);
#7728 = DIRECTION('',(0.,0.,-1.));
#7729 = ORIENTED_EDGE('',*,*,#7706,.F.);
#7730 = ORIENTED_EDGE('',*,*,#7731,.T.);
#7731 = EDGE_CURVE('',#7162,#7723,#7732,.T.);
#7732 = LINE('',#7733,#7734);
#7733 = CARTESIAN_POINT('',(-23.82299995422,-85.24900054931,
    6.349999904633));
#7734 = VECTOR('',#7735,1.);
#7735 = DIRECTION('',(1.,0.,0.));
#7736 = PLANE('',#7737);
#7737 = AXIS2_PLACEMENT_3D('',#7738,#7739,#7740);
#7738 = CARTESIAN_POINT('',(-15.78806415979,-85.24900054931,
    5.416935883122));
#7739 = DIRECTION('',(0.,1.,0.));
#7740 = DIRECTION('',(0.,-0.,1.));
#7741 = ADVANCED_FACE('',(#7742),#7752,.F.);
#7742 = FACE_BOUND('',#7743,.F.);
#7743 = EDGE_LOOP('',(#7744,#7745,#7751));
#7744 = ORIENTED_EDGE('',*,*,#7676,.F.);
#7745 = ORIENTED_EDGE('',*,*,#7746,.F.);
#7746 = EDGE_CURVE('',#7567,#7669,#7747,.T.);
#7747 = LINE('',#7748,#7749);
#7748 = CARTESIAN_POINT('',(-23.82299995422,-85.12899780273,
    6.349999904633));
#7749 = VECTOR('',#7750,1.);
#7750 = DIRECTION('',(0.711802041801,0.610219400781,-0.347807613772));
#7751 = ORIENTED_EDGE('',*,*,#7637,.F.);
#7752 = PLANE('',#7753);
#7753 = AXIS2_PLACEMENT_3D('',#7754,#7755,#7756);
#7754 = CARTESIAN_POINT('',(-20.91500631496,-82.63600953941,
    3.986427190321));
#7755 = DIRECTION('',(0.650854926018,-0.759202124126,-0.));
#7756 = DIRECTION('',(-0.759202124126,-0.650854926018,0.));
#7757 = ADVANCED_FACE('',(#7758),#7775,.F.);
#7758 = FACE_BOUND('',#7759,.F.);
#7759 = EDGE_LOOP('',(#7760,#7761,#7769));
#7760 = ORIENTED_EDGE('',*,*,#7746,.T.);
#7761 = ORIENTED_EDGE('',*,*,#7762,.T.);
#7762 = EDGE_CURVE('',#7669,#7763,#7765,.T.);
#7763 = VERTEX_POINT('',#7764);
#7764 = CARTESIAN_POINT('',(-16.96299934387,-79.24800109863,
    6.349999904633));
#7765 = LINE('',#7766,#7767);
#7766 = CARTESIAN_POINT('',(-16.96299934387,-79.24800109863,
    2.99799990654));
#7767 = VECTOR('',#7768,1.);
#7768 = DIRECTION('',(0.,0.,1.));
#7769 = ORIENTED_EDGE('',*,*,#7770,.T.);
#7770 = EDGE_CURVE('',#7763,#7567,#7771,.T.);
#7771 = LINE('',#7772,#7773);
#7772 = CARTESIAN_POINT('',(-16.96299934387,-79.24800109863,
    6.349999904633));
#7773 = VECTOR('',#7774,1.);
#7774 = DIRECTION('',(-0.759202124126,-0.650854926018,0.));
#7775 = PLANE('',#7776);
#7776 = AXIS2_PLACEMENT_3D('',#7777,#7778,#7779);
#7777 = CARTESIAN_POINT('',(-19.87099298312,-81.74098936195,
    5.361572620851));
#7778 = DIRECTION('',(0.650854926018,-0.759202124126,-2.402955180261E-16
    ));
#7779 = DIRECTION('',(-0.759202124126,-0.650854926018,0.));
#7780 = ADVANCED_FACE('',(#7781),#7786,.F.);
#7781 = FACE_BOUND('',#7782,.F.);
#7782 = EDGE_LOOP('',(#7783,#7784,#7785));
#7783 = ORIENTED_EDGE('',*,*,#7169,.T.);
#7784 = ORIENTED_EDGE('',*,*,#7617,.F.);
#7785 = ORIENTED_EDGE('',*,*,#7595,.T.);
#7786 = PLANE('',#7787);
#7787 = AXIS2_PLACEMENT_3D('',#7788,#7789,#7790);
#7788 = CARTESIAN_POINT('',(-31.38075023768,-85.90317773848,
    6.349999904633));
#7789 = DIRECTION('',(0.,0.,1.));
#7790 = DIRECTION('',(1.,0.,-0.));
#7791 = ADVANCED_FACE('',(#7792),#7807,.F.);
#7792 = FACE_BOUND('',#7793,.F.);
#7793 = EDGE_LOOP('',(#7794,#7800,#7801));
#7794 = ORIENTED_EDGE('',*,*,#7795,.T.);
#7795 = EDGE_CURVE('',#7192,#7723,#7796,.T.);
#7796 = LINE('',#7797,#7798);
#7797 = CARTESIAN_POINT('',(-9.239000320435,-92.6600036621,
    6.349999904633));
#7798 = VECTOR('',#7799,1.);
#7799 = DIRECTION('',(0.,1.,0.));
#7800 = ORIENTED_EDGE('',*,*,#7731,.F.);
#7801 = ORIENTED_EDGE('',*,*,#7802,.T.);
#7802 = EDGE_CURVE('',#7162,#7192,#7803,.T.);
#7803 = LINE('',#7804,#7805);
#7804 = CARTESIAN_POINT('',(-23.82299995422,-85.24900054931,
    6.349999904633));
#7805 = VECTOR('',#7806,1.);
#7806 = DIRECTION('',(0.891498459554,-0.453023726324,0.));
#7807 = PLANE('',#7808);
#7808 = AXIS2_PLACEMENT_3D('',#7809,#7810,#7811);
#7809 = CARTESIAN_POINT('',(-15.12199281408,-87.54549478247,
    6.349999904633));
#7810 = DIRECTION('',(0.,0.,1.));
#7811 = DIRECTION('',(1.,0.,-0.));
#7812 = ADVANCED_FACE('',(#7813),#7823,.F.);
#7813 = FACE_BOUND('',#7814,.F.);
#7814 = EDGE_LOOP('',(#7815,#7816,#7822));
#7815 = ORIENTED_EDGE('',*,*,#7770,.F.);
#7816 = ORIENTED_EDGE('',*,*,#7817,.T.);
#7817 = EDGE_CURVE('',#7763,#7311,#7818,.T.);
#7818 = LINE('',#7819,#7820);
#7819 = CARTESIAN_POINT('',(-16.96299934387,-79.24800109863,
    6.349999904633));
#7820 = VECTOR('',#7821,1.);
#7821 = DIRECTION('',(-0.992978826133,0.118292226504,0.));
#7822 = ORIENTED_EDGE('',*,*,#7574,.F.);
#7823 = PLANE('',#7824);
#7824 = AXIS2_PLACEMENT_3D('',#7825,#7826,#7827);
#7825 = CARTESIAN_POINT('',(-27.79767076891,-79.77790603272,
    6.349999904633));
#7826 = DIRECTION('',(0.,0.,1.));
#7827 = DIRECTION('',(1.,0.,-0.));
#7828 = ADVANCED_FACE('',(#7829),#7839,.F.);
#7829 = FACE_BOUND('',#7830,.F.);
#7830 = EDGE_LOOP('',(#7831,#7832,#7833));
#7831 = ORIENTED_EDGE('',*,*,#7334,.T.);
#7832 = ORIENTED_EDGE('',*,*,#7817,.F.);
#7833 = ORIENTED_EDGE('',*,*,#7834,.F.);
#7834 = EDGE_CURVE('',#7335,#7763,#7835,.T.);
#7835 = LINE('',#7836,#7837);
#7836 = CARTESIAN_POINT('',(-38.99800109863,-71.37599945068,
    6.349999904633));
#7837 = VECTOR('',#7838,1.);
#7838 = DIRECTION('',(0.94170998581,-0.336425775804,0.));
#7839 = PLANE('',#7840);
#7840 = AXIS2_PLACEMENT_3D('',#7841,#7842,#7843);
#7841 = CARTESIAN_POINT('',(-29.11764732513,-76.32172114152,
    6.349999904633));
#7842 = DIRECTION('',(0.,0.,1.));
#7843 = DIRECTION('',(1.,0.,-0.));
#7844 = ADVANCED_FACE('',(#7845),#7871,.F.);
#7845 = FACE_BOUND('',#7846,.F.);
#7846 = EDGE_LOOP('',(#7847,#7857,#7865));
#7847 = ORIENTED_EDGE('',*,*,#7848,.T.);
#7848 = EDGE_CURVE('',#7849,#7851,#7853,.T.);
#7849 = VERTEX_POINT('',#7850);
#7850 = CARTESIAN_POINT('',(-59.00299835205,-51.375,6.349999904633));
#7851 = VERTEX_POINT('',#7852);
#7852 = CARTESIAN_POINT('',(-59.00299835205,-56.62099838256,
    6.349999904633));
#7853 = LINE('',#7854,#7855);
#7854 = CARTESIAN_POINT('',(-59.00299835205,-51.375,6.349999904633));
#7855 = VECTOR('',#7856,1.);
#7856 = DIRECTION('',(0.,-1.,0.));
#7857 = ORIENTED_EDGE('',*,*,#7858,.T.);
#7858 = EDGE_CURVE('',#7851,#7859,#7861,.T.);
#7859 = VERTEX_POINT('',#7860);
#7860 = CARTESIAN_POINT('',(-59.00299835205,-56.58599853515,
    6.337999820709));
#7861 = LINE('',#7862,#7863);
#7862 = CARTESIAN_POINT('',(-59.00299835205,-56.62099838256,
    6.349999904633));
#7863 = VECTOR('',#7864,1.);
#7864 = DIRECTION('',(0.,0.945944816281,-0.324327619162));
#7865 = ORIENTED_EDGE('',*,*,#7866,.T.);
#7866 = EDGE_CURVE('',#7859,#7849,#7867,.T.);
#7867 = LINE('',#7868,#7869);
#7868 = CARTESIAN_POINT('',(-59.00299835205,-56.58599853515,
    6.337999820709));
#7869 = VECTOR('',#7870,1.);
#7870 = DIRECTION('',(0.,0.99999734848,2.302831602027E-03));
#7871 = PLANE('',#7872);
#7872 = AXIS2_PLACEMENT_3D('',#7873,#7874,#7875);
#7873 = CARTESIAN_POINT('',(-59.00299835205,-53.99849574587,
    6.346999307933));
#7874 = DIRECTION('',(1.,0.,0.));
#7875 = DIRECTION('',(-0.,0.,1.));
#7876 = ADVANCED_FACE('',(#7877),#7894,.F.);
#7877 = FACE_BOUND('',#7878,.F.);
#7878 = EDGE_LOOP('',(#7879,#7887,#7888));
#7879 = ORIENTED_EDGE('',*,*,#7880,.T.);
#7880 = EDGE_CURVE('',#7881,#7851,#7883,.T.);
#7881 = VERTEX_POINT('',#7882);
#7882 = CARTESIAN_POINT('',(-68.,-33.,6.349999904633));
#7883 = LINE('',#7884,#7885);
#7884 = CARTESIAN_POINT('',(-68.,-33.,6.349999904633));
#7885 = VECTOR('',#7886,1.);
#7886 = DIRECTION('',(0.355944404839,-0.934507132484,0.));
#7887 = ORIENTED_EDGE('',*,*,#7848,.F.);
#7888 = ORIENTED_EDGE('',*,*,#7889,.T.);
#7889 = EDGE_CURVE('',#7849,#7881,#7890,.T.);
#7890 = LINE('',#7891,#7892);
#7891 = CARTESIAN_POINT('',(-59.00299835205,-51.375,6.349999904633));
#7892 = VECTOR('',#7893,1.);
#7893 = DIRECTION('',(-0.439749248871,0.898120592191,0.));
#7894 = PLANE('',#7895);
#7895 = AXIS2_PLACEMENT_3D('',#7896,#7897,#7898);
#7896 = CARTESIAN_POINT('',(-63.03860610238,-44.70325791152,
    6.349999904633));
#7897 = DIRECTION('',(0.,0.,1.));
#7898 = DIRECTION('',(1.,0.,-0.));
#7899 = ADVANCED_FACE('',(#7900),#7917,.F.);
#7900 = FACE_BOUND('',#7901,.F.);
#7901 = EDGE_LOOP('',(#7902,#7903,#7911));
#7902 = ORIENTED_EDGE('',*,*,#7889,.F.);
#7903 = ORIENTED_EDGE('',*,*,#7904,.F.);
#7904 = EDGE_CURVE('',#7905,#7849,#7907,.T.);
#7905 = VERTEX_POINT('',#7906);
#7906 = CARTESIAN_POINT('',(-38.99800109863,-51.375,6.349999904633));
#7907 = LINE('',#7908,#7909);
#7908 = CARTESIAN_POINT('',(-38.99800109863,-51.375,6.349999904633));
#7909 = VECTOR('',#7910,1.);
#7910 = DIRECTION('',(-1.,0.,0.));
#7911 = ORIENTED_EDGE('',*,*,#7912,.F.);
#7912 = EDGE_CURVE('',#7881,#7905,#7913,.T.);
#7913 = LINE('',#7914,#7915);
#7914 = CARTESIAN_POINT('',(-68.,-33.,6.349999904633));
#7915 = VECTOR('',#7916,1.);
#7916 = DIRECTION('',(0.844726015202,-0.535198990322,0.));
#7917 = PLANE('',#7918);
#7918 = AXIS2_PLACEMENT_3D('',#7919,#7920,#7921);
#7919 = CARTESIAN_POINT('',(-55.03184140924,-44.64474961202,
    6.349999904633));
#7920 = DIRECTION('',(0.,0.,1.));
#7921 = DIRECTION('',(1.,0.,-0.));
#7922 = ADVANCED_FACE('',(#7923),#7947,.F.);
#7923 = FACE_BOUND('',#7924,.F.);
#7924 = EDGE_LOOP('',(#7925,#7935,#7941));
#7925 = ORIENTED_EDGE('',*,*,#7926,.T.);
#7926 = EDGE_CURVE('',#7927,#7929,#7931,.T.);
#7927 = VERTEX_POINT('',#7928);
#7928 = CARTESIAN_POINT('',(-59.00299835205,-55.3030014038,
    6.083000183105));
#7929 = VERTEX_POINT('',#7930);
#7930 = CARTESIAN_POINT('',(-59.00299835205,-53.99800109863,
    5.998000144958));
#7931 = LINE('',#7932,#7933);
#7932 = CARTESIAN_POINT('',(-59.00299835205,-55.3030014038,
    6.083000183105));
#7933 = VECTOR('',#7934,1.);
#7934 = DIRECTION('',(0.,0.99788549925,-6.499638748449E-02));
#7935 = ORIENTED_EDGE('',*,*,#7936,.T.);
#7936 = EDGE_CURVE('',#7929,#7849,#7937,.T.);
#7937 = LINE('',#7938,#7939);
#7938 = CARTESIAN_POINT('',(-59.00299835205,-53.99800109863,
    5.998000144958));
#7939 = VECTOR('',#7940,1.);
#7940 = DIRECTION('',(0.,0.991115361117,0.133005041098));
#7941 = ORIENTED_EDGE('',*,*,#7942,.T.);
#7942 = EDGE_CURVE('',#7849,#7927,#7943,.T.);
#7943 = LINE('',#7944,#7945);
#7944 = CARTESIAN_POINT('',(-59.00299835205,-51.375,6.349999904633));
#7945 = VECTOR('',#7946,1.);
#7946 = DIRECTION('',(0.,-0.997697781318,-6.781693853823E-02));
#7947 = PLANE('',#7948);
#7948 = AXIS2_PLACEMENT_3D('',#7949,#7950,#7951);
#7949 = CARTESIAN_POINT('',(-59.00299835205,-53.33751606364,
    6.173079881541));
#7950 = DIRECTION('',(1.,0.,0.));
#7951 = DIRECTION('',(-0.,0.,1.));
#7952 = ADVANCED_FACE('',(#7953),#7970,.F.);
#7953 = FACE_BOUND('',#7954,.F.);
#7954 = EDGE_LOOP('',(#7955,#7963,#7964));
#7955 = ORIENTED_EDGE('',*,*,#7956,.T.);
#7956 = EDGE_CURVE('',#7957,#7849,#7959,.T.);
#7957 = VERTEX_POINT('',#7958);
#7958 = CARTESIAN_POINT('',(-59.00299835205,-52.69300079345,
    6.083000183105));
#7959 = LINE('',#7960,#7961);
#7960 = CARTESIAN_POINT('',(-59.00299835205,-52.69300079345,
    6.083000183105));
#7961 = VECTOR('',#7962,1.);
#7962 = DIRECTION('',(0.,0.980091512459,0.198546284795));
#7963 = ORIENTED_EDGE('',*,*,#7936,.F.);
#7964 = ORIENTED_EDGE('',*,*,#7965,.T.);
#7965 = EDGE_CURVE('',#7929,#7957,#7966,.T.);
#7966 = LINE('',#7967,#7968);
#7967 = CARTESIAN_POINT('',(-59.00299835205,-53.99800109863,
    5.998000144958));
#7968 = VECTOR('',#7969,1.);
#7969 = DIRECTION('',(0.,0.99788549925,6.499638748449E-02));
#7970 = PLANE('',#7971);
#7971 = AXIS2_PLACEMENT_3D('',#7972,#7973,#7974);
#7972 = CARTESIAN_POINT('',(-59.00299835205,-52.68354781797,
    6.151838776043));
#7973 = DIRECTION('',(1.,0.,0.));
#7974 = DIRECTION('',(-0.,0.,1.));
#7975 = ADVANCED_FACE('',(#7976),#7993,.F.);
#7976 = FACE_BOUND('',#7977,.F.);
#7977 = EDGE_LOOP('',(#7978,#7986,#7987));
#7978 = ORIENTED_EDGE('',*,*,#7979,.T.);
#7979 = EDGE_CURVE('',#7980,#7849,#7982,.T.);
#7980 = VERTEX_POINT('',#7981);
#7981 = CARTESIAN_POINT('',(-59.00299835205,-51.40999984741,
    6.337999820709));
#7982 = LINE('',#7983,#7984);
#7983 = CARTESIAN_POINT('',(-59.00299835205,-51.40999984741,
    6.337999820709));
#7984 = VECTOR('',#7985,1.);
#7985 = DIRECTION('',(0.,0.945944816281,0.324327619162));
#7986 = ORIENTED_EDGE('',*,*,#7956,.F.);
#7987 = ORIENTED_EDGE('',*,*,#7988,.T.);
#7988 = EDGE_CURVE('',#7957,#7980,#7989,.T.);
#7989 = LINE('',#7990,#7991);
#7990 = CARTESIAN_POINT('',(-59.00299835205,-52.69300079345,
    6.083000183105));
#7991 = VECTOR('',#7992,1.);
#7992 = DIRECTION('',(0.,0.980815272415,0.194939481372));
#7993 = PLANE('',#7994);
#7994 = AXIS2_PLACEMENT_3D('',#7995,#7996,#7997);
#7995 = CARTESIAN_POINT('',(-59.00299835205,-52.03368668083,
    6.215335989238));
#7996 = DIRECTION('',(1.,0.,0.));
#7997 = DIRECTION('',(-0.,0.,1.));
#7998 = ADVANCED_FACE('',(#7999),#8016,.F.);
#7999 = FACE_BOUND('',#8000,.F.);
#8000 = EDGE_LOOP('',(#8001,#8009,#8010));
#8001 = ORIENTED_EDGE('',*,*,#8002,.T.);
#8002 = EDGE_CURVE('',#8003,#7849,#8005,.T.);
#8003 = VERTEX_POINT('',#8004);
#8004 = CARTESIAN_POINT('',(-38.99800109863,-51.40999984741,
    6.337999820709));
#8005 = LINE('',#8006,#8007);
#8006 = CARTESIAN_POINT('',(-38.99800109863,-51.40999984741,
    6.337999820709));
#8007 = VECTOR('',#8008,1.);
#8008 = DIRECTION('',(-0.99999828962,1.749552229661E-03,
    5.998532889869E-04));
#8009 = ORIENTED_EDGE('',*,*,#7979,.F.);
#8010 = ORIENTED_EDGE('',*,*,#8011,.T.);
#8011 = EDGE_CURVE('',#7980,#8003,#8012,.T.);
#8012 = LINE('',#8013,#8014);
#8013 = CARTESIAN_POINT('',(-59.00299835205,-51.40999984741,
    6.337999820709));
#8014 = VECTOR('',#8015,1.);
#8015 = DIRECTION('',(1.,0.,0.));
#8016 = PLANE('',#8017);
#8017 = AXIS2_PLACEMENT_3D('',#8018,#8019,#8020);
#8018 = CARTESIAN_POINT('',(-49.00974114201,-51.40124179389,
    6.341002616005));
#8019 = DIRECTION('',(0.,-0.324327619162,0.945944816281));
#8020 = DIRECTION('',(0.,0.945944816281,0.324327619162));
#8021 = ADVANCED_FACE('',(#8022),#8032,.F.);
#8022 = FACE_BOUND('',#8023,.F.);
#8023 = EDGE_LOOP('',(#8024,#8025,#8026));
#8024 = ORIENTED_EDGE('',*,*,#7904,.T.);
#8025 = ORIENTED_EDGE('',*,*,#8002,.F.);
#8026 = ORIENTED_EDGE('',*,*,#8027,.F.);
#8027 = EDGE_CURVE('',#7905,#8003,#8028,.T.);
#8028 = LINE('',#8029,#8030);
#8029 = CARTESIAN_POINT('',(-38.99800109863,-51.375,6.349999904633));
#8030 = VECTOR('',#8031,1.);
#8031 = DIRECTION('',(0.,-0.945944816281,-0.324327619162));
#8032 = PLANE('',#8033);
#8033 = AXIS2_PLACEMENT_3D('',#8034,#8035,#8036);
#8034 = CARTESIAN_POINT('',(-48.99125830867,-51.38375805351,
    6.346997109337));
#8035 = DIRECTION('',(0.,-0.324327619162,0.945944816281));
#8036 = DIRECTION('',(0.,0.945944816281,0.324327619162));
#8037 = ADVANCED_FACE('',(#8038),#8055,.F.);
#8038 = FACE_BOUND('',#8039,.F.);
#8039 = EDGE_LOOP('',(#8040,#8048,#8049));
#8040 = ORIENTED_EDGE('',*,*,#8041,.T.);
#8041 = EDGE_CURVE('',#8042,#7905,#8044,.T.);
#8042 = VERTEX_POINT('',#8043);
#8043 = CARTESIAN_POINT('',(-38.99800109863,-52.69300079345,
    6.083000183105));
#8044 = LINE('',#8045,#8046);
#8045 = CARTESIAN_POINT('',(-38.99800109863,-52.69300079345,
    6.083000183105));
#8046 = VECTOR('',#8047,1.);
#8047 = DIRECTION('',(0.,0.980091512459,0.198546284795));
#8048 = ORIENTED_EDGE('',*,*,#8027,.T.);
#8049 = ORIENTED_EDGE('',*,*,#8050,.T.);
#8050 = EDGE_CURVE('',#8003,#8042,#8051,.T.);
#8051 = LINE('',#8052,#8053);
#8052 = CARTESIAN_POINT('',(-38.99800109863,-51.40999984741,
    6.337999820709));
#8053 = VECTOR('',#8054,1.);
#8054 = DIRECTION('',(0.,-0.980815272415,-0.194939481372));
#8055 = PLANE('',#8056);
#8056 = AXIS2_PLACEMENT_3D('',#8057,#8058,#8059);
#8057 = CARTESIAN_POINT('',(-38.99800109863,-52.03368668083,
    6.215335989238));
#8058 = DIRECTION('',(-1.,-0.,-0.));
#8059 = DIRECTION('',(0.,0.,-1.));
#8060 = ADVANCED_FACE('',(#8061),#8078,.F.);
#8061 = FACE_BOUND('',#8062,.F.);
#8062 = EDGE_LOOP('',(#8063,#8071,#8072));
#8063 = ORIENTED_EDGE('',*,*,#8064,.T.);
#8064 = EDGE_CURVE('',#8065,#7905,#8067,.T.);
#8065 = VERTEX_POINT('',#8066);
#8066 = CARTESIAN_POINT('',(-38.99800109863,-53.99800109863,
    5.998000144958));
#8067 = LINE('',#8068,#8069);
#8068 = CARTESIAN_POINT('',(-38.99800109863,-53.99800109863,
    5.998000144958));
#8069 = VECTOR('',#8070,1.);
#8070 = DIRECTION('',(0.,0.991115361117,0.133005041098));
#8071 = ORIENTED_EDGE('',*,*,#8041,.F.);
#8072 = ORIENTED_EDGE('',*,*,#8073,.T.);
#8073 = EDGE_CURVE('',#8042,#8065,#8074,.T.);
#8074 = LINE('',#8075,#8076);
#8075 = CARTESIAN_POINT('',(-38.99800109863,-52.69300079345,
    6.083000183105));
#8076 = VECTOR('',#8077,1.);
#8077 = DIRECTION('',(0.,-0.99788549925,-6.499638748449E-02));
#8078 = PLANE('',#8079);
#8079 = AXIS2_PLACEMENT_3D('',#8080,#8081,#8082);
#8080 = CARTESIAN_POINT('',(-38.99800109863,-52.68354781797,
    6.151838776043));
#8081 = DIRECTION('',(-1.,-0.,-0.));
#8082 = DIRECTION('',(0.,0.,-1.));
#8083 = ADVANCED_FACE('',(#8084),#8101,.F.);
#8084 = FACE_BOUND('',#8085,.F.);
#8085 = EDGE_LOOP('',(#8086,#8094,#8095));
#8086 = ORIENTED_EDGE('',*,*,#8087,.T.);
#8087 = EDGE_CURVE('',#8088,#7905,#8090,.T.);
#8088 = VERTEX_POINT('',#8089);
#8089 = CARTESIAN_POINT('',(-38.99800109863,-55.3030014038,
    6.083000183105));
#8090 = LINE('',#8091,#8092);
#8091 = CARTESIAN_POINT('',(-38.99800109863,-55.3030014038,
    6.083000183105));
#8092 = VECTOR('',#8093,1.);
#8093 = DIRECTION('',(0.,0.997697781318,6.781693853823E-02));
#8094 = ORIENTED_EDGE('',*,*,#8064,.F.);
#8095 = ORIENTED_EDGE('',*,*,#8096,.T.);
#8096 = EDGE_CURVE('',#8065,#8088,#8097,.T.);
#8097 = LINE('',#8098,#8099);
#8098 = CARTESIAN_POINT('',(-38.99800109863,-53.99800109863,
    5.998000144958));
#8099 = VECTOR('',#8100,1.);
#8100 = DIRECTION('',(0.,-0.99788549925,6.499638748449E-02));
#8101 = PLANE('',#8102);
#8102 = AXIS2_PLACEMENT_3D('',#8103,#8104,#8105);
#8103 = CARTESIAN_POINT('',(-38.99800109863,-53.33751606364,
    6.173079881541));
#8104 = DIRECTION('',(-1.,-0.,-0.));
#8105 = DIRECTION('',(0.,0.,-1.));
#8106 = ADVANCED_FACE('',(#8107),#8117,.F.);
#8107 = FACE_BOUND('',#8108,.F.);
#8108 = EDGE_LOOP('',(#8109,#8115,#8116));
#8109 = ORIENTED_EDGE('',*,*,#8110,.T.);
#8110 = EDGE_CURVE('',#7980,#8042,#8111,.T.);
#8111 = LINE('',#8112,#8113);
#8112 = CARTESIAN_POINT('',(-59.00299835205,-51.40999984741,
    6.337999820709));
#8113 = VECTOR('',#8114,1.);
#8114 = DIRECTION('',(0.997869004276,-6.399735327616E-02,
    -1.271963356171E-02));
#8115 = ORIENTED_EDGE('',*,*,#8050,.F.);
#8116 = ORIENTED_EDGE('',*,*,#8011,.F.);
#8117 = PLANE('',#8118);
#8118 = AXIS2_PLACEMENT_3D('',#8119,#8120,#8121);
#8119 = CARTESIAN_POINT('',(-48.68415602125,-51.74122558413,
    6.272167879518));
#8120 = DIRECTION('',(0.,-0.194939481372,0.980815272415));
#8121 = DIRECTION('',(0.,0.980815272415,0.194939481372));
#8122 = ADVANCED_FACE('',(#8123),#8133,.F.);
#8123 = FACE_BOUND('',#8124,.F.);
#8124 = EDGE_LOOP('',(#8125,#8131,#8132));
#8125 = ORIENTED_EDGE('',*,*,#8126,.T.);
#8126 = EDGE_CURVE('',#7957,#8042,#8127,.T.);
#8127 = LINE('',#8128,#8129);
#8128 = CARTESIAN_POINT('',(-59.00299835205,-52.69300079345,
    6.083000183105));
#8129 = VECTOR('',#8130,1.);
#8130 = DIRECTION('',(1.,0.,0.));
#8131 = ORIENTED_EDGE('',*,*,#8110,.F.);
#8132 = ORIENTED_EDGE('',*,*,#7988,.F.);
#8133 = PLANE('',#8134);
#8134 = AXIS2_PLACEMENT_3D('',#8135,#8136,#8137);
#8135 = CARTESIAN_POINT('',(-49.31684342943,-52.36177505673,
    6.148832124297));
#8136 = DIRECTION('',(0.,-0.194939481372,0.980815272415));
#8137 = DIRECTION('',(0.,0.980815272415,0.194939481372));
#8138 = ADVANCED_FACE('',(#8139),#8149,.F.);
#8139 = FACE_BOUND('',#8140,.F.);
#8140 = EDGE_LOOP('',(#8141,#8147,#8148));
#8141 = ORIENTED_EDGE('',*,*,#8142,.T.);
#8142 = EDGE_CURVE('',#7957,#8065,#8143,.T.);
#8143 = LINE('',#8144,#8145);
#8144 = CARTESIAN_POINT('',(-59.00299835205,-52.69300079345,
    6.083000183105));
#8145 = VECTOR('',#8146,1.);
#8146 = DIRECTION('',(0.99787007864,-6.509477310366E-02,
    -4.239890347178E-03));
#8147 = ORIENTED_EDGE('',*,*,#8073,.F.);
#8148 = ORIENTED_EDGE('',*,*,#8126,.F.);
#8149 = PLANE('',#8150);
#8150 = AXIS2_PLACEMENT_3D('',#8151,#8152,#8153);
#8151 = CARTESIAN_POINT('',(-48.68423333588,-53.0299033021,
    6.061056336829));
#8152 = DIRECTION('',(0.,-6.499638748449E-02,0.99788549925));
#8153 = DIRECTION('',(0.,0.99788549925,6.499638748449E-02));
#8154 = ADVANCED_FACE('',(#8155),#8165,.F.);
#8155 = FACE_BOUND('',#8156,.F.);
#8156 = EDGE_LOOP('',(#8157,#8163,#8164));
#8157 = ORIENTED_EDGE('',*,*,#8158,.T.);
#8158 = EDGE_CURVE('',#7929,#8065,#8159,.T.);
#8159 = LINE('',#8160,#8161);
#8160 = CARTESIAN_POINT('',(-59.00299835205,-53.99800109863,
    5.998000144958));
#8161 = VECTOR('',#8162,1.);
#8162 = DIRECTION('',(1.,0.,0.));
#8163 = ORIENTED_EDGE('',*,*,#8142,.F.);
#8164 = ORIENTED_EDGE('',*,*,#7965,.F.);
#8165 = PLANE('',#8166);
#8166 = AXIS2_PLACEMENT_3D('',#8167,#8168,#8169);
#8167 = CARTESIAN_POINT('',(-49.31676611479,-53.66109858998,
    6.019943991235));
#8168 = DIRECTION('',(0.,-6.499638748449E-02,0.99788549925));
#8169 = DIRECTION('',(0.,0.99788549925,6.499638748449E-02));
#8170 = ADVANCED_FACE('',(#8171),#8181,.F.);
#8171 = FACE_BOUND('',#8172,.F.);
#8172 = EDGE_LOOP('',(#8173,#8179,#8180));
#8173 = ORIENTED_EDGE('',*,*,#8174,.T.);
#8174 = EDGE_CURVE('',#7929,#8088,#8175,.T.);
#8175 = LINE('',#8176,#8177);
#8176 = CARTESIAN_POINT('',(-59.00299835205,-53.99800109863,
    5.998000144958));
#8177 = VECTOR('',#8178,1.);
#8178 = DIRECTION('',(0.99787007864,-6.509477310366E-02,
    4.239890347178E-03));
#8179 = ORIENTED_EDGE('',*,*,#8096,.F.);
#8180 = ORIENTED_EDGE('',*,*,#8158,.F.);
#8181 = PLANE('',#8182);
#8182 = AXIS2_PLACEMENT_3D('',#8183,#8184,#8185);
#8183 = CARTESIAN_POINT('',(-48.68423333588,-54.33490360728,
    6.019943991235));
#8184 = DIRECTION('',(0.,6.499638748449E-02,0.99788549925));
#8185 = DIRECTION('',(0.,0.99788549925,-6.499638748449E-02));
#8186 = ADVANCED_FACE('',(#8187),#8197,.F.);
#8187 = FACE_BOUND('',#8188,.F.);
#8188 = EDGE_LOOP('',(#8189,#8195,#8196));
#8189 = ORIENTED_EDGE('',*,*,#8190,.T.);
#8190 = EDGE_CURVE('',#7927,#8088,#8191,.T.);
#8191 = LINE('',#8192,#8193);
#8192 = CARTESIAN_POINT('',(-59.00299835205,-55.3030014038,
    6.083000183105));
#8193 = VECTOR('',#8194,1.);
#8194 = DIRECTION('',(1.,0.,0.));
#8195 = ORIENTED_EDGE('',*,*,#8174,.F.);
#8196 = ORIENTED_EDGE('',*,*,#7926,.F.);
#8197 = PLANE('',#8198);
#8198 = AXIS2_PLACEMENT_3D('',#8199,#8200,#8201);
#8199 = CARTESIAN_POINT('',(-49.31676611479,-54.96609889515,
    6.061056336829));
#8200 = DIRECTION('',(0.,6.499638748449E-02,0.99788549925));
#8201 = DIRECTION('',(0.,0.99788549925,-6.499638748449E-02));
#8202 = ADVANCED_FACE('',(#8203),#8229,.F.);
#8203 = FACE_BOUND('',#8204,.F.);
#8204 = EDGE_LOOP('',(#8205,#8215,#8223));
#8205 = ORIENTED_EDGE('',*,*,#8206,.T.);
#8206 = EDGE_CURVE('',#8207,#8209,#8211,.T.);
#8207 = VERTEX_POINT('',#8208);
#8208 = CARTESIAN_POINT('',(-38.99800109863,-61.375,6.349999904633));
#8209 = VERTEX_POINT('',#8210);
#8210 = CARTESIAN_POINT('',(-9.239000320435,-33.,6.349999904633));
#8211 = LINE('',#8212,#8213);
#8212 = CARTESIAN_POINT('',(-38.99800109863,-61.375,6.349999904633));
#8213 = VECTOR('',#8214,1.);
#8214 = DIRECTION('',(0.723735859163,0.690077101607,0.));
#8215 = ORIENTED_EDGE('',*,*,#8216,.T.);
#8216 = EDGE_CURVE('',#8209,#8217,#8219,.T.);
#8217 = VERTEX_POINT('',#8218);
#8218 = CARTESIAN_POINT('',(-38.99800109863,-56.62099838256,
    6.349999904633));
#8219 = LINE('',#8220,#8221);
#8220 = CARTESIAN_POINT('',(-9.239000320435,-33.,6.349999904633));
#8221 = VECTOR('',#8222,1.);
#8222 = DIRECTION('',(-0.783253736891,-0.621702166351,0.));
#8223 = ORIENTED_EDGE('',*,*,#8224,.T.);
#8224 = EDGE_CURVE('',#8217,#8207,#8225,.T.);
#8225 = LINE('',#8226,#8227);
#8226 = CARTESIAN_POINT('',(-38.99800109863,-56.62099838256,
    6.349999904633));
#8227 = VECTOR('',#8228,1.);
#8228 = DIRECTION('',(0.,-1.,0.));
#8229 = PLANE('',#8230);
#8230 = AXIS2_PLACEMENT_3D('',#8231,#8232,#8233);
#8231 = CARTESIAN_POINT('',(-24.96194863804,-46.78012942629,
    6.349999904633));
#8232 = DIRECTION('',(0.,0.,1.));
#8233 = DIRECTION('',(1.,0.,-0.));
#8234 = ADVANCED_FACE('',(#8235),#8250,.F.);
#8235 = FACE_BOUND('',#8236,.F.);
#8236 = EDGE_LOOP('',(#8237,#8243,#8244));
#8237 = ORIENTED_EDGE('',*,*,#8238,.T.);
#8238 = EDGE_CURVE('',#7763,#8209,#8239,.T.);
#8239 = LINE('',#8240,#8241);
#8240 = CARTESIAN_POINT('',(-16.96299934387,-79.24800109863,
    6.349999904633));
#8241 = VECTOR('',#8242,1.);
#8242 = DIRECTION('',(0.16473096594,0.98633853664,0.));
#8243 = ORIENTED_EDGE('',*,*,#8206,.F.);
#8244 = ORIENTED_EDGE('',*,*,#8245,.F.);
#8245 = EDGE_CURVE('',#7763,#8207,#8246,.T.);
#8246 = LINE('',#8247,#8248);
#8247 = CARTESIAN_POINT('',(-16.96299934387,-79.24800109863,
    6.349999904633));
#8248 = VECTOR('',#8249,1.);
#8249 = DIRECTION('',(-0.776638773077,0.629946201,0.));
#8250 = PLANE('',#8251);
#8251 = AXIS2_PLACEMENT_3D('',#8252,#8253,#8254);
#8252 = CARTESIAN_POINT('',(-20.62113724041,-56.42538703328,
    6.349999904633));
#8253 = DIRECTION('',(0.,0.,1.));
#8254 = DIRECTION('',(1.,0.,-0.));
#8255 = ADVANCED_FACE('',(#8256),#8273,.F.);
#8256 = FACE_BOUND('',#8257,.F.);
#8257 = EDGE_LOOP('',(#8258,#8266,#8272));
#8258 = ORIENTED_EDGE('',*,*,#8259,.T.);
#8259 = EDGE_CURVE('',#8207,#8260,#8262,.T.);
#8260 = VERTEX_POINT('',#8261);
#8261 = CARTESIAN_POINT('',(-38.99800109863,-66.62200164794,
    6.349999904633));
#8262 = LINE('',#8263,#8264);
#8263 = CARTESIAN_POINT('',(-38.99800109863,-61.375,6.349999904633));
#8264 = VECTOR('',#8265,1.);
#8265 = DIRECTION('',(0.,-1.,0.));
#8266 = ORIENTED_EDGE('',*,*,#8267,.T.);
#8267 = EDGE_CURVE('',#8260,#7763,#8268,.T.);
#8268 = LINE('',#8269,#8270);
#8269 = CARTESIAN_POINT('',(-38.99800109863,-66.62200164794,
    6.349999904633));
#8270 = VECTOR('',#8271,1.);
#8271 = DIRECTION('',(0.867656158535,-0.497164751924,0.));
#8272 = ORIENTED_EDGE('',*,*,#8245,.T.);
#8273 = PLANE('',#8274);
#8274 = AXIS2_PLACEMENT_3D('',#8275,#8276,#8277);
#8275 = CARTESIAN_POINT('',(-28.96005756244,-70.87918620891,
    6.349999904633));
#8276 = DIRECTION('',(0.,0.,1.));
#8277 = DIRECTION('',(1.,0.,-0.));
#8278 = ADVANCED_FACE('',(#8279),#8289,.F.);
#8279 = FACE_BOUND('',#8280,.F.);
#8280 = EDGE_LOOP('',(#8281,#8287,#8288));
#8281 = ORIENTED_EDGE('',*,*,#8282,.T.);
#8282 = EDGE_CURVE('',#8260,#7335,#8283,.T.);
#8283 = LINE('',#8284,#8285);
#8284 = CARTESIAN_POINT('',(-38.99800109863,-66.62200164794,
    6.349999904633));
#8285 = VECTOR('',#8286,1.);
#8286 = DIRECTION('',(0.,-1.,0.));
#8287 = ORIENTED_EDGE('',*,*,#7834,.T.);
#8288 = ORIENTED_EDGE('',*,*,#8267,.F.);
#8289 = PLANE('',#8290);
#8290 = AXIS2_PLACEMENT_3D('',#8291,#8292,#8293);
#8291 = CARTESIAN_POINT('',(-28.95861826862,-73.62423047167,
    6.349999904633));
#8292 = DIRECTION('',(0.,0.,1.));
#8293 = DIRECTION('',(1.,0.,-0.));
#8294 = ADVANCED_FACE('',(#8295),#8310,.F.);
#8295 = FACE_BOUND('',#8296,.F.);
#8296 = EDGE_LOOP('',(#8297,#8298,#8304));
#8297 = ORIENTED_EDGE('',*,*,#8216,.F.);
#8298 = ORIENTED_EDGE('',*,*,#8299,.T.);
#8299 = EDGE_CURVE('',#8209,#7905,#8300,.T.);
#8300 = LINE('',#8301,#8302);
#8301 = CARTESIAN_POINT('',(-9.239000320435,-33.,6.349999904633));
#8302 = VECTOR('',#8303,1.);
#8303 = DIRECTION('',(-0.850869054965,-0.525377817673,0.));
#8304 = ORIENTED_EDGE('',*,*,#8305,.T.);
#8305 = EDGE_CURVE('',#7905,#8217,#8306,.T.);
#8306 = LINE('',#8307,#8308);
#8307 = CARTESIAN_POINT('',(-38.99800109863,-51.375,6.349999904633));
#8308 = VECTOR('',#8309,1.);
#8309 = DIRECTION('',(0.,-1.,0.));
#8310 = PLANE('',#8311);
#8311 = AXIS2_PLACEMENT_3D('',#8312,#8313,#8314);
#8312 = CARTESIAN_POINT('',(-25.11649254866,-44.25381063636,
    6.349999904633));
#8313 = DIRECTION('',(0.,0.,1.));
#8314 = DIRECTION('',(1.,0.,-0.));
#8315 = ADVANCED_FACE('',(#8316),#8326,.F.);
#8316 = FACE_BOUND('',#8317,.F.);
#8317 = EDGE_LOOP('',(#8318,#8319,#8325));
#8318 = ORIENTED_EDGE('',*,*,#8299,.F.);
#8319 = ORIENTED_EDGE('',*,*,#8320,.F.);
#8320 = EDGE_CURVE('',#7881,#8209,#8321,.T.);
#8321 = LINE('',#8322,#8323);
#8322 = CARTESIAN_POINT('',(-68.,-33.,6.349999904633));
#8323 = VECTOR('',#8324,1.);
#8324 = DIRECTION('',(1.,0.,0.));
#8325 = ORIENTED_EDGE('',*,*,#7912,.T.);
#8326 = PLANE('',#8327);
#8327 = AXIS2_PLACEMENT_3D('',#8328,#8329,#8330);
#8328 = CARTESIAN_POINT('',(-38.64829916527,-37.97205911663,
    6.349999904633));
#8329 = DIRECTION('',(0.,0.,1.));
#8330 = DIRECTION('',(1.,0.,-0.));
#8331 = ADVANCED_FACE('',(#8332),#8349,.F.);
#8332 = FACE_BOUND('',#8333,.F.);
#8333 = EDGE_LOOP('',(#8334,#8342,#8343));
#8334 = ORIENTED_EDGE('',*,*,#8335,.T.);
#8335 = EDGE_CURVE('',#8336,#7881,#8338,.T.);
#8336 = VERTEX_POINT('',#8337);
#8337 = CARTESIAN_POINT('',(-68.,-33.,1.965094753587E-14));
#8338 = LINE('',#8339,#8340);
#8339 = CARTESIAN_POINT('',(-68.,-33.,1.965094753587E-14));
#8340 = VECTOR('',#8341,1.);
#8341 = DIRECTION('',(0.,0.,1.));
#8342 = ORIENTED_EDGE('',*,*,#8320,.T.);
#8343 = ORIENTED_EDGE('',*,*,#8344,.T.);
#8344 = EDGE_CURVE('',#8209,#8336,#8345,.T.);
#8345 = LINE('',#8346,#8347);
#8346 = CARTESIAN_POINT('',(-9.239000320435,-33.,6.349999904633));
#8347 = VECTOR('',#8348,1.);
#8348 = DIRECTION('',(-0.994211640099,0.,-0.107439353555));
#8349 = PLANE('',#8350);
#8350 = AXIS2_PLACEMENT_3D('',#8351,#8352,#8353);
#8351 = CARTESIAN_POINT('',(-40.12147261874,-33.,4.676972410844));
#8352 = DIRECTION('',(0.,1.,0.));
#8353 = DIRECTION('',(0.,-0.,1.));
#8354 = ADVANCED_FACE('',(#8355),#8372,.F.);
#8355 = FACE_BOUND('',#8356,.F.);
#8356 = EDGE_LOOP('',(#8357,#8365,#8366));
#8357 = ORIENTED_EDGE('',*,*,#8358,.T.);
#8358 = EDGE_CURVE('',#8359,#8260,#8361,.T.);
#8359 = VERTEX_POINT('',#8360);
#8360 = CARTESIAN_POINT('',(-38.99800109863,-61.40999984741,
    6.337999820709));
#8361 = LINE('',#8362,#8363);
#8362 = CARTESIAN_POINT('',(-38.99800109863,-61.40999984741,
    6.337999820709));
#8363 = VECTOR('',#8364,1.);
#8364 = DIRECTION('',(0.,-0.9999973495,2.302388329161E-03));
#8365 = ORIENTED_EDGE('',*,*,#8259,.F.);
#8366 = ORIENTED_EDGE('',*,*,#8367,.T.);
#8367 = EDGE_CURVE('',#8207,#8359,#8368,.T.);
#8368 = LINE('',#8369,#8370);
#8369 = CARTESIAN_POINT('',(-38.99800109863,-61.375,6.349999904633));
#8370 = VECTOR('',#8371,1.);
#8371 = DIRECTION('',(0.,-0.945944816281,-0.324327619162));
#8372 = PLANE('',#8373);
#8373 = AXIS2_PLACEMENT_3D('',#8374,#8375,#8376);
#8374 = CARTESIAN_POINT('',(-38.99800109863,-63.99800426871,
    6.346999308044));
#8375 = DIRECTION('',(-1.,-0.,-0.));
#8376 = DIRECTION('',(0.,0.,-1.));
#8377 = ADVANCED_FACE('',(#8378),#8395,.F.);
#8378 = FACE_BOUND('',#8379,.F.);
#8379 = EDGE_LOOP('',(#8380,#8388,#8389));
#8380 = ORIENTED_EDGE('',*,*,#8381,.T.);
#8381 = EDGE_CURVE('',#8382,#8260,#8384,.T.);
#8382 = VERTEX_POINT('',#8383);
#8383 = CARTESIAN_POINT('',(-38.99800109863,-62.69300079345,
    6.083000183105));
#8384 = LINE('',#8385,#8386);
#8385 = CARTESIAN_POINT('',(-38.99800109863,-62.69300079345,
    6.083000183105));
#8386 = VECTOR('',#8387,1.);
#8387 = DIRECTION('',(0.,-0.997698948397,6.779976672321E-02));
#8388 = ORIENTED_EDGE('',*,*,#8358,.F.);
#8389 = ORIENTED_EDGE('',*,*,#8390,.T.);
#8390 = EDGE_CURVE('',#8359,#8382,#8391,.T.);
#8391 = LINE('',#8392,#8393);
#8392 = CARTESIAN_POINT('',(-38.99800109863,-61.40999984741,
    6.337999820709));
#8393 = VECTOR('',#8394,1.);
#8394 = DIRECTION('',(0.,-0.980815272415,-0.194939481372));
#8395 = PLANE('',#8396);
#8396 = AXIS2_PLACEMENT_3D('',#8397,#8398,#8399);
#8397 = CARTESIAN_POINT('',(-38.99800109863,-64.0118425657,
    6.279291347308));
#8398 = DIRECTION('',(-1.,-0.,-0.));
#8399 = DIRECTION('',(0.,0.,-1.));
#8400 = ADVANCED_FACE('',(#8401),#8418,.F.);
#8401 = FACE_BOUND('',#8402,.F.);
#8402 = EDGE_LOOP('',(#8403,#8411,#8412));
#8403 = ORIENTED_EDGE('',*,*,#8404,.T.);
#8404 = EDGE_CURVE('',#8405,#8260,#8407,.T.);
#8405 = VERTEX_POINT('',#8406);
#8406 = CARTESIAN_POINT('',(-38.99800109863,-63.99900054931,
    5.998000144958));
#8407 = LINE('',#8408,#8409);
#8408 = CARTESIAN_POINT('',(-38.99800109863,-63.99900054931,
    5.998000144958));
#8409 = VECTOR('',#8410,1.);
#8410 = DIRECTION('',(0.,-0.991115361117,0.133005041098));
#8411 = ORIENTED_EDGE('',*,*,#8381,.F.);
#8412 = ORIENTED_EDGE('',*,*,#8413,.T.);
#8413 = EDGE_CURVE('',#8382,#8405,#8414,.T.);
#8414 = LINE('',#8415,#8416);
#8415 = CARTESIAN_POINT('',(-38.99800109863,-62.69300079345,
    6.083000183105));
#8416 = VECTOR('',#8417,1.);
#8417 = DIRECTION('',(0.,-0.997888724128,-6.494685717728E-02));
#8418 = PLANE('',#8419);
#8419 = AXIS2_PLACEMENT_3D('',#8420,#8421,#8422);
#8420 = CARTESIAN_POINT('',(-38.99800109863,-64.65898732331,
    6.173068615019));
#8421 = DIRECTION('',(-1.,-0.,-0.));
#8422 = DIRECTION('',(0.,0.,-1.));
#8423 = ADVANCED_FACE('',(#8424),#8441,.F.);
#8424 = FACE_BOUND('',#8425,.F.);
#8425 = EDGE_LOOP('',(#8426,#8434,#8435));
#8426 = ORIENTED_EDGE('',*,*,#8427,.T.);
#8427 = EDGE_CURVE('',#8428,#8260,#8430,.T.);
#8428 = VERTEX_POINT('',#8429);
#8429 = CARTESIAN_POINT('',(-38.99800109863,-65.30400085449,
    6.083000183105));
#8430 = LINE('',#8431,#8432);
#8431 = CARTESIAN_POINT('',(-38.99800109863,-65.30400085449,
    6.083000183105));
#8432 = VECTOR('',#8433,1.);
#8433 = DIRECTION('',(0.,-0.980091512459,0.198546284795));
#8434 = ORIENTED_EDGE('',*,*,#8404,.F.);
#8435 = ORIENTED_EDGE('',*,*,#8436,.T.);
#8436 = EDGE_CURVE('',#8405,#8428,#8437,.T.);
#8437 = LINE('',#8438,#8439);
#8438 = CARTESIAN_POINT('',(-38.99800109863,-63.99900054931,
    5.998000144958));
#8439 = VECTOR('',#8440,1.);
#8440 = DIRECTION('',(0.,-0.99788549925,6.499638748449E-02));
#8441 = PLANE('',#8442);
#8442 = AXIS2_PLACEMENT_3D('',#8443,#8444,#8445);
#8443 = CARTESIAN_POINT('',(-38.99800109863,-65.31345382997,
    6.151838776043));
#8444 = DIRECTION('',(-1.,-0.,-0.));
#8445 = DIRECTION('',(0.,0.,-1.));
#8446 = ADVANCED_FACE('',(#8447),#8464,.F.);
#8447 = FACE_BOUND('',#8448,.F.);
#8448 = EDGE_LOOP('',(#8449,#8457,#8458));
#8449 = ORIENTED_EDGE('',*,*,#8450,.T.);
#8450 = EDGE_CURVE('',#8451,#8260,#8453,.T.);
#8451 = VERTEX_POINT('',#8452);
#8452 = CARTESIAN_POINT('',(-38.99800109863,-66.58699798584,
    6.337999820709));
#8453 = LINE('',#8454,#8455);
#8454 = CARTESIAN_POINT('',(-38.99800109863,-66.58699798584,
    6.337999820709));
#8455 = VECTOR('',#8456,1.);
#8456 = DIRECTION('',(0.,-0.945955659646,0.324295991318));
#8457 = ORIENTED_EDGE('',*,*,#8427,.F.);
#8458 = ORIENTED_EDGE('',*,*,#8459,.T.);
#8459 = EDGE_CURVE('',#8428,#8451,#8460,.T.);
#8460 = LINE('',#8461,#8462);
#8461 = CARTESIAN_POINT('',(-38.99800109863,-65.30400085449,
    6.083000183105));
#8462 = VECTOR('',#8463,1.);
#8463 = DIRECTION('',(0.,-0.980815161594,0.194940038954));
#8464 = PLANE('',#8465);
#8465 = AXIS2_PLACEMENT_3D('',#8466,#8467,#8468);
#8466 = CARTESIAN_POINT('',(-38.99800109863,-65.96331489827,
    6.21533616857));
#8467 = DIRECTION('',(-1.,-0.,-0.));
#8468 = DIRECTION('',(0.,0.,-1.));
#8469 = ADVANCED_FACE('',(#8470),#8487,.F.);
#8470 = FACE_BOUND('',#8471,.F.);
#8471 = EDGE_LOOP('',(#8472,#8480,#8486));
#8472 = ORIENTED_EDGE('',*,*,#8473,.T.);
#8473 = EDGE_CURVE('',#8451,#8474,#8476,.T.);
#8474 = VERTEX_POINT('',#8475);
#8475 = CARTESIAN_POINT('',(-59.00299835205,-66.58699798584,
    6.337999820709));
#8476 = LINE('',#8477,#8478);
#8477 = CARTESIAN_POINT('',(-38.99800109863,-66.58699798584,
    6.337999820709));
#8478 = VECTOR('',#8479,1.);
#8479 = DIRECTION('',(-1.,0.,0.));
#8480 = ORIENTED_EDGE('',*,*,#8481,.T.);
#8481 = EDGE_CURVE('',#8474,#8260,#8482,.T.);
#8482 = LINE('',#8483,#8484);
#8483 = CARTESIAN_POINT('',(-59.00299835205,-66.58699798584,
    6.337999820709));
#8484 = VECTOR('',#8485,1.);
#8485 = DIRECTION('',(0.999998289286,-1.749742915968E-03,
    5.998532887868E-04));
#8486 = ORIENTED_EDGE('',*,*,#8450,.F.);
#8487 = PLANE('',#8488);
#8488 = AXIS2_PLACEMENT_3D('',#8489,#8490,#8491);
#8489 = CARTESIAN_POINT('',(-48.99125740821,-66.59575699469,
    6.341002616276));
#8490 = DIRECTION('',(0.,0.324295991318,0.945955659646));
#8491 = DIRECTION('',(0.,0.945955659646,-0.324295991318));
#8492 = ADVANCED_FACE('',(#8493),#8510,.F.);
#8493 = FACE_BOUND('',#8494,.F.);
#8494 = EDGE_LOOP('',(#8495,#8496,#8504));
#8495 = ORIENTED_EDGE('',*,*,#8413,.F.);
#8496 = ORIENTED_EDGE('',*,*,#8497,.T.);
#8497 = EDGE_CURVE('',#8382,#8498,#8500,.T.);
#8498 = VERTEX_POINT('',#8499);
#8499 = CARTESIAN_POINT('',(-59.00299835205,-62.69300079345,
    6.083000183105));
#8500 = LINE('',#8501,#8502);
#8501 = CARTESIAN_POINT('',(-38.99800109863,-62.69300079345,
    6.083000183105));
#8502 = VECTOR('',#8503,1.);
#8503 = DIRECTION('',(-1.,0.,0.));
#8504 = ORIENTED_EDGE('',*,*,#8505,.T.);
#8505 = EDGE_CURVE('',#8498,#8405,#8506,.T.);
#8506 = LINE('',#8507,#8508);
#8507 = CARTESIAN_POINT('',(-59.00299835205,-62.69300079345,
    6.083000183105));
#8508 = VECTOR('',#8509,1.);
#8509 = DIRECTION('',(0.997866839116,-6.51444152557E-02,
    -4.239876582636E-03));
#8510 = PLANE('',#8511);
#8511 = AXIS2_PLACEMENT_3D('',#8512,#8513,#8514);
#8512 = CARTESIAN_POINT('',(-48.6840002721,-63.0301694358,6.061055808818
    ));
#8513 = DIRECTION('',(0.,-6.494685717728E-02,0.997888724128));
#8514 = DIRECTION('',(0.,0.997888724128,6.494685717728E-02));
#8515 = ADVANCED_FACE('',(#8516),#8533,.F.);
#8516 = FACE_BOUND('',#8517,.F.);
#8517 = EDGE_LOOP('',(#8518,#8519,#8527));
#8518 = ORIENTED_EDGE('',*,*,#8087,.F.);
#8519 = ORIENTED_EDGE('',*,*,#8520,.T.);
#8520 = EDGE_CURVE('',#8088,#8521,#8523,.T.);
#8521 = VERTEX_POINT('',#8522);
#8522 = CARTESIAN_POINT('',(-38.99800109863,-56.58599853515,
    6.337999820709));
#8523 = LINE('',#8524,#8525);
#8524 = CARTESIAN_POINT('',(-38.99800109863,-55.3030014038,
    6.083000183105));
#8525 = VECTOR('',#8526,1.);
#8526 = DIRECTION('',(0.,-0.980815161594,0.194940038954));
#8527 = ORIENTED_EDGE('',*,*,#8528,.T.);
#8528 = EDGE_CURVE('',#8521,#7905,#8529,.T.);
#8529 = LINE('',#8530,#8531);
#8530 = CARTESIAN_POINT('',(-38.99800109863,-56.58599853515,
    6.337999820709));
#8531 = VECTOR('',#8532,1.);
#8532 = DIRECTION('',(0.,0.99999734848,2.302831602027E-03));
#8533 = PLANE('',#8534);
#8534 = AXIS2_PLACEMENT_3D('',#8535,#8536,#8537);
#8535 = CARTESIAN_POINT('',(-38.99800109863,-53.98465692146,
    6.279291151262));
#8536 = DIRECTION('',(-1.,-0.,-0.));
#8537 = DIRECTION('',(0.,0.,-1.));
#8538 = ADVANCED_FACE('',(#8539),#8549,.F.);
#8539 = FACE_BOUND('',#8540,.F.);
#8540 = EDGE_LOOP('',(#8541,#8547,#8548));
#8541 = ORIENTED_EDGE('',*,*,#8542,.T.);
#8542 = EDGE_CURVE('',#8521,#8217,#8543,.T.);
#8543 = LINE('',#8544,#8545);
#8544 = CARTESIAN_POINT('',(-38.99800109863,-56.58599853515,
    6.337999820709));
#8545 = VECTOR('',#8546,1.);
#8546 = DIRECTION('',(0.,-0.945944816281,0.324327619162));
#8547 = ORIENTED_EDGE('',*,*,#8305,.F.);
#8548 = ORIENTED_EDGE('',*,*,#8528,.F.);
#8549 = PLANE('',#8550);
#8550 = AXIS2_PLACEMENT_3D('',#8551,#8552,#8553);
#8551 = CARTESIAN_POINT('',(-38.99800109863,-53.99849574587,
    6.346999307933));
#8552 = DIRECTION('',(-1.,-0.,-0.));
#8553 = DIRECTION('',(0.,0.,-1.));
#8554 = ADVANCED_FACE('',(#8555),#8565,.F.);
#8555 = FACE_BOUND('',#8556,.F.);
#8556 = EDGE_LOOP('',(#8557,#8558,#8564));
#8557 = ORIENTED_EDGE('',*,*,#8190,.F.);
#8558 = ORIENTED_EDGE('',*,*,#8559,.T.);
#8559 = EDGE_CURVE('',#7927,#8521,#8560,.T.);
#8560 = LINE('',#8561,#8562);
#8561 = CARTESIAN_POINT('',(-59.00299835205,-55.3030014038,
    6.083000183105));
#8562 = VECTOR('',#8563,1.);
#8563 = DIRECTION('',(0.997869016428,-6.399716377462E-02,
    1.27196337166E-02));
#8564 = ORIENTED_EDGE('',*,*,#8520,.F.);
#8565 = PLANE('',#8566);
#8566 = AXIS2_PLACEMENT_3D('',#8567,#8568,#8569);
#8567 = CARTESIAN_POINT('',(-48.68415689559,-55.6342261258,
    6.148832118354));
#8568 = DIRECTION('',(0.,0.194940038954,0.980815161594));
#8569 = DIRECTION('',(0.,0.980815161594,-0.194940038954));
#8570 = ADVANCED_FACE('',(#8571),#8588,.F.);
#8571 = FACE_BOUND('',#8572,.F.);
#8572 = EDGE_LOOP('',(#8573,#8581,#8582));
#8573 = ORIENTED_EDGE('',*,*,#8574,.T.);
#8574 = EDGE_CURVE('',#8575,#7851,#8577,.T.);
#8575 = VERTEX_POINT('',#8576);
#8576 = CARTESIAN_POINT('',(-59.00299835205,-61.375,6.349999904633));
#8577 = LINE('',#8578,#8579);
#8578 = CARTESIAN_POINT('',(-59.00299835205,-61.375,6.349999904633));
#8579 = VECTOR('',#8580,1.);
#8580 = DIRECTION('',(0.,1.,0.));
#8581 = ORIENTED_EDGE('',*,*,#7880,.F.);
#8582 = ORIENTED_EDGE('',*,*,#8583,.T.);
#8583 = EDGE_CURVE('',#7881,#8575,#8584,.T.);
#8584 = LINE('',#8585,#8586);
#8585 = CARTESIAN_POINT('',(-68.,-33.,6.349999904633));
#8586 = VECTOR('',#8587,1.);
#8587 = DIRECTION('',(0.302245400069,-0.953230149616,0.));
#8588 = PLANE('',#8589);
#8589 = AXIS2_PLACEMENT_3D('',#8590,#8591,#8592);
#8590 = CARTESIAN_POINT('',(-63.14386160745,-47.12169559465,
    6.349999904633));
#8591 = DIRECTION('',(0.,0.,1.));
#8592 = DIRECTION('',(1.,0.,-0.));
#8593 = ADVANCED_FACE('',(#8594),#8611,.F.);
#8594 = FACE_BOUND('',#8595,.F.);
#8595 = EDGE_LOOP('',(#8596,#8604,#8610));
#8596 = ORIENTED_EDGE('',*,*,#8597,.T.);
#8597 = EDGE_CURVE('',#8405,#8598,#8600,.T.);
#8598 = VERTEX_POINT('',#8599);
#8599 = CARTESIAN_POINT('',(-59.00299835205,-63.99900054931,
    5.998000144958));
#8600 = LINE('',#8601,#8602);
#8601 = CARTESIAN_POINT('',(-38.99800109863,-63.99900054931,
    5.998000144958));
#8602 = VECTOR('',#8603,1.);
#8603 = DIRECTION('',(-1.,0.,0.));
#8604 = ORIENTED_EDGE('',*,*,#8605,.T.);
#8605 = EDGE_CURVE('',#8598,#8428,#8606,.T.);
#8606 = LINE('',#8607,#8608);
#8607 = CARTESIAN_POINT('',(-59.00299835205,-63.99900054931,
    5.998000144958));
#8608 = VECTOR('',#8609,1.);
#8609 = DIRECTION('',(0.99787007864,-6.509477310366E-02,
    4.239890347178E-03));
#8610 = ORIENTED_EDGE('',*,*,#8436,.F.);
#8611 = PLANE('',#8612);
#8612 = AXIS2_PLACEMENT_3D('',#8613,#8614,#8615);
#8613 = CARTESIAN_POINT('',(-48.68423333588,-64.33590305796,
    6.019943991235));
#8614 = DIRECTION('',(0.,6.499638748449E-02,0.99788549925));
#8615 = DIRECTION('',(0.,0.99788549925,-6.499638748449E-02));
#8616 = ADVANCED_FACE('',(#8617),#8627,.F.);
#8617 = FACE_BOUND('',#8618,.F.);
#8618 = EDGE_LOOP('',(#8619,#8625,#8626));
#8619 = ORIENTED_EDGE('',*,*,#8620,.T.);
#8620 = EDGE_CURVE('',#8428,#8474,#8621,.T.);
#8621 = LINE('',#8622,#8623);
#8622 = CARTESIAN_POINT('',(-38.99800109863,-65.30400085449,
    6.083000183105));
#8623 = VECTOR('',#8624,1.);
#8624 = DIRECTION('',(-0.997869016428,-6.399716377462E-02,
    1.27196337166E-02));
#8625 = ORIENTED_EDGE('',*,*,#8473,.F.);
#8626 = ORIENTED_EDGE('',*,*,#8459,.F.);
#8627 = PLANE('',#8628);
#8628 = AXIS2_PLACEMENT_3D('',#8629,#8630,#8631);
#8629 = CARTESIAN_POINT('',(-48.68415689559,-66.25577326384,
    6.27216788546));
#8630 = DIRECTION('',(0.,0.194940038954,0.980815161594));
#8631 = DIRECTION('',(0.,0.980815161594,-0.194940038954));
#8632 = ADVANCED_FACE('',(#8633),#8648,.F.);
#8633 = FACE_BOUND('',#8634,.F.);
#8634 = EDGE_LOOP('',(#8635,#8641,#8642));
#8635 = ORIENTED_EDGE('',*,*,#8636,.T.);
#8636 = EDGE_CURVE('',#8575,#8207,#8637,.T.);
#8637 = LINE('',#8638,#8639);
#8638 = CARTESIAN_POINT('',(-59.00299835205,-61.375,6.349999904633));
#8639 = VECTOR('',#8640,1.);
#8640 = DIRECTION('',(1.,0.,0.));
#8641 = ORIENTED_EDGE('',*,*,#8224,.F.);
#8642 = ORIENTED_EDGE('',*,*,#8643,.T.);
#8643 = EDGE_CURVE('',#8217,#8575,#8644,.T.);
#8644 = LINE('',#8645,#8646);
#8645 = CARTESIAN_POINT('',(-38.99800109863,-56.62099838256,
    6.349999904633));
#8646 = VECTOR('',#8647,1.);
#8647 = DIRECTION('',(-0.9729057664,-0.231202010602,0.));
#8648 = PLANE('',#8649);
#8649 = AXIS2_PLACEMENT_3D('',#8650,#8651,#8652);
#8650 = CARTESIAN_POINT('',(-47.95127798688,-60.04722092974,
    6.349999904633));
#8651 = DIRECTION('',(0.,0.,1.));
#8652 = DIRECTION('',(1.,0.,-0.));
#8653 = ADVANCED_FACE('',(#8654),#8664,.F.);
#8654 = FACE_BOUND('',#8655,.F.);
#8655 = EDGE_LOOP('',(#8656,#8657,#8663));
#8656 = ORIENTED_EDGE('',*,*,#8643,.F.);
#8657 = ORIENTED_EDGE('',*,*,#8658,.T.);
#8658 = EDGE_CURVE('',#8217,#7851,#8659,.T.);
#8659 = LINE('',#8660,#8661);
#8660 = CARTESIAN_POINT('',(-38.99800109863,-56.62099838256,
    6.349999904633));
#8661 = VECTOR('',#8662,1.);
#8662 = DIRECTION('',(-1.,0.,0.));
#8663 = ORIENTED_EDGE('',*,*,#8574,.F.);
#8664 = PLANE('',#8665);
#8665 = AXIS2_PLACEMENT_3D('',#8666,#8667,#8668);
#8666 = CARTESIAN_POINT('',(-50.0497214638,-57.94877745282,
    6.349999904633));
#8667 = DIRECTION('',(0.,0.,1.));
#8668 = DIRECTION('',(1.,0.,-0.));
#8669 = ADVANCED_FACE('',(#8670),#8680,.F.);
#8670 = FACE_BOUND('',#8671,.F.);
#8671 = EDGE_LOOP('',(#8672,#8673,#8679));
#8672 = ORIENTED_EDGE('',*,*,#8636,.F.);
#8673 = ORIENTED_EDGE('',*,*,#8674,.F.);
#8674 = EDGE_CURVE('',#8359,#8575,#8675,.T.);
#8675 = LINE('',#8676,#8677);
#8676 = CARTESIAN_POINT('',(-38.99800109863,-61.40999984741,
    6.337999820709));
#8677 = VECTOR('',#8678,1.);
#8678 = DIRECTION('',(-0.99999828962,1.749552229661E-03,
    5.998532889869E-04));
#8679 = ORIENTED_EDGE('',*,*,#8367,.F.);
#8680 = PLANE('',#8681);
#8681 = AXIS2_PLACEMENT_3D('',#8682,#8683,#8684);
#8682 = CARTESIAN_POINT('',(-48.99125830867,-61.38375805351,
    6.346997109337));
#8683 = DIRECTION('',(0.,-0.324327619162,0.945944816281));
#8684 = DIRECTION('',(0.,0.945944816281,0.324327619162));
#8685 = ADVANCED_FACE('',(#8686),#8710,.F.);
#8686 = FACE_BOUND('',#8687,.F.);
#8687 = EDGE_LOOP('',(#8688,#8696,#8704));
#8688 = ORIENTED_EDGE('',*,*,#8689,.T.);
#8689 = EDGE_CURVE('',#8690,#8498,#8692,.T.);
#8690 = VERTEX_POINT('',#8691);
#8691 = CARTESIAN_POINT('',(-59.00299835205,-66.62200164794,
    6.349999904633));
#8692 = LINE('',#8693,#8694);
#8693 = CARTESIAN_POINT('',(-59.00299835205,-66.62200164794,
    6.349999904633));
#8694 = VECTOR('',#8695,1.);
#8695 = DIRECTION('',(0.,0.997698948397,-6.779976672321E-02));
#8696 = ORIENTED_EDGE('',*,*,#8697,.T.);
#8697 = EDGE_CURVE('',#8498,#8698,#8700,.T.);
#8698 = VERTEX_POINT('',#8699);
#8699 = CARTESIAN_POINT('',(-59.00299835205,-61.40999984741,
    6.337999820709));
#8700 = LINE('',#8701,#8702);
#8701 = CARTESIAN_POINT('',(-59.00299835205,-62.69300079345,
    6.083000183105));
#8702 = VECTOR('',#8703,1.);
#8703 = DIRECTION('',(0.,0.980815272415,0.194939481372));
#8704 = ORIENTED_EDGE('',*,*,#8705,.T.);
#8705 = EDGE_CURVE('',#8698,#8690,#8706,.T.);
#8706 = LINE('',#8707,#8708);
#8707 = CARTESIAN_POINT('',(-59.00299835205,-61.40999984741,
    6.337999820709));
#8708 = VECTOR('',#8709,1.);
#8709 = DIRECTION('',(0.,-0.9999973495,2.302388329161E-03));
#8710 = PLANE('',#8711);
#8711 = AXIS2_PLACEMENT_3D('',#8712,#8713,#8714);
#8712 = CARTESIAN_POINT('',(-59.00299835205,-64.0118425657,
    6.279291347308));
#8713 = DIRECTION('',(1.,0.,0.));
#8714 = DIRECTION('',(-0.,0.,1.));
#8715 = ADVANCED_FACE('',(#8716),#8731,.F.);
#8716 = FACE_BOUND('',#8717,.F.);
#8717 = EDGE_LOOP('',(#8718,#8724,#8730));
#8718 = ORIENTED_EDGE('',*,*,#8719,.T.);
#8719 = EDGE_CURVE('',#8698,#8575,#8720,.T.);
#8720 = LINE('',#8721,#8722);
#8721 = CARTESIAN_POINT('',(-59.00299835205,-61.40999984741,
    6.337999820709));
#8722 = VECTOR('',#8723,1.);
#8723 = DIRECTION('',(0.,0.945944816281,0.324327619162));
#8724 = ORIENTED_EDGE('',*,*,#8725,.T.);
#8725 = EDGE_CURVE('',#8575,#8690,#8726,.T.);
#8726 = LINE('',#8727,#8728);
#8727 = CARTESIAN_POINT('',(-59.00299835205,-61.375,6.349999904633));
#8728 = VECTOR('',#8729,1.);
#8729 = DIRECTION('',(0.,-1.,0.));
#8730 = ORIENTED_EDGE('',*,*,#8705,.F.);
#8731 = PLANE('',#8732);
#8732 = AXIS2_PLACEMENT_3D('',#8733,#8734,#8735);
#8733 = CARTESIAN_POINT('',(-59.00299835205,-63.99800426871,
    6.346999308044));
#8734 = DIRECTION('',(1.,0.,0.));
#8735 = DIRECTION('',(-0.,0.,1.));
#8736 = ADVANCED_FACE('',(#8737),#8747,.F.);
#8737 = FACE_BOUND('',#8738,.F.);
#8738 = EDGE_LOOP('',(#8739,#8740,#8741));
#8739 = ORIENTED_EDGE('',*,*,#8674,.T.);
#8740 = ORIENTED_EDGE('',*,*,#8719,.F.);
#8741 = ORIENTED_EDGE('',*,*,#8742,.T.);
#8742 = EDGE_CURVE('',#8698,#8359,#8743,.T.);
#8743 = LINE('',#8744,#8745);
#8744 = CARTESIAN_POINT('',(-59.00299835205,-61.40999984741,
    6.337999820709));
#8745 = VECTOR('',#8746,1.);
#8746 = DIRECTION('',(1.,0.,0.));
#8747 = PLANE('',#8748);
#8748 = AXIS2_PLACEMENT_3D('',#8749,#8750,#8751);
#8749 = CARTESIAN_POINT('',(-49.00974114201,-61.40124179389,
    6.341002616005));
#8750 = DIRECTION('',(0.,-0.324327619162,0.945944816281));
#8751 = DIRECTION('',(0.,0.945944816281,0.324327619162));
#8752 = ADVANCED_FACE('',(#8753),#8763,.F.);
#8753 = FACE_BOUND('',#8754,.F.);
#8754 = EDGE_LOOP('',(#8755,#8761,#8762));
#8755 = ORIENTED_EDGE('',*,*,#8756,.T.);
#8756 = EDGE_CURVE('',#8498,#8359,#8757,.T.);
#8757 = LINE('',#8758,#8759);
#8758 = CARTESIAN_POINT('',(-59.00299835205,-62.69300079345,
    6.083000183105));
#8759 = VECTOR('',#8760,1.);
#8760 = DIRECTION('',(0.997869004276,6.399735327616E-02,
    1.271963356171E-02));
#8761 = ORIENTED_EDGE('',*,*,#8742,.F.);
#8762 = ORIENTED_EDGE('',*,*,#8697,.F.);
#8763 = PLANE('',#8764);
#8764 = AXIS2_PLACEMENT_3D('',#8765,#8766,#8767);
#8765 = CARTESIAN_POINT('',(-49.31684342943,-61.74122558413,
    6.272167879518));
#8766 = DIRECTION('',(0.,-0.194939481372,0.980815272415));
#8767 = DIRECTION('',(0.,0.980815272415,0.194939481372));
#8768 = ADVANCED_FACE('',(#8769),#8774,.F.);
#8769 = FACE_BOUND('',#8770,.F.);
#8770 = EDGE_LOOP('',(#8771,#8772,#8773));
#8771 = ORIENTED_EDGE('',*,*,#8390,.F.);
#8772 = ORIENTED_EDGE('',*,*,#8756,.F.);
#8773 = ORIENTED_EDGE('',*,*,#8497,.F.);
#8774 = PLANE('',#8775);
#8775 = AXIS2_PLACEMENT_3D('',#8776,#8777,#8778);
#8776 = CARTESIAN_POINT('',(-48.68415602125,-62.36177505673,
    6.148832124297));
#8777 = DIRECTION('',(0.,-0.194939481372,0.980815272415));
#8778 = DIRECTION('',(0.,0.980815272415,0.194939481372));
#8779 = ADVANCED_FACE('',(#8780),#8797,.F.);
#8780 = FACE_BOUND('',#8781,.F.);
#8781 = EDGE_LOOP('',(#8782,#8790,#8791));
#8782 = ORIENTED_EDGE('',*,*,#8783,.T.);
#8783 = EDGE_CURVE('',#8784,#7335,#8786,.T.);
#8784 = VERTEX_POINT('',#8785);
#8785 = CARTESIAN_POINT('',(-59.00299835205,-71.37599945068,
    6.349999904633));
#8786 = LINE('',#8787,#8788);
#8787 = CARTESIAN_POINT('',(-59.00299835205,-71.37599945068,
    6.349999904633));
#8788 = VECTOR('',#8789,1.);
#8789 = DIRECTION('',(1.,0.,0.));
#8790 = ORIENTED_EDGE('',*,*,#8282,.F.);
#8791 = ORIENTED_EDGE('',*,*,#8792,.T.);
#8792 = EDGE_CURVE('',#8260,#8784,#8793,.T.);
#8793 = LINE('',#8794,#8795);
#8794 = CARTESIAN_POINT('',(-38.99800109863,-66.62200164794,
    6.349999904633));
#8795 = VECTOR('',#8796,1.);
#8796 = DIRECTION('',(-0.97290580813,-0.231201834998,0.));
#8797 = PLANE('',#8798);
#8798 = AXIS2_PLACEMENT_3D('',#8799,#8800,#8801);
#8799 = CARTESIAN_POINT('',(-47.95127872006,-70.04822155459,
    6.349999904633));
#8800 = DIRECTION('',(0.,0.,1.));
#8801 = DIRECTION('',(1.,0.,-0.));
#8802 = ADVANCED_FACE('',(#8803),#8813,.F.);
#8803 = FACE_BOUND('',#8804,.F.);
#8804 = EDGE_LOOP('',(#8805,#8811,#8812));
#8805 = ORIENTED_EDGE('',*,*,#8806,.T.);
#8806 = EDGE_CURVE('',#7859,#7927,#8807,.T.);
#8807 = LINE('',#8808,#8809);
#8808 = CARTESIAN_POINT('',(-59.00299835205,-56.58599853515,
    6.337999820709));
#8809 = VECTOR('',#8810,1.);
#8810 = DIRECTION('',(0.,0.980815161594,-0.194940038954));
#8811 = ORIENTED_EDGE('',*,*,#7942,.F.);
#8812 = ORIENTED_EDGE('',*,*,#7866,.F.);
#8813 = PLANE('',#8814);
#8814 = AXIS2_PLACEMENT_3D('',#8815,#8816,#8817);
#8815 = CARTESIAN_POINT('',(-59.00299835205,-53.98465692146,
    6.279291151262));
#8816 = DIRECTION('',(1.,0.,0.));
#8817 = DIRECTION('',(-0.,0.,1.));
#8818 = ADVANCED_FACE('',(#8819),#8834,.F.);
#8819 = FACE_BOUND('',#8820,.F.);
#8820 = EDGE_LOOP('',(#8821,#8822,#8828));
#8821 = ORIENTED_EDGE('',*,*,#8792,.F.);
#8822 = ORIENTED_EDGE('',*,*,#8823,.T.);
#8823 = EDGE_CURVE('',#8260,#8690,#8824,.T.);
#8824 = LINE('',#8825,#8826);
#8825 = CARTESIAN_POINT('',(-38.99800109863,-66.62200164794,
    6.349999904633));
#8826 = VECTOR('',#8827,1.);
#8827 = DIRECTION('',(-1.,0.,0.));
#8828 = ORIENTED_EDGE('',*,*,#8829,.T.);
#8829 = EDGE_CURVE('',#8690,#8784,#8830,.T.);
#8830 = LINE('',#8831,#8832);
#8831 = CARTESIAN_POINT('',(-59.00299835205,-66.62200164794,
    6.349999904633));
#8832 = VECTOR('',#8833,1.);
#8833 = DIRECTION('',(0.,-1.,0.));
#8834 = PLANE('',#8835);
#8835 = AXIS2_PLACEMENT_3D('',#8836,#8837,#8838);
#8836 = CARTESIAN_POINT('',(-50.04972073061,-67.94977954404,
    6.349999904633));
#8837 = DIRECTION('',(0.,0.,1.));
#8838 = DIRECTION('',(1.,0.,-0.));
#8839 = ADVANCED_FACE('',(#8840),#8850,.F.);
#8840 = FACE_BOUND('',#8841,.F.);
#8841 = EDGE_LOOP('',(#8842,#8848,#8849));
#8842 = ORIENTED_EDGE('',*,*,#8843,.T.);
#8843 = EDGE_CURVE('',#7881,#8690,#8844,.T.);
#8844 = LINE('',#8845,#8846);
#8845 = CARTESIAN_POINT('',(-68.,-33.,6.349999904633));
#8846 = VECTOR('',#8847,1.);
#8847 = DIRECTION('',(0.258497708865,-0.966011870792,0.));
#8848 = ORIENTED_EDGE('',*,*,#8725,.F.);
#8849 = ORIENTED_EDGE('',*,*,#8583,.F.);
#8850 = PLANE('',#8851);
#8851 = AXIS2_PLACEMENT_3D('',#8852,#8853,#8854);
#8852 = CARTESIAN_POINT('',(-63.16343095765,-49.75868770361,
    6.349999904633));
#8853 = DIRECTION('',(0.,0.,1.));
#8854 = DIRECTION('',(1.,0.,-0.));
#8855 = ADVANCED_FACE('',(#8856),#8866,.F.);
#8856 = FACE_BOUND('',#8857,.F.);
#8857 = EDGE_LOOP('',(#8858,#8864,#8865));
#8858 = ORIENTED_EDGE('',*,*,#8859,.T.);
#8859 = EDGE_CURVE('',#7859,#8521,#8860,.T.);
#8860 = LINE('',#8861,#8862);
#8861 = CARTESIAN_POINT('',(-59.00299835205,-56.58599853515,
    6.337999820709));
#8862 = VECTOR('',#8863,1.);
#8863 = DIRECTION('',(1.,0.,0.));
#8864 = ORIENTED_EDGE('',*,*,#8559,.F.);
#8865 = ORIENTED_EDGE('',*,*,#8806,.F.);
#8866 = PLANE('',#8867);
#8867 = AXIS2_PLACEMENT_3D('',#8868,#8869,#8870);
#8868 = CARTESIAN_POINT('',(-49.31684255508,-56.25477381315,
    6.27216788546));
#8869 = DIRECTION('',(0.,0.194940038954,0.980815161594));
#8870 = DIRECTION('',(0.,0.980815161594,-0.194940038954));
#8871 = ADVANCED_FACE('',(#8872),#8882,.F.);
#8872 = FACE_BOUND('',#8873,.F.);
#8873 = EDGE_LOOP('',(#8874,#8875,#8876));
#8874 = ORIENTED_EDGE('',*,*,#7858,.F.);
#8875 = ORIENTED_EDGE('',*,*,#8658,.F.);
#8876 = ORIENTED_EDGE('',*,*,#8877,.T.);
#8877 = EDGE_CURVE('',#8217,#7859,#8878,.T.);
#8878 = LINE('',#8879,#8880);
#8879 = CARTESIAN_POINT('',(-38.99800109863,-56.62099838256,
    6.349999904633));
#8880 = VECTOR('',#8881,1.);
#8881 = DIRECTION('',(-0.99999828962,1.749552229661E-03,
    -5.998532889869E-04));
#8882 = PLANE('',#8883);
#8883 = AXIS2_PLACEMENT_3D('',#8884,#8885,#8886);
#8884 = CARTESIAN_POINT('',(-49.00974114201,-56.61224032905,
    6.346997109337));
#8885 = DIRECTION('',(0.,0.324327619162,0.945944816281));
#8886 = DIRECTION('',(0.,0.945944816281,-0.324327619162));
#8887 = ADVANCED_FACE('',(#8888),#8893,.F.);
#8888 = FACE_BOUND('',#8889,.F.);
#8889 = EDGE_LOOP('',(#8890,#8891,#8892));
#8890 = ORIENTED_EDGE('',*,*,#8542,.F.);
#8891 = ORIENTED_EDGE('',*,*,#8859,.F.);
#8892 = ORIENTED_EDGE('',*,*,#8877,.F.);
#8893 = PLANE('',#8894);
#8894 = AXIS2_PLACEMENT_3D('',#8895,#8896,#8897);
#8895 = CARTESIAN_POINT('',(-48.99125830867,-56.59475658867,
    6.341002616005));
#8896 = DIRECTION('',(0.,0.324327619162,0.945944816281));
#8897 = DIRECTION('',(0.,0.945944816281,-0.324327619162));
#8898 = ADVANCED_FACE('',(#8899),#8916,.F.);
#8899 = FACE_BOUND('',#8900,.F.);
#8900 = EDGE_LOOP('',(#8901,#8909,#8915));
#8901 = ORIENTED_EDGE('',*,*,#8902,.T.);
#8902 = EDGE_CURVE('',#7763,#8903,#8905,.T.);
#8903 = VERTEX_POINT('',#8904);
#8904 = CARTESIAN_POINT('',(12.751999855042,-79.24800109863,
    6.349999904633));
#8905 = LINE('',#8906,#8907);
#8906 = CARTESIAN_POINT('',(-16.96299934387,-79.24800109863,
    6.349999904633));
#8907 = VECTOR('',#8908,1.);
#8908 = DIRECTION('',(1.,0.,0.));
#8909 = ORIENTED_EDGE('',*,*,#8910,.T.);
#8910 = EDGE_CURVE('',#8903,#8209,#8911,.T.);
#8911 = LINE('',#8912,#8913);
#8912 = CARTESIAN_POINT('',(12.751999855042,-79.24800109863,
    6.349999904633));
#8913 = VECTOR('',#8914,1.);
#8914 = DIRECTION('',(-0.429426409023,0.903101854296,0.));
#8915 = ORIENTED_EDGE('',*,*,#8238,.F.);
#8916 = PLANE('',#8917);
#8917 = AXIS2_PLACEMENT_3D('',#8918,#8919,#8920);
#8918 = CARTESIAN_POINT('',(-4.591848972507,-61.50002401671,
    6.349999904633));
#8919 = DIRECTION('',(0.,0.,1.));
#8920 = DIRECTION('',(1.,0.,-0.));
#8921 = ADVANCED_FACE('',(#8922),#8939,.F.);
#8922 = FACE_BOUND('',#8923,.F.);
#8923 = EDGE_LOOP('',(#8924,#8925,#8933));
#8924 = ORIENTED_EDGE('',*,*,#8910,.F.);
#8925 = ORIENTED_EDGE('',*,*,#8926,.T.);
#8926 = EDGE_CURVE('',#8903,#8927,#8929,.T.);
#8927 = VERTEX_POINT('',#8928);
#8928 = CARTESIAN_POINT('',(28.997999191284,-62.375,6.349999904633));
#8929 = LINE('',#8930,#8931);
#8930 = CARTESIAN_POINT('',(12.751999855042,-79.24800109863,
    6.349999904633));
#8931 = VECTOR('',#8932,1.);
#8932 = DIRECTION('',(0.693595702813,0.720364491796,0.));
#8933 = ORIENTED_EDGE('',*,*,#8934,.F.);
#8934 = EDGE_CURVE('',#8209,#8927,#8935,.T.);
#8935 = LINE('',#8936,#8937);
#8936 = CARTESIAN_POINT('',(-9.239000320435,-33.,6.349999904633));
#8937 = VECTOR('',#8938,1.);
#8938 = DIRECTION('',(0.793005462523,-0.609214524128,0.));
#8939 = PLANE('',#8940);
#8940 = AXIS2_PLACEMENT_3D('',#8941,#8942,#8943);
#8941 = CARTESIAN_POINT('',(8.589853796057,-55.61308538453,
    6.349999904633));
#8942 = DIRECTION('',(0.,0.,1.));
#8943 = DIRECTION('',(1.,0.,-0.));
#8944 = ADVANCED_FACE('',(#8945),#8969,.F.);
#8945 = FACE_BOUND('',#8946,.F.);
#8946 = EDGE_LOOP('',(#8947,#8955,#8963));
#8947 = ORIENTED_EDGE('',*,*,#8948,.T.);
#8948 = EDGE_CURVE('',#8949,#8927,#8951,.T.);
#8949 = VERTEX_POINT('',#8950);
#8950 = CARTESIAN_POINT('',(28.997999191284,-67.58699798584,
    6.337999820709));
#8951 = LINE('',#8952,#8953);
#8952 = CARTESIAN_POINT('',(28.997999191284,-67.58699798584,
    6.337999820709));
#8953 = VECTOR('',#8954,1.);
#8954 = DIRECTION('',(0.,0.999997349497,2.302390014286E-03));
#8955 = ORIENTED_EDGE('',*,*,#8956,.T.);
#8956 = EDGE_CURVE('',#8927,#8957,#8959,.T.);
#8957 = VERTEX_POINT('',#8958);
#8958 = CARTESIAN_POINT('',(28.997999191284,-67.62200164794,
    6.349999904633));
#8959 = LINE('',#8960,#8961);
#8960 = CARTESIAN_POINT('',(28.997999191284,-62.375,6.349999904633));
#8961 = VECTOR('',#8962,1.);
#8962 = DIRECTION('',(0.,-1.,0.));
#8963 = ORIENTED_EDGE('',*,*,#8964,.T.);
#8964 = EDGE_CURVE('',#8957,#8949,#8965,.T.);
#8965 = LINE('',#8966,#8967);
#8966 = CARTESIAN_POINT('',(28.997999191284,-67.62200164794,
    6.349999904633));
#8967 = VECTOR('',#8968,1.);
#8968 = DIRECTION('',(0.,0.945955659646,-0.324295991318));
#8969 = PLANE('',#8970);
#8970 = AXIS2_PLACEMENT_3D('',#8971,#8972,#8973);
#8971 = CARTESIAN_POINT('',(28.997999191284,-64.99899732768,
    6.346999308103));
#8972 = DIRECTION('',(1.,0.,0.));
#8973 = DIRECTION('',(-0.,0.,1.));
#8974 = ADVANCED_FACE('',(#8975),#8992,.F.);
#8975 = FACE_BOUND('',#8976,.F.);
#8976 = EDGE_LOOP('',(#8977,#8985,#8986));
#8977 = ORIENTED_EDGE('',*,*,#8978,.T.);
#8978 = EDGE_CURVE('',#8979,#8927,#8981,.T.);
#8979 = VERTEX_POINT('',#8980);
#8980 = CARTESIAN_POINT('',(28.997999191284,-66.30400085449,
    6.083000183105));
#8981 = LINE('',#8982,#8983);
#8982 = CARTESIAN_POINT('',(28.997999191284,-66.30400085449,
    6.083000183105));
#8983 = VECTOR('',#8984,1.);
#8984 = DIRECTION('',(0.,0.997698948397,6.779976672321E-02));
#8985 = ORIENTED_EDGE('',*,*,#8948,.F.);
#8986 = ORIENTED_EDGE('',*,*,#8987,.F.);
#8987 = EDGE_CURVE('',#8979,#8949,#8988,.T.);
#8988 = LINE('',#8989,#8990);
#8989 = CARTESIAN_POINT('',(28.997999191284,-66.30400085449,
    6.083000183105));
#8990 = VECTOR('',#8991,1.);
#8991 = DIRECTION('',(0.,-0.980815161594,0.194940038954));
#8992 = PLANE('',#8993);
#8993 = AXIS2_PLACEMENT_3D('',#8994,#8995,#8996);
#8994 = CARTESIAN_POINT('',(28.997999191284,-64.9851571933,
    6.279291348315));
#8995 = DIRECTION('',(1.,0.,0.));
#8996 = DIRECTION('',(-0.,0.,1.));
#8997 = ADVANCED_FACE('',(#8998),#9015,.F.);
#8998 = FACE_BOUND('',#8999,.F.);
#8999 = EDGE_LOOP('',(#9000,#9008,#9014));
#9000 = ORIENTED_EDGE('',*,*,#9001,.T.);
#9001 = EDGE_CURVE('',#7357,#9002,#9004,.T.);
#9002 = VERTEX_POINT('',#9003);
#9003 = CARTESIAN_POINT('',(57.,-33.,6.349999904633));
#9004 = LINE('',#9005,#9006);
#9005 = CARTESIAN_POINT('',(49.002998352051,-87.62300109863,
    6.349999904633));
#9006 = VECTOR('',#9007,1.);
#9007 = DIRECTION('',(0.144859330194,0.989452259816,0.));
#9008 = ORIENTED_EDGE('',*,*,#9009,.T.);
#9009 = EDGE_CURVE('',#9002,#7413,#9010,.T.);
#9010 = LINE('',#9011,#9012);
#9011 = CARTESIAN_POINT('',(57.,-33.,6.349999904633));
#9012 = VECTOR('',#9013,1.);
#9013 = DIRECTION('',(-0.159877968959,-0.987136786389,0.));
#9014 = ORIENTED_EDGE('',*,*,#7412,.T.);
#9015 = PLANE('',#9016);
#9016 = AXIS2_PLACEMENT_3D('',#9017,#9018,#9019);
#9017 = CARTESIAN_POINT('',(52.811585019517,-60.29622073072,
    6.349999904633));
#9018 = DIRECTION('',(0.,0.,1.));
#9019 = DIRECTION('',(1.,0.,-0.));
#9020 = ADVANCED_FACE('',(#9021),#9036,.F.);
#9021 = FACE_BOUND('',#9022,.F.);
#9022 = EDGE_LOOP('',(#9023,#9029,#9030));
#9023 = ORIENTED_EDGE('',*,*,#9024,.T.);
#9024 = EDGE_CURVE('',#7490,#7413,#9025,.T.);
#9025 = LINE('',#9026,#9027);
#9026 = CARTESIAN_POINT('',(49.002998352051,-77.62300109863,
    6.349999904633));
#9027 = VECTOR('',#9028,1.);
#9028 = DIRECTION('',(0.,-1.,0.));
#9029 = ORIENTED_EDGE('',*,*,#9009,.F.);
#9030 = ORIENTED_EDGE('',*,*,#9031,.F.);
#9031 = EDGE_CURVE('',#7490,#9002,#9032,.T.);
#9032 = LINE('',#9033,#9034);
#9033 = CARTESIAN_POINT('',(49.002998352051,-77.62300109863,
    6.349999904633));
#9034 = VECTOR('',#9035,1.);
#9035 = DIRECTION('',(0.176402166989,0.98431817797,0.));
#9036 = PLANE('',#9037);
#9037 = AXIS2_PLACEMENT_3D('',#9038,#9039,#9040);
#9038 = CARTESIAN_POINT('',(52.811652357535,-57.67112269899,
    6.349999904633));
#9039 = DIRECTION('',(0.,0.,1.));
#9040 = DIRECTION('',(1.,0.,-0.));
#9041 = ADVANCED_FACE('',(#9042),#9052,.F.);
#9042 = FACE_BOUND('',#9043,.F.);
#9043 = EDGE_LOOP('',(#9044,#9045,#9046));
#9044 = ORIENTED_EDGE('',*,*,#7536,.T.);
#9045 = ORIENTED_EDGE('',*,*,#9031,.T.);
#9046 = ORIENTED_EDGE('',*,*,#9047,.T.);
#9047 = EDGE_CURVE('',#9002,#7537,#9048,.T.);
#9048 = LINE('',#9049,#9050);
#9049 = CARTESIAN_POINT('',(57.,-33.,6.349999904633));
#9050 = VECTOR('',#9051,1.);
#9051 = DIRECTION('',(-0.199030088876,-0.979993379428,0.));
#9052 = PLANE('',#9053);
#9053 = AXIS2_PLACEMENT_3D('',#9054,#9055,#9056);
#9054 = CARTESIAN_POINT('',(52.770340524615,-55.2882643469,
    6.349999904633));
#9055 = DIRECTION('',(0.,0.,1.));
#9056 = DIRECTION('',(1.,0.,-0.));
#9057 = ADVANCED_FACE('',(#9058),#9075,.F.);
#9058 = FACE_BOUND('',#9059,.F.);
#9059 = EDGE_LOOP('',(#9060,#9068,#9069));
#9060 = ORIENTED_EDGE('',*,*,#9061,.T.);
#9061 = EDGE_CURVE('',#9062,#7537,#9064,.T.);
#9062 = VERTEX_POINT('',#9063);
#9063 = CARTESIAN_POINT('',(49.002998352051,-67.62200164794,
    6.349999904633));
#9064 = LINE('',#9065,#9066);
#9065 = CARTESIAN_POINT('',(49.002998352051,-67.62200164794,
    6.349999904633));
#9066 = VECTOR('',#9067,1.);
#9067 = DIRECTION('',(0.,-1.,0.));
#9068 = ORIENTED_EDGE('',*,*,#9047,.F.);
#9069 = ORIENTED_EDGE('',*,*,#9070,.F.);
#9070 = EDGE_CURVE('',#9062,#9002,#9071,.T.);
#9071 = LINE('',#9072,#9073);
#9072 = CARTESIAN_POINT('',(49.002998352051,-67.62200164794,
    6.349999904633));
#9073 = VECTOR('',#9074,1.);
#9074 = DIRECTION('',(0.225054793694,0.974346108852,0.));
#9075 = PLANE('',#9076);
#9076 = AXIS2_PLACEMENT_3D('',#9077,#9078,#9079);
#9077 = CARTESIAN_POINT('',(52.76526865944,-52.66107191874,
    6.349999904633));
#9078 = DIRECTION('',(0.,0.,1.));
#9079 = DIRECTION('',(1.,0.,-0.));
#9080 = ADVANCED_FACE('',(#9081),#9107,.F.);
#9081 = FACE_BOUND('',#9082,.F.);
#9082 = EDGE_LOOP('',(#9083,#9093,#9101));
#9083 = ORIENTED_EDGE('',*,*,#9084,.T.);
#9084 = EDGE_CURVE('',#9085,#9087,#9089,.T.);
#9085 = VERTEX_POINT('',#9086);
#9086 = CARTESIAN_POINT('',(49.002998352051,-53.69300079345,
    6.083000183105));
#9087 = VERTEX_POINT('',#9088);
#9088 = CARTESIAN_POINT('',(49.002998352051,-52.375,6.349999904633));
#9089 = LINE('',#9090,#9091);
#9090 = CARTESIAN_POINT('',(49.002998352051,-53.69300079345,
    6.083000183105));
#9091 = VECTOR('',#9092,1.);
#9092 = DIRECTION('',(0.,0.980091512459,0.198546284795));
#9093 = ORIENTED_EDGE('',*,*,#9094,.T.);
#9094 = EDGE_CURVE('',#9087,#9095,#9097,.T.);
#9095 = VERTEX_POINT('',#9096);
#9096 = CARTESIAN_POINT('',(49.002998352051,-52.40999984741,
    6.337999820709));
#9097 = LINE('',#9098,#9099);
#9098 = CARTESIAN_POINT('',(49.002998352051,-52.375,6.349999904633));
#9099 = VECTOR('',#9100,1.);
#9100 = DIRECTION('',(0.,-0.945944816281,-0.324327619162));
#9101 = ORIENTED_EDGE('',*,*,#9102,.T.);
#9102 = EDGE_CURVE('',#9095,#9085,#9103,.T.);
#9103 = LINE('',#9104,#9105);
#9104 = CARTESIAN_POINT('',(49.002998352051,-52.40999984741,
    6.337999820709));
#9105 = VECTOR('',#9106,1.);
#9106 = DIRECTION('',(0.,-0.980815272415,-0.194939481372));
#9107 = PLANE('',#9108);
#9108 = AXIS2_PLACEMENT_3D('',#9109,#9110,#9111);
#9109 = CARTESIAN_POINT('',(49.002998352051,-53.03368668083,
    6.215335989238));
#9110 = DIRECTION('',(-1.,-0.,-0.));
#9111 = DIRECTION('',(0.,0.,-1.));
#9112 = ADVANCED_FACE('',(#9113),#9130,.F.);
#9113 = FACE_BOUND('',#9114,.F.);
#9114 = EDGE_LOOP('',(#9115,#9123,#9124));
#9115 = ORIENTED_EDGE('',*,*,#9116,.T.);
#9116 = EDGE_CURVE('',#9117,#9087,#9119,.T.);
#9117 = VERTEX_POINT('',#9118);
#9118 = CARTESIAN_POINT('',(49.002998352051,-54.99800109863,
    5.998000144958));
#9119 = LINE('',#9120,#9121);
#9120 = CARTESIAN_POINT('',(49.002998352051,-54.99800109863,
    5.998000144958));
#9121 = VECTOR('',#9122,1.);
#9122 = DIRECTION('',(0.,0.991115361117,0.133005041098));
#9123 = ORIENTED_EDGE('',*,*,#9084,.F.);
#9124 = ORIENTED_EDGE('',*,*,#9125,.T.);
#9125 = EDGE_CURVE('',#9085,#9117,#9126,.T.);
#9126 = LINE('',#9127,#9128);
#9127 = CARTESIAN_POINT('',(49.002998352051,-53.69300079345,
    6.083000183105));
#9128 = VECTOR('',#9129,1.);
#9129 = DIRECTION('',(0.,-0.99788549925,-6.499638748449E-02));
#9130 = PLANE('',#9131);
#9131 = AXIS2_PLACEMENT_3D('',#9132,#9133,#9134);
#9132 = CARTESIAN_POINT('',(49.002998352051,-53.68354781797,
    6.151838776043));
#9133 = DIRECTION('',(-1.,-0.,-0.));
#9134 = DIRECTION('',(0.,0.,-1.));
#9135 = ADVANCED_FACE('',(#9136),#9153,.F.);
#9136 = FACE_BOUND('',#9137,.F.);
#9137 = EDGE_LOOP('',(#9138,#9146,#9147));
#9138 = ORIENTED_EDGE('',*,*,#9139,.T.);
#9139 = EDGE_CURVE('',#9140,#9095,#9142,.T.);
#9140 = VERTEX_POINT('',#9141);
#9141 = CARTESIAN_POINT('',(28.997999191284,-52.375,6.349999904633));
#9142 = LINE('',#9143,#9144);
#9143 = CARTESIAN_POINT('',(28.997999191284,-52.375,6.349999904633));
#9144 = VECTOR('',#9145,1.);
#9145 = DIRECTION('',(0.99999828962,-1.749552062853E-03,
    -5.998532317949E-04));
#9146 = ORIENTED_EDGE('',*,*,#9094,.F.);
#9147 = ORIENTED_EDGE('',*,*,#9148,.F.);
#9148 = EDGE_CURVE('',#9140,#9087,#9149,.T.);
#9149 = LINE('',#9150,#9151);
#9150 = CARTESIAN_POINT('',(28.997999191284,-52.375,6.349999904633));
#9151 = VECTOR('',#9152,1.);
#9152 = DIRECTION('',(1.,0.,0.));
#9153 = PLANE('',#9154);
#9154 = AXIS2_PLACEMENT_3D('',#9155,#9156,#9157);
#9155 = CARTESIAN_POINT('',(39.009740188337,-52.38375805351,
    6.346997109337));
#9156 = DIRECTION('',(0.,-0.324327619162,0.945944816281));
#9157 = DIRECTION('',(0.,0.945944816281,0.324327619162));
#9158 = ADVANCED_FACE('',(#9159),#9176,.F.);
#9159 = FACE_BOUND('',#9160,.F.);
#9160 = EDGE_LOOP('',(#9161,#9162,#9170));
#9161 = ORIENTED_EDGE('',*,*,#9070,.T.);
#9162 = ORIENTED_EDGE('',*,*,#9163,.T.);
#9163 = EDGE_CURVE('',#9002,#9164,#9166,.T.);
#9164 = VERTEX_POINT('',#9165);
#9165 = CARTESIAN_POINT('',(49.002998352051,-62.375,6.349999904633));
#9166 = LINE('',#9167,#9168);
#9167 = CARTESIAN_POINT('',(57.,-33.,6.349999904633));
#9168 = VECTOR('',#9169,1.);
#9169 = DIRECTION('',(-0.262678288504,-0.964883473145,0.));
#9170 = ORIENTED_EDGE('',*,*,#9171,.T.);
#9171 = EDGE_CURVE('',#9164,#9062,#9172,.T.);
#9172 = LINE('',#9173,#9174);
#9173 = CARTESIAN_POINT('',(49.002998352051,-62.375,6.349999904633));
#9174 = VECTOR('',#9175,1.);
#9175 = DIRECTION('',(0.,-1.,0.));
#9176 = PLANE('',#9177);
#9177 = AXIS2_PLACEMENT_3D('',#9178,#9179,#9180);
#9178 = CARTESIAN_POINT('',(52.706936339179,-50.27162176516,
    6.349999904633));
#9179 = DIRECTION('',(0.,0.,1.));
#9180 = DIRECTION('',(1.,0.,-0.));
#9181 = ADVANCED_FACE('',(#9182),#9199,.F.);
#9182 = FACE_BOUND('',#9183,.F.);
#9183 = EDGE_LOOP('',(#9184,#9192,#9193));
#9184 = ORIENTED_EDGE('',*,*,#9185,.T.);
#9185 = EDGE_CURVE('',#9186,#9164,#9188,.T.);
#9186 = VERTEX_POINT('',#9187);
#9187 = CARTESIAN_POINT('',(49.002998352051,-57.62099838256,
    6.349999904633));
#9188 = LINE('',#9189,#9190);
#9189 = CARTESIAN_POINT('',(49.002998352051,-57.62099838256,
    6.349999904633));
#9190 = VECTOR('',#9191,1.);
#9191 = DIRECTION('',(0.,-1.,0.));
#9192 = ORIENTED_EDGE('',*,*,#9163,.F.);
#9193 = ORIENTED_EDGE('',*,*,#9194,.F.);
#9194 = EDGE_CURVE('',#9186,#9002,#9195,.T.);
#9195 = LINE('',#9196,#9197);
#9196 = CARTESIAN_POINT('',(49.002998352051,-57.62099838256,
    6.349999904633));
#9197 = VECTOR('',#9198,1.);
#9198 = DIRECTION('',(0.308917563882,0.951088817475,0.));
#9199 = PLANE('',#9200);
#9200 = AXIS2_PLACEMENT_3D('',#9201,#9202,#9203);
#9201 = CARTESIAN_POINT('',(52.690313163275,-47.63822965202,
    6.349999904633));
#9202 = DIRECTION('',(0.,0.,1.));
#9203 = DIRECTION('',(1.,0.,-0.));
#9204 = ADVANCED_FACE('',(#9205),#9220,.F.);
#9205 = FACE_BOUND('',#9206,.F.);
#9206 = EDGE_LOOP('',(#9207,#9213,#9214));
#9207 = ORIENTED_EDGE('',*,*,#9208,.T.);
#9208 = EDGE_CURVE('',#9002,#9140,#9209,.T.);
#9209 = LINE('',#9210,#9211);
#9210 = CARTESIAN_POINT('',(57.,-33.,6.349999904633));
#9211 = VECTOR('',#9212,1.);
#9212 = DIRECTION('',(-0.822343353232,-0.568991572342,0.));
#9213 = ORIENTED_EDGE('',*,*,#9148,.T.);
#9214 = ORIENTED_EDGE('',*,*,#9215,.T.);
#9215 = EDGE_CURVE('',#9087,#9002,#9216,.T.);
#9216 = LINE('',#9217,#9218);
#9217 = CARTESIAN_POINT('',(49.002998352051,-52.375,6.349999904633));
#9218 = VECTOR('',#9219,1.);
#9219 = DIRECTION('',(0.381527193381,0.924357615164,0.));
#9220 = PLANE('',#9221);
#9221 = AXIS2_PLACEMENT_3D('',#9222,#9223,#9224);
#9222 = CARTESIAN_POINT('',(44.727507243745,-45.27089443592,
    6.349999904633));
#9223 = DIRECTION('',(0.,0.,1.));
#9224 = DIRECTION('',(1.,0.,-0.));
#9225 = ADVANCED_FACE('',(#9226),#9236,.F.);
#9226 = FACE_BOUND('',#9227,.F.);
#9227 = EDGE_LOOP('',(#9228,#9229,#9230));
#9228 = ORIENTED_EDGE('',*,*,#9194,.T.);
#9229 = ORIENTED_EDGE('',*,*,#9215,.F.);
#9230 = ORIENTED_EDGE('',*,*,#9231,.T.);
#9231 = EDGE_CURVE('',#9087,#9186,#9232,.T.);
#9232 = LINE('',#9233,#9234);
#9233 = CARTESIAN_POINT('',(49.002998352051,-52.375,6.349999904633));
#9234 = VECTOR('',#9235,1.);
#9235 = DIRECTION('',(0.,-1.,0.));
#9236 = PLANE('',#9237);
#9237 = AXIS2_PLACEMENT_3D('',#9238,#9239,#9240);
#9238 = CARTESIAN_POINT('',(52.598837425721,-45.23066662468,
    6.349999904633));
#9239 = DIRECTION('',(0.,0.,1.));
#9240 = DIRECTION('',(1.,0.,-0.));
#9241 = ADVANCED_FACE('',(#9242),#9259,.F.);
#9242 = FACE_BOUND('',#9243,.F.);
#9243 = EDGE_LOOP('',(#9244,#9252,#9253));
#9244 = ORIENTED_EDGE('',*,*,#9245,.T.);
#9245 = EDGE_CURVE('',#9246,#9095,#9248,.T.);
#9246 = VERTEX_POINT('',#9247);
#9247 = CARTESIAN_POINT('',(28.997999191284,-52.40999984741,
    6.337999820709));
#9248 = LINE('',#9249,#9250);
#9249 = CARTESIAN_POINT('',(28.997999191284,-52.40999984741,
    6.337999820709));
#9250 = VECTOR('',#9251,1.);
#9251 = DIRECTION('',(1.,0.,0.));
#9252 = ORIENTED_EDGE('',*,*,#9139,.F.);
#9253 = ORIENTED_EDGE('',*,*,#9254,.F.);
#9254 = EDGE_CURVE('',#9246,#9140,#9255,.T.);
#9255 = LINE('',#9256,#9257);
#9256 = CARTESIAN_POINT('',(28.997999191284,-52.40999984741,
    6.337999820709));
#9257 = VECTOR('',#9258,1.);
#9258 = DIRECTION('',(0.,0.945944816281,0.324327619162));
#9259 = PLANE('',#9260);
#9260 = AXIS2_PLACEMENT_3D('',#9261,#9262,#9263);
#9261 = CARTESIAN_POINT('',(38.991257354998,-52.4012417939,
    6.341002616005));
#9262 = DIRECTION('',(0.,-0.324327619162,0.945944816281));
#9263 = DIRECTION('',(0.,0.945944816281,0.324327619162));
#9264 = ADVANCED_FACE('',(#9265),#9289,.F.);
#9265 = FACE_BOUND('',#9266,.F.);
#9266 = EDGE_LOOP('',(#9267,#9275,#9283));
#9267 = ORIENTED_EDGE('',*,*,#9268,.T.);
#9268 = EDGE_CURVE('',#9269,#9140,#9271,.T.);
#9269 = VERTEX_POINT('',#9270);
#9270 = CARTESIAN_POINT('',(28.997999191284,-53.69300079345,
    6.083000183105));
#9271 = LINE('',#9272,#9273);
#9272 = CARTESIAN_POINT('',(28.997999191284,-53.69300079345,
    6.083000183105));
#9273 = VECTOR('',#9274,1.);
#9274 = DIRECTION('',(0.,0.980091512459,0.198546284795));
#9275 = ORIENTED_EDGE('',*,*,#9276,.T.);
#9276 = EDGE_CURVE('',#9140,#9277,#9279,.T.);
#9277 = VERTEX_POINT('',#9278);
#9278 = CARTESIAN_POINT('',(28.997999191284,-54.99800109863,
    5.998000144958));
#9279 = LINE('',#9280,#9281);
#9280 = CARTESIAN_POINT('',(28.997999191284,-52.375,6.349999904633));
#9281 = VECTOR('',#9282,1.);
#9282 = DIRECTION('',(0.,-0.991115361117,-0.133005041098));
#9283 = ORIENTED_EDGE('',*,*,#9284,.T.);
#9284 = EDGE_CURVE('',#9277,#9269,#9285,.T.);
#9285 = LINE('',#9286,#9287);
#9286 = CARTESIAN_POINT('',(28.997999191284,-54.99800109863,
    5.998000144958));
#9287 = VECTOR('',#9288,1.);
#9288 = DIRECTION('',(0.,0.99788549925,6.499638748449E-02));
#9289 = PLANE('',#9290);
#9290 = AXIS2_PLACEMENT_3D('',#9291,#9292,#9293);
#9291 = CARTESIAN_POINT('',(28.997999191284,-53.68354781797,
    6.151838776043));
#9292 = DIRECTION('',(1.,0.,0.));
#9293 = DIRECTION('',(-0.,0.,1.));
#9294 = ADVANCED_FACE('',(#9295),#9305,.F.);
#9295 = FACE_BOUND('',#9296,.F.);
#9296 = EDGE_LOOP('',(#9297,#9298,#9299));
#9297 = ORIENTED_EDGE('',*,*,#9254,.T.);
#9298 = ORIENTED_EDGE('',*,*,#9268,.F.);
#9299 = ORIENTED_EDGE('',*,*,#9300,.T.);
#9300 = EDGE_CURVE('',#9269,#9246,#9301,.T.);
#9301 = LINE('',#9302,#9303);
#9302 = CARTESIAN_POINT('',(28.997999191284,-53.69300079345,
    6.083000183105));
#9303 = VECTOR('',#9304,1.);
#9304 = DIRECTION('',(0.,0.980815272415,0.194939481372));
#9305 = PLANE('',#9306);
#9306 = AXIS2_PLACEMENT_3D('',#9307,#9308,#9309);
#9307 = CARTESIAN_POINT('',(28.997999191284,-53.03368668083,
    6.215335989238));
#9308 = DIRECTION('',(1.,0.,0.));
#9309 = DIRECTION('',(-0.,0.,1.));
#9310 = ADVANCED_FACE('',(#9311),#9321,.F.);
#9311 = FACE_BOUND('',#9312,.F.);
#9312 = EDGE_LOOP('',(#9313,#9319,#9320));
#9313 = ORIENTED_EDGE('',*,*,#9314,.T.);
#9314 = EDGE_CURVE('',#9246,#9085,#9315,.T.);
#9315 = LINE('',#9316,#9317);
#9316 = CARTESIAN_POINT('',(28.997999191284,-52.40999984741,
    6.337999820709));
#9317 = VECTOR('',#9318,1.);
#9318 = DIRECTION('',(0.997869004682,-6.39973472004E-02,
    -1.271963235414E-02));
#9319 = ORIENTED_EDGE('',*,*,#9102,.F.);
#9320 = ORIENTED_EDGE('',*,*,#9245,.F.);
#9321 = PLANE('',#9322);
#9322 = AXIS2_PLACEMENT_3D('',#9323,#9324,#9325);
#9323 = CARTESIAN_POINT('',(39.316842476773,-52.74122558313,
    6.272167879716));
#9324 = DIRECTION('',(0.,-0.194939481372,0.980815272415));
#9325 = DIRECTION('',(0.,0.980815272415,0.194939481372));
#9326 = ADVANCED_FACE('',(#9327),#9337,.F.);
#9327 = FACE_BOUND('',#9328,.F.);
#9328 = EDGE_LOOP('',(#9329,#9335,#9336));
#9329 = ORIENTED_EDGE('',*,*,#9330,.T.);
#9330 = EDGE_CURVE('',#9269,#9085,#9331,.T.);
#9331 = LINE('',#9332,#9333);
#9332 = CARTESIAN_POINT('',(28.997999191284,-53.69300079345,
    6.083000183105));
#9333 = VECTOR('',#9334,1.);
#9334 = DIRECTION('',(1.,0.,0.));
#9335 = ORIENTED_EDGE('',*,*,#9314,.F.);
#9336 = ORIENTED_EDGE('',*,*,#9300,.F.);
#9337 = PLANE('',#9338);
#9338 = AXIS2_PLACEMENT_3D('',#9339,#9340,#9341);
#9339 = CARTESIAN_POINT('',(38.684155066562,-53.36177505773,
    6.148832124099));
#9340 = DIRECTION('',(0.,-0.194939481372,0.980815272415));
#9341 = DIRECTION('',(0.,0.980815272415,0.194939481372));
#9342 = ADVANCED_FACE('',(#9343),#9353,.F.);
#9343 = FACE_BOUND('',#9344,.F.);
#9344 = EDGE_LOOP('',(#9345,#9351,#9352));
#9345 = ORIENTED_EDGE('',*,*,#9346,.T.);
#9346 = EDGE_CURVE('',#9269,#9117,#9347,.T.);
#9347 = LINE('',#9348,#9349);
#9348 = CARTESIAN_POINT('',(28.997999191284,-53.69300079345,
    6.083000183105));
#9349 = VECTOR('',#9350,1.);
#9350 = DIRECTION('',(0.997870079045,-6.50947669237E-02,
    -4.239889944652E-03));
#9351 = ORIENTED_EDGE('',*,*,#9125,.F.);
#9352 = ORIENTED_EDGE('',*,*,#9330,.F.);
#9353 = PLANE('',#9354);
#9354 = AXIS2_PLACEMENT_3D('',#9355,#9356,#9357);
#9355 = CARTESIAN_POINT('',(39.316765162139,-54.02990330109,
    6.061056336895));
#9356 = DIRECTION('',(0.,-6.499638748449E-02,0.99788549925));
#9357 = DIRECTION('',(0.,0.99788549925,6.499638748449E-02));
#9358 = ADVANCED_FACE('',(#9359),#9369,.F.);
#9359 = FACE_BOUND('',#9360,.F.);
#9360 = EDGE_LOOP('',(#9361,#9367,#9368));
#9361 = ORIENTED_EDGE('',*,*,#9362,.T.);
#9362 = EDGE_CURVE('',#9277,#9117,#9363,.T.);
#9363 = LINE('',#9364,#9365);
#9364 = CARTESIAN_POINT('',(28.997999191284,-54.99800109863,
    5.998000144958));
#9365 = VECTOR('',#9366,1.);
#9366 = DIRECTION('',(1.,0.,0.));
#9367 = ORIENTED_EDGE('',*,*,#9346,.F.);
#9368 = ORIENTED_EDGE('',*,*,#9284,.F.);
#9369 = PLANE('',#9370);
#9370 = AXIS2_PLACEMENT_3D('',#9371,#9372,#9373);
#9371 = CARTESIAN_POINT('',(38.684232381196,-54.66109859099,
    6.019943991169));
#9372 = DIRECTION('',(0.,-6.499638748449E-02,0.99788549925));
#9373 = DIRECTION('',(0.,0.99788549925,6.499638748449E-02));
#9374 = ADVANCED_FACE('',(#9375),#9392,.F.);
#9375 = FACE_BOUND('',#9376,.F.);
#9376 = EDGE_LOOP('',(#9377,#9378,#9386));
#9377 = ORIENTED_EDGE('',*,*,#9362,.F.);
#9378 = ORIENTED_EDGE('',*,*,#9379,.T.);
#9379 = EDGE_CURVE('',#9277,#9380,#9382,.T.);
#9380 = VERTEX_POINT('',#9381);
#9381 = CARTESIAN_POINT('',(28.997999191284,-56.3030014038,
    6.083000183105));
#9382 = LINE('',#9383,#9384);
#9383 = CARTESIAN_POINT('',(28.997999191284,-54.99800109863,
    5.998000144958));
#9384 = VECTOR('',#9385,1.);
#9385 = DIRECTION('',(0.,-0.99788549925,6.499638748449E-02));
#9386 = ORIENTED_EDGE('',*,*,#9387,.T.);
#9387 = EDGE_CURVE('',#9380,#9117,#9388,.T.);
#9388 = LINE('',#9389,#9390);
#9389 = CARTESIAN_POINT('',(28.997999191284,-56.3030014038,
    6.083000183105));
#9390 = VECTOR('',#9391,1.);
#9391 = DIRECTION('',(0.997870079045,6.50947669237E-02,
    -4.239889944652E-03));
#9392 = PLANE('',#9393);
#9393 = AXIS2_PLACEMENT_3D('',#9394,#9395,#9396);
#9394 = CARTESIAN_POINT('',(38.684232381196,-55.33490360626,
    6.019943991169));
#9395 = DIRECTION('',(0.,6.499638748449E-02,0.99788549925));
#9396 = DIRECTION('',(0.,0.99788549925,-6.499638748449E-02));
#9397 = ADVANCED_FACE('',(#9398),#9415,.F.);
#9398 = FACE_BOUND('',#9399,.F.);
#9399 = EDGE_LOOP('',(#9400,#9401,#9409));
#9400 = ORIENTED_EDGE('',*,*,#9185,.F.);
#9401 = ORIENTED_EDGE('',*,*,#9402,.T.);
#9402 = EDGE_CURVE('',#9186,#9403,#9405,.T.);
#9403 = VERTEX_POINT('',#9404);
#9404 = CARTESIAN_POINT('',(28.997999191284,-57.62099838256,
    6.349999904633));
#9405 = LINE('',#9406,#9407);
#9406 = CARTESIAN_POINT('',(49.002998352051,-57.62099838256,
    6.349999904633));
#9407 = VECTOR('',#9408,1.);
#9408 = DIRECTION('',(-1.,0.,0.));
#9409 = ORIENTED_EDGE('',*,*,#9410,.T.);
#9410 = EDGE_CURVE('',#9403,#9164,#9411,.T.);
#9411 = LINE('',#9412,#9413);
#9412 = CARTESIAN_POINT('',(28.997999191284,-57.62099838256,
    6.349999904633));
#9413 = VECTOR('',#9414,1.);
#9414 = DIRECTION('',(0.972905771358,-0.231201989736,0.));
#9415 = PLANE('',#9416);
#9416 = AXIS2_PLACEMENT_3D('',#9417,#9418,#9419);
#9417 = CARTESIAN_POINT('',(40.049720523046,-58.9487774399,
    6.349999904633));
#9418 = DIRECTION('',(0.,0.,1.));
#9419 = DIRECTION('',(1.,0.,-0.));
#9420 = ADVANCED_FACE('',(#9421),#9436,.F.);
#9421 = FACE_BOUND('',#9422,.F.);
#9422 = EDGE_LOOP('',(#9423,#9429,#9435));
#9423 = ORIENTED_EDGE('',*,*,#9424,.T.);
#9424 = EDGE_CURVE('',#9403,#8927,#9425,.T.);
#9425 = LINE('',#9426,#9427);
#9426 = CARTESIAN_POINT('',(28.997999191284,-57.62099838256,
    6.349999904633));
#9427 = VECTOR('',#9428,1.);
#9428 = DIRECTION('',(0.,-1.,0.));
#9429 = ORIENTED_EDGE('',*,*,#9430,.T.);
#9430 = EDGE_CURVE('',#8927,#9164,#9431,.T.);
#9431 = LINE('',#9432,#9433);
#9432 = CARTESIAN_POINT('',(28.997999191284,-62.375,6.349999904633));
#9433 = VECTOR('',#9434,1.);
#9434 = DIRECTION('',(1.,0.,0.));
#9435 = ORIENTED_EDGE('',*,*,#9410,.F.);
#9436 = PLANE('',#9437);
#9437 = AXIS2_PLACEMENT_3D('',#9438,#9439,#9440);
#9438 = CARTESIAN_POINT('',(37.951277020289,-61.04722094266,
    6.349999904633));
#9439 = DIRECTION('',(0.,0.,1.));
#9440 = DIRECTION('',(1.,0.,-0.));
#9441 = ADVANCED_FACE('',(#9442),#9459,.F.);
#9442 = FACE_BOUND('',#9443,.F.);
#9443 = EDGE_LOOP('',(#9444,#9452,#9453));
#9444 = ORIENTED_EDGE('',*,*,#9445,.T.);
#9445 = EDGE_CURVE('',#9446,#9062,#9448,.T.);
#9446 = VERTEX_POINT('',#9447);
#9447 = CARTESIAN_POINT('',(49.002998352051,-62.40999984741,
    6.337999820709));
#9448 = LINE('',#9449,#9450);
#9449 = CARTESIAN_POINT('',(49.002998352051,-62.40999984741,
    6.337999820709));
#9450 = VECTOR('',#9451,1.);
#9451 = DIRECTION('',(0.,-0.9999973495,2.302388329161E-03));
#9452 = ORIENTED_EDGE('',*,*,#9171,.F.);
#9453 = ORIENTED_EDGE('',*,*,#9454,.T.);
#9454 = EDGE_CURVE('',#9164,#9446,#9455,.T.);
#9455 = LINE('',#9456,#9457);
#9456 = CARTESIAN_POINT('',(49.002998352051,-62.375,6.349999904633));
#9457 = VECTOR('',#9458,1.);
#9458 = DIRECTION('',(0.,-0.945944816281,-0.324327619162));
#9459 = PLANE('',#9460);
#9460 = AXIS2_PLACEMENT_3D('',#9461,#9462,#9463);
#9461 = CARTESIAN_POINT('',(49.002998352051,-64.99800426871,
    6.346999308044));
#9462 = DIRECTION('',(-1.,-0.,-0.));
#9463 = DIRECTION('',(0.,0.,-1.));
#9464 = ADVANCED_FACE('',(#9465),#9482,.F.);
#9465 = FACE_BOUND('',#9466,.F.);
#9466 = EDGE_LOOP('',(#9467,#9475,#9476));
#9467 = ORIENTED_EDGE('',*,*,#9468,.T.);
#9468 = EDGE_CURVE('',#9469,#9062,#9471,.T.);
#9469 = VERTEX_POINT('',#9470);
#9470 = CARTESIAN_POINT('',(49.002998352051,-63.69300079345,
    6.083000183105));
#9471 = LINE('',#9472,#9473);
#9472 = CARTESIAN_POINT('',(49.002998352051,-63.69300079345,
    6.083000183105));
#9473 = VECTOR('',#9474,1.);
#9474 = DIRECTION('',(0.,-0.997698948397,6.779976672321E-02));
#9475 = ORIENTED_EDGE('',*,*,#9445,.F.);
#9476 = ORIENTED_EDGE('',*,*,#9477,.T.);
#9477 = EDGE_CURVE('',#9446,#9469,#9478,.T.);
#9478 = LINE('',#9479,#9480);
#9479 = CARTESIAN_POINT('',(49.002998352051,-62.40999984741,
    6.337999820709));
#9480 = VECTOR('',#9481,1.);
#9481 = DIRECTION('',(0.,-0.980815272415,-0.194939481372));
#9482 = PLANE('',#9483);
#9483 = AXIS2_PLACEMENT_3D('',#9484,#9485,#9486);
#9484 = CARTESIAN_POINT('',(49.002998352051,-65.0118425657,
    6.279291347308));
#9485 = DIRECTION('',(-1.,-0.,-0.));
#9486 = DIRECTION('',(0.,0.,-1.));
#9487 = ADVANCED_FACE('',(#9488),#9505,.F.);
#9488 = FACE_BOUND('',#9489,.F.);
#9489 = EDGE_LOOP('',(#9490,#9498,#9499));
#9490 = ORIENTED_EDGE('',*,*,#9491,.T.);
#9491 = EDGE_CURVE('',#9492,#9062,#9494,.T.);
#9492 = VERTEX_POINT('',#9493);
#9493 = CARTESIAN_POINT('',(49.002998352051,-64.99900054931,
    5.998000144958));
#9494 = LINE('',#9495,#9496);
#9495 = CARTESIAN_POINT('',(49.002998352051,-64.99900054931,
    5.998000144958));
#9496 = VECTOR('',#9497,1.);
#9497 = DIRECTION('',(0.,-0.991115361117,0.133005041098));
#9498 = ORIENTED_EDGE('',*,*,#9468,.F.);
#9499 = ORIENTED_EDGE('',*,*,#9500,.T.);
#9500 = EDGE_CURVE('',#9469,#9492,#9501,.T.);
#9501 = LINE('',#9502,#9503);
#9502 = CARTESIAN_POINT('',(49.002998352051,-63.69300079345,
    6.083000183105));
#9503 = VECTOR('',#9504,1.);
#9504 = DIRECTION('',(0.,-0.997888724128,-6.494685717728E-02));
#9505 = PLANE('',#9506);
#9506 = AXIS2_PLACEMENT_3D('',#9507,#9508,#9509);
#9507 = CARTESIAN_POINT('',(49.002998352051,-65.65898732331,
    6.173068615019));
#9508 = DIRECTION('',(-1.,-0.,-0.));
#9509 = DIRECTION('',(0.,0.,-1.));
#9510 = ADVANCED_FACE('',(#9511),#9528,.F.);
#9511 = FACE_BOUND('',#9512,.F.);
#9512 = EDGE_LOOP('',(#9513,#9521,#9522));
#9513 = ORIENTED_EDGE('',*,*,#9514,.T.);
#9514 = EDGE_CURVE('',#9515,#9062,#9517,.T.);
#9515 = VERTEX_POINT('',#9516);
#9516 = CARTESIAN_POINT('',(49.002998352051,-66.30400085449,
    6.083000183105));
#9517 = LINE('',#9518,#9519);
#9518 = CARTESIAN_POINT('',(49.002998352051,-66.30400085449,
    6.083000183105));
#9519 = VECTOR('',#9520,1.);
#9520 = DIRECTION('',(0.,-0.980091512459,0.198546284795));
#9521 = ORIENTED_EDGE('',*,*,#9491,.F.);
#9522 = ORIENTED_EDGE('',*,*,#9523,.T.);
#9523 = EDGE_CURVE('',#9492,#9515,#9524,.T.);
#9524 = LINE('',#9525,#9526);
#9525 = CARTESIAN_POINT('',(49.002998352051,-64.99900054931,
    5.998000144958));
#9526 = VECTOR('',#9527,1.);
#9527 = DIRECTION('',(0.,-0.99788549925,6.499638748449E-02));
#9528 = PLANE('',#9529);
#9529 = AXIS2_PLACEMENT_3D('',#9530,#9531,#9532);
#9530 = CARTESIAN_POINT('',(49.002998352051,-66.31345382997,
    6.151838776043));
#9531 = DIRECTION('',(-1.,-0.,-0.));
#9532 = DIRECTION('',(0.,0.,-1.));
#9533 = ADVANCED_FACE('',(#9534),#9551,.F.);
#9534 = FACE_BOUND('',#9535,.F.);
#9535 = EDGE_LOOP('',(#9536,#9544,#9545));
#9536 = ORIENTED_EDGE('',*,*,#9537,.T.);
#9537 = EDGE_CURVE('',#9538,#9062,#9540,.T.);
#9538 = VERTEX_POINT('',#9539);
#9539 = CARTESIAN_POINT('',(49.002998352051,-67.58699798584,
    6.337999820709));
#9540 = LINE('',#9541,#9542);
#9541 = CARTESIAN_POINT('',(49.002998352051,-67.58699798584,
    6.337999820709));
#9542 = VECTOR('',#9543,1.);
#9543 = DIRECTION('',(0.,-0.945955659646,0.324295991318));
#9544 = ORIENTED_EDGE('',*,*,#9514,.F.);
#9545 = ORIENTED_EDGE('',*,*,#9546,.T.);
#9546 = EDGE_CURVE('',#9515,#9538,#9547,.T.);
#9547 = LINE('',#9548,#9549);
#9548 = CARTESIAN_POINT('',(49.002998352051,-66.30400085449,
    6.083000183105));
#9549 = VECTOR('',#9550,1.);
#9550 = DIRECTION('',(0.,-0.980815161594,0.194940038954));
#9551 = PLANE('',#9552);
#9552 = AXIS2_PLACEMENT_3D('',#9553,#9554,#9555);
#9553 = CARTESIAN_POINT('',(49.002998352051,-66.96331489827,
    6.21533616857));
#9554 = DIRECTION('',(-1.,-0.,-0.));
#9555 = DIRECTION('',(0.,0.,-1.));
#9556 = ADVANCED_FACE('',(#9557),#9574,.F.);
#9557 = FACE_BOUND('',#9558,.F.);
#9558 = EDGE_LOOP('',(#9559,#9560,#9568));
#9559 = ORIENTED_EDGE('',*,*,#9116,.F.);
#9560 = ORIENTED_EDGE('',*,*,#9561,.T.);
#9561 = EDGE_CURVE('',#9117,#9562,#9564,.T.);
#9562 = VERTEX_POINT('',#9563);
#9563 = CARTESIAN_POINT('',(49.002998352051,-56.3030014038,
    6.083000183105));
#9564 = LINE('',#9565,#9566);
#9565 = CARTESIAN_POINT('',(49.002998352051,-54.99800109863,
    5.998000144958));
#9566 = VECTOR('',#9567,1.);
#9567 = DIRECTION('',(0.,-0.99788549925,6.499638748449E-02));
#9568 = ORIENTED_EDGE('',*,*,#9569,.T.);
#9569 = EDGE_CURVE('',#9562,#9087,#9570,.T.);
#9570 = LINE('',#9571,#9572);
#9571 = CARTESIAN_POINT('',(49.002998352051,-56.3030014038,
    6.083000183105));
#9572 = VECTOR('',#9573,1.);
#9573 = DIRECTION('',(0.,0.997697781318,6.781693853823E-02));
#9574 = PLANE('',#9575);
#9575 = AXIS2_PLACEMENT_3D('',#9576,#9577,#9578);
#9576 = CARTESIAN_POINT('',(49.002998352051,-54.33751606364,
    6.173079881541));
#9577 = DIRECTION('',(-1.,-0.,-0.));
#9578 = DIRECTION('',(0.,0.,-1.));
#9579 = ADVANCED_FACE('',(#9580),#9597,.F.);
#9580 = FACE_BOUND('',#9581,.F.);
#9581 = EDGE_LOOP('',(#9582,#9583,#9591));
#9582 = ORIENTED_EDGE('',*,*,#9569,.F.);
#9583 = ORIENTED_EDGE('',*,*,#9584,.T.);
#9584 = EDGE_CURVE('',#9562,#9585,#9587,.T.);
#9585 = VERTEX_POINT('',#9586);
#9586 = CARTESIAN_POINT('',(49.002998352051,-57.58599853515,
    6.337999820709));
#9587 = LINE('',#9588,#9589);
#9588 = CARTESIAN_POINT('',(49.002998352051,-56.3030014038,
    6.083000183105));
#9589 = VECTOR('',#9590,1.);
#9590 = DIRECTION('',(0.,-0.980815161594,0.194940038954));
#9591 = ORIENTED_EDGE('',*,*,#9592,.T.);
#9592 = EDGE_CURVE('',#9585,#9087,#9593,.T.);
#9593 = LINE('',#9594,#9595);
#9594 = CARTESIAN_POINT('',(49.002998352051,-57.58599853515,
    6.337999820709));
#9595 = VECTOR('',#9596,1.);
#9596 = DIRECTION('',(0.,0.99999734848,2.302831602027E-03));
#9597 = PLANE('',#9598);
#9598 = AXIS2_PLACEMENT_3D('',#9599,#9600,#9601);
#9599 = CARTESIAN_POINT('',(49.002998352051,-54.98465692146,
    6.279291151262));
#9600 = DIRECTION('',(-1.,-0.,-0.));
#9601 = DIRECTION('',(0.,0.,-1.));
#9602 = ADVANCED_FACE('',(#9603),#9613,.F.);
#9603 = FACE_BOUND('',#9604,.F.);
#9604 = EDGE_LOOP('',(#9605,#9611,#9612));
#9605 = ORIENTED_EDGE('',*,*,#9606,.T.);
#9606 = EDGE_CURVE('',#9585,#9186,#9607,.T.);
#9607 = LINE('',#9608,#9609);
#9608 = CARTESIAN_POINT('',(49.002998352051,-57.58599853515,
    6.337999820709));
#9609 = VECTOR('',#9610,1.);
#9610 = DIRECTION('',(0.,-0.945944816281,0.324327619162));
#9611 = ORIENTED_EDGE('',*,*,#9231,.F.);
#9612 = ORIENTED_EDGE('',*,*,#9592,.F.);
#9613 = PLANE('',#9614);
#9614 = AXIS2_PLACEMENT_3D('',#9615,#9616,#9617);
#9615 = CARTESIAN_POINT('',(49.002998352051,-54.99849574587,
    6.346999307933));
#9616 = DIRECTION('',(-1.,-0.,-0.));
#9617 = DIRECTION('',(0.,0.,-1.));
#9618 = ADVANCED_FACE('',(#9619),#9634,.F.);
#9619 = FACE_BOUND('',#9620,.F.);
#9620 = EDGE_LOOP('',(#9621,#9627,#9628));
#9621 = ORIENTED_EDGE('',*,*,#9622,.T.);
#9622 = EDGE_CURVE('',#8979,#9515,#9623,.T.);
#9623 = LINE('',#9624,#9625);
#9624 = CARTESIAN_POINT('',(28.997999191284,-66.30400085449,
    6.083000183105));
#9625 = VECTOR('',#9626,1.);
#9626 = DIRECTION('',(1.,0.,0.));
#9627 = ORIENTED_EDGE('',*,*,#9523,.F.);
#9628 = ORIENTED_EDGE('',*,*,#9629,.T.);
#9629 = EDGE_CURVE('',#9492,#8979,#9630,.T.);
#9630 = LINE('',#9631,#9632);
#9631 = CARTESIAN_POINT('',(49.002998352051,-64.99900054931,
    5.998000144958));
#9632 = VECTOR('',#9633,1.);
#9633 = DIRECTION('',(-0.997870079045,-6.50947669237E-02,
    4.239889944652E-03));
#9634 = PLANE('',#9635);
#9635 = AXIS2_PLACEMENT_3D('',#9636,#9637,#9638);
#9636 = CARTESIAN_POINT('',(39.316765162139,-65.96709834685,
    6.061056336895));
#9637 = DIRECTION('',(0.,6.499638748449E-02,0.99788549925));
#9638 = DIRECTION('',(0.,0.99788549925,-6.499638748449E-02));
#9639 = ADVANCED_FACE('',(#9640),#9657,.F.);
#9640 = FACE_BOUND('',#9641,.F.);
#9641 = EDGE_LOOP('',(#9642,#9650,#9656));
#9642 = ORIENTED_EDGE('',*,*,#9643,.T.);
#9643 = EDGE_CURVE('',#9492,#9644,#9646,.T.);
#9644 = VERTEX_POINT('',#9645);
#9645 = CARTESIAN_POINT('',(28.997999191284,-64.99900054931,
    5.998000144958));
#9646 = LINE('',#9647,#9648);
#9647 = CARTESIAN_POINT('',(49.002998352051,-64.99900054931,
    5.998000144958));
#9648 = VECTOR('',#9649,1.);
#9649 = DIRECTION('',(-1.,0.,0.));
#9650 = ORIENTED_EDGE('',*,*,#9651,.T.);
#9651 = EDGE_CURVE('',#9644,#8979,#9652,.T.);
#9652 = LINE('',#9653,#9654);
#9653 = CARTESIAN_POINT('',(28.997999191284,-64.99900054931,
    5.998000144958));
#9654 = VECTOR('',#9655,1.);
#9655 = DIRECTION('',(0.,-0.99788549925,6.499638748449E-02));
#9656 = ORIENTED_EDGE('',*,*,#9629,.F.);
#9657 = PLANE('',#9658);
#9658 = AXIS2_PLACEMENT_3D('',#9659,#9660,#9661);
#9659 = CARTESIAN_POINT('',(38.684232381196,-65.33590305695,
    6.019943991169));
#9660 = DIRECTION('',(0.,6.499638748449E-02,0.99788549925));
#9661 = DIRECTION('',(0.,0.99788549925,-6.499638748449E-02));
#9662 = ADVANCED_FACE('',(#9663),#9680,.F.);
#9663 = FACE_BOUND('',#9664,.F.);
#9664 = EDGE_LOOP('',(#9665,#9666,#9674));
#9665 = ORIENTED_EDGE('',*,*,#9500,.F.);
#9666 = ORIENTED_EDGE('',*,*,#9667,.T.);
#9667 = EDGE_CURVE('',#9469,#9668,#9670,.T.);
#9668 = VERTEX_POINT('',#9669);
#9669 = CARTESIAN_POINT('',(28.997999191284,-63.69300079345,
    6.083000183105));
#9670 = LINE('',#9671,#9672);
#9671 = CARTESIAN_POINT('',(49.002998352051,-63.69300079345,
    6.083000183105));
#9672 = VECTOR('',#9673,1.);
#9673 = DIRECTION('',(-1.,0.,0.));
#9674 = ORIENTED_EDGE('',*,*,#9675,.T.);
#9675 = EDGE_CURVE('',#9668,#9492,#9676,.T.);
#9676 = LINE('',#9677,#9678);
#9677 = CARTESIAN_POINT('',(28.997999191284,-63.69300079345,
    6.083000183105));
#9678 = VECTOR('',#9679,1.);
#9679 = DIRECTION('',(0.997866839522,-6.514440907107E-02,
    -4.239876180114E-03));
#9680 = PLANE('',#9681);
#9681 = AXIS2_PLACEMENT_3D('',#9682,#9683,#9684);
#9682 = CARTESIAN_POINT('',(39.316998225924,-64.03016943479,
    6.061055808884));
#9683 = DIRECTION('',(0.,-6.494685717728E-02,0.997888724128));
#9684 = DIRECTION('',(0.,0.997888724128,6.494685717728E-02));
#9685 = ADVANCED_FACE('',(#9686),#9696,.F.);
#9686 = FACE_BOUND('',#9687,.F.);
#9687 = EDGE_LOOP('',(#9688,#9694,#9695));
#9688 = ORIENTED_EDGE('',*,*,#9689,.T.);
#9689 = EDGE_CURVE('',#9668,#9644,#9690,.T.);
#9690 = LINE('',#9691,#9692);
#9691 = CARTESIAN_POINT('',(28.997999191284,-63.69300079345,
    6.083000183105));
#9692 = VECTOR('',#9693,1.);
#9693 = DIRECTION('',(0.,-0.997888724128,-6.494685717728E-02));
#9694 = ORIENTED_EDGE('',*,*,#9643,.F.);
#9695 = ORIENTED_EDGE('',*,*,#9675,.F.);
#9696 = PLANE('',#9697);
#9697 = AXIS2_PLACEMENT_3D('',#9698,#9699,#9700);
#9698 = CARTESIAN_POINT('',(38.683999317411,-64.66183190798,
    6.01994451918));
#9699 = DIRECTION('',(0.,-6.494685717728E-02,0.997888724128));
#9700 = DIRECTION('',(0.,0.997888724128,6.494685717728E-02));
#9701 = ADVANCED_FACE('',(#9702),#9712,.F.);
#9702 = FACE_BOUND('',#9703,.F.);
#9703 = EDGE_LOOP('',(#9704,#9710,#9711));
#9704 = ORIENTED_EDGE('',*,*,#9705,.T.);
#9705 = EDGE_CURVE('',#8979,#9538,#9706,.T.);
#9706 = LINE('',#9707,#9708);
#9707 = CARTESIAN_POINT('',(28.997999191284,-66.30400085449,
    6.083000183105));
#9708 = VECTOR('',#9709,1.);
#9709 = DIRECTION('',(0.997869016833,-6.399715769888E-02,
    1.271963250903E-02));
#9710 = ORIENTED_EDGE('',*,*,#9546,.F.);
#9711 = ORIENTED_EDGE('',*,*,#9622,.F.);
#9712 = PLANE('',#9713);
#9713 = AXIS2_PLACEMENT_3D('',#9714,#9715,#9716);
#9714 = CARTESIAN_POINT('',(39.316841602427,-66.63522557549,
    6.148832118156));
#9715 = DIRECTION('',(0.,0.194940038954,0.980815161594));
#9716 = DIRECTION('',(0.,0.980815161594,-0.194940038954));
#9717 = ADVANCED_FACE('',(#9718),#9728,.F.);
#9718 = FACE_BOUND('',#9719,.F.);
#9719 = EDGE_LOOP('',(#9720,#9726,#9727));
#9720 = ORIENTED_EDGE('',*,*,#9721,.T.);
#9721 = EDGE_CURVE('',#8949,#9538,#9722,.T.);
#9722 = LINE('',#9723,#9724);
#9723 = CARTESIAN_POINT('',(28.997999191284,-67.58699798584,
    6.337999820709));
#9724 = VECTOR('',#9725,1.);
#9725 = DIRECTION('',(1.,0.,0.));
#9726 = ORIENTED_EDGE('',*,*,#9705,.F.);
#9727 = ORIENTED_EDGE('',*,*,#8987,.T.);
#9728 = PLANE('',#9729);
#9729 = AXIS2_PLACEMENT_3D('',#9730,#9731,#9732);
#9730 = CARTESIAN_POINT('',(38.684155940908,-67.25577326483,
    6.272167885658));
#9731 = DIRECTION('',(0.,0.194940038954,0.980815161594));
#9732 = DIRECTION('',(0.,0.980815161594,-0.194940038954));
#9733 = ADVANCED_FACE('',(#9734),#9749,.F.);
#9734 = FACE_BOUND('',#9735,.F.);
#9735 = EDGE_LOOP('',(#9736,#9737,#9743));
#9736 = ORIENTED_EDGE('',*,*,#9061,.F.);
#9737 = ORIENTED_EDGE('',*,*,#9738,.T.);
#9738 = EDGE_CURVE('',#9062,#8957,#9739,.T.);
#9739 = LINE('',#9740,#9741);
#9740 = CARTESIAN_POINT('',(49.002998352051,-67.62200164794,
    6.349999904633));
#9741 = VECTOR('',#9742,1.);
#9742 = DIRECTION('',(-1.,0.,0.));
#9743 = ORIENTED_EDGE('',*,*,#9744,.T.);
#9744 = EDGE_CURVE('',#8957,#7537,#9745,.T.);
#9745 = LINE('',#9746,#9747);
#9746 = CARTESIAN_POINT('',(28.997999191284,-67.62200164794,
    6.349999904633));
#9747 = VECTOR('',#9748,1.);
#9748 = DIRECTION('',(0.972905813089,-0.231201814133,0.));
#9749 = PLANE('',#9750);
#9750 = AXIS2_PLACEMENT_3D('',#9751,#9752,#9753);
#9751 = CARTESIAN_POINT('',(40.049719789863,-68.94977953112,
    6.349999904633));
#9752 = DIRECTION('',(0.,0.,1.));
#9753 = DIRECTION('',(1.,0.,-0.));
#9754 = ADVANCED_FACE('',(#9755),#9772,.F.);
#9755 = FACE_BOUND('',#9756,.F.);
#9756 = EDGE_LOOP('',(#9757,#9765,#9771));
#9757 = ORIENTED_EDGE('',*,*,#9758,.T.);
#9758 = EDGE_CURVE('',#8957,#9759,#9761,.T.);
#9759 = VERTEX_POINT('',#9760);
#9760 = CARTESIAN_POINT('',(28.997999191284,-72.37599945068,
    6.349999904633));
#9761 = LINE('',#9762,#9763);
#9762 = CARTESIAN_POINT('',(28.997999191284,-67.62200164794,
    6.349999904633));
#9763 = VECTOR('',#9764,1.);
#9764 = DIRECTION('',(0.,-1.,0.));
#9765 = ORIENTED_EDGE('',*,*,#9766,.T.);
#9766 = EDGE_CURVE('',#9759,#7537,#9767,.T.);
#9767 = LINE('',#9768,#9769);
#9768 = CARTESIAN_POINT('',(28.997999191284,-72.37599945068,
    6.349999904633));
#9769 = VECTOR('',#9770,1.);
#9770 = DIRECTION('',(1.,0.,0.));
#9771 = ORIENTED_EDGE('',*,*,#9744,.F.);
#9772 = PLANE('',#9773);
#9773 = AXIS2_PLACEMENT_3D('',#9774,#9775,#9776);
#9774 = CARTESIAN_POINT('',(37.951277753472,-71.04822156751,
    6.349999904633));
#9775 = DIRECTION('',(0.,0.,1.));
#9776 = DIRECTION('',(1.,0.,-0.));
#9777 = ADVANCED_FACE('',(#9778),#9788,.F.);
#9778 = FACE_BOUND('',#9779,.F.);
#9779 = EDGE_LOOP('',(#9780,#9786,#9787));
#9780 = ORIENTED_EDGE('',*,*,#9781,.T.);
#9781 = EDGE_CURVE('',#9644,#8927,#9782,.T.);
#9782 = LINE('',#9783,#9784);
#9783 = CARTESIAN_POINT('',(28.997999191284,-64.99900054931,
    5.998000144958));
#9784 = VECTOR('',#9785,1.);
#9785 = DIRECTION('',(0.,0.991122038089,0.132955276746));
#9786 = ORIENTED_EDGE('',*,*,#8978,.F.);
#9787 = ORIENTED_EDGE('',*,*,#9651,.F.);
#9788 = PLANE('',#9789);
#9789 = AXIS2_PLACEMENT_3D('',#9790,#9791,#9792);
#9790 = CARTESIAN_POINT('',(28.997999191284,-64.33801707168,
    6.173085482204));
#9791 = DIRECTION('',(1.,0.,0.));
#9792 = DIRECTION('',(-0.,0.,1.));
#9793 = ADVANCED_FACE('',(#9794),#9804,.F.);
#9794 = FACE_BOUND('',#9795,.F.);
#9795 = EDGE_LOOP('',(#9796,#9802,#9803));
#9796 = ORIENTED_EDGE('',*,*,#9797,.T.);
#9797 = EDGE_CURVE('',#9668,#8927,#9798,.T.);
#9798 = LINE('',#9799,#9800);
#9799 = CARTESIAN_POINT('',(28.997999191284,-63.69300079345,
    6.083000183105));
#9800 = VECTOR('',#9801,1.);
#9801 = DIRECTION('',(0.,0.980091512459,0.198546284795));
#9802 = ORIENTED_EDGE('',*,*,#9781,.F.);
#9803 = ORIENTED_EDGE('',*,*,#9689,.F.);
#9804 = PLANE('',#9805);
#9805 = AXIS2_PLACEMENT_3D('',#9806,#9807,#9808);
#9806 = CARTESIAN_POINT('',(28.997999191284,-63.68404586426,
    6.151821969916));
#9807 = DIRECTION('',(1.,0.,0.));
#9808 = DIRECTION('',(-0.,0.,1.));
#9809 = ADVANCED_FACE('',(#9810),#9827,.F.);
#9810 = FACE_BOUND('',#9811,.F.);
#9811 = EDGE_LOOP('',(#9812,#9820,#9821));
#9812 = ORIENTED_EDGE('',*,*,#9813,.T.);
#9813 = EDGE_CURVE('',#9814,#8927,#9816,.T.);
#9814 = VERTEX_POINT('',#9815);
#9815 = CARTESIAN_POINT('',(28.997999191284,-62.40999984741,
    6.337999820709));
#9816 = LINE('',#9817,#9818);
#9817 = CARTESIAN_POINT('',(28.997999191284,-62.40999984741,
    6.337999820709));
#9818 = VECTOR('',#9819,1.);
#9819 = DIRECTION('',(0.,0.945944816281,0.324327619162));
#9820 = ORIENTED_EDGE('',*,*,#9797,.F.);
#9821 = ORIENTED_EDGE('',*,*,#9822,.T.);
#9822 = EDGE_CURVE('',#9668,#9814,#9823,.T.);
#9823 = LINE('',#9824,#9825);
#9824 = CARTESIAN_POINT('',(28.997999191284,-63.69300079345,
    6.083000183105));
#9825 = VECTOR('',#9826,1.);
#9826 = DIRECTION('',(0.,0.980815272415,0.194939481372));
#9827 = PLANE('',#9828);
#9828 = AXIS2_PLACEMENT_3D('',#9829,#9830,#9831);
#9829 = CARTESIAN_POINT('',(28.997999191284,-63.03368668083,
    6.215335989238));
#9830 = DIRECTION('',(1.,0.,0.));
#9831 = DIRECTION('',(-0.,0.,1.));
#9832 = ADVANCED_FACE('',(#9833),#9843,.F.);
#9833 = FACE_BOUND('',#9834,.F.);
#9834 = EDGE_LOOP('',(#9835,#9836,#9837));
#9835 = ORIENTED_EDGE('',*,*,#9667,.F.);
#9836 = ORIENTED_EDGE('',*,*,#9477,.F.);
#9837 = ORIENTED_EDGE('',*,*,#9838,.T.);
#9838 = EDGE_CURVE('',#9446,#9668,#9839,.T.);
#9839 = LINE('',#9840,#9841);
#9840 = CARTESIAN_POINT('',(49.002998352051,-62.40999984741,
    6.337999820709));
#9841 = VECTOR('',#9842,1.);
#9842 = DIRECTION('',(-0.997869004682,-6.39973472004E-02,
    -1.271963235414E-02));
#9843 = PLANE('',#9844);
#9844 = AXIS2_PLACEMENT_3D('',#9845,#9846,#9847);
#9845 = CARTESIAN_POINT('',(39.316842476773,-63.36177505773,
    6.148832124099));
#9846 = DIRECTION('',(0.,-0.194939481372,0.980815272415));
#9847 = DIRECTION('',(0.,0.980815272415,0.194939481372));
#9848 = ADVANCED_FACE('',(#9849),#9859,.F.);
#9849 = FACE_BOUND('',#9850,.F.);
#9850 = EDGE_LOOP('',(#9851,#9857,#9858));
#9851 = ORIENTED_EDGE('',*,*,#9852,.T.);
#9852 = EDGE_CURVE('',#9446,#9814,#9853,.T.);
#9853 = LINE('',#9854,#9855);
#9854 = CARTESIAN_POINT('',(49.002998352051,-62.40999984741,
    6.337999820709));
#9855 = VECTOR('',#9856,1.);
#9856 = DIRECTION('',(-1.,0.,0.));
#9857 = ORIENTED_EDGE('',*,*,#9822,.F.);
#9858 = ORIENTED_EDGE('',*,*,#9838,.F.);
#9859 = PLANE('',#9860);
#9860 = AXIS2_PLACEMENT_3D('',#9861,#9862,#9863);
#9861 = CARTESIAN_POINT('',(38.684155066562,-62.74122558313,
    6.272167879716));
#9862 = DIRECTION('',(0.,-0.194939481372,0.980815272415));
#9863 = DIRECTION('',(0.,0.980815272415,0.194939481372));
#9864 = ADVANCED_FACE('',(#9865),#9875,.F.);
#9865 = FACE_BOUND('',#9866,.F.);
#9866 = EDGE_LOOP('',(#9867,#9873,#9874));
#9867 = ORIENTED_EDGE('',*,*,#9868,.T.);
#9868 = EDGE_CURVE('',#8957,#9538,#9869,.T.);
#9869 = LINE('',#9870,#9871);
#9870 = CARTESIAN_POINT('',(28.997999191284,-67.62200164794,
    6.349999904633));
#9871 = VECTOR('',#9872,1.);
#9872 = DIRECTION('',(0.999998289287,1.749742749142E-03,
    -5.998532315948E-04));
#9873 = ORIENTED_EDGE('',*,*,#9721,.F.);
#9874 = ORIENTED_EDGE('',*,*,#8964,.F.);
#9875 = PLANE('',#9876);
#9876 = AXIS2_PLACEMENT_3D('',#9877,#9878,#9879);
#9877 = CARTESIAN_POINT('',(38.991256454538,-67.59575699469,
    6.341002616275));
#9878 = DIRECTION('',(0.,0.324295991318,0.945955659646));
#9879 = DIRECTION('',(0.,0.945955659646,-0.324295991318));
#9880 = ADVANCED_FACE('',(#9881),#9886,.F.);
#9881 = FACE_BOUND('',#9882,.F.);
#9882 = EDGE_LOOP('',(#9883,#9884,#9885));
#9883 = ORIENTED_EDGE('',*,*,#9537,.F.);
#9884 = ORIENTED_EDGE('',*,*,#9868,.F.);
#9885 = ORIENTED_EDGE('',*,*,#9738,.F.);
#9886 = PLANE('',#9887);
#9887 = AXIS2_PLACEMENT_3D('',#9888,#9889,#9890);
#9888 = CARTESIAN_POINT('',(39.009741088797,-67.61324263909,
    6.346997109066));
#9889 = DIRECTION('',(0.,0.324295991318,0.945955659646));
#9890 = DIRECTION('',(0.,0.945955659646,-0.324295991318));
#9891 = ADVANCED_FACE('',(#9892),#9909,.F.);
#9892 = FACE_BOUND('',#9893,.F.);
#9893 = EDGE_LOOP('',(#9894,#9902,#9903));
#9894 = ORIENTED_EDGE('',*,*,#9895,.T.);
#9895 = EDGE_CURVE('',#9896,#7413,#9898,.T.);
#9896 = VERTEX_POINT('',#9897);
#9897 = CARTESIAN_POINT('',(28.997999191284,-77.62300109863,
    6.349999904633));
#9898 = LINE('',#9899,#9900);
#9899 = CARTESIAN_POINT('',(28.997999191284,-77.62300109863,
    6.349999904633));
#9900 = VECTOR('',#9901,1.);
#9901 = DIRECTION('',(0.972916745534,-0.231155805159,0.));
#9902 = ORIENTED_EDGE('',*,*,#9024,.F.);
#9903 = ORIENTED_EDGE('',*,*,#9904,.T.);
#9904 = EDGE_CURVE('',#7490,#9896,#9905,.T.);
#9905 = LINE('',#9906,#9907);
#9906 = CARTESIAN_POINT('',(49.002998352051,-77.62300109863,
    6.349999904633));
#9907 = VECTOR('',#9908,1.);
#9908 = DIRECTION('',(-1.,0.,0.));
#9909 = PLANE('',#9910);
#9910 = AXIS2_PLACEMENT_3D('',#9911,#9912,#9913);
#9911 = CARTESIAN_POINT('',(40.049527690147,-78.95047135617,
    6.349999904633));
#9912 = DIRECTION('',(0.,0.,1.));
#9913 = DIRECTION('',(1.,0.,-0.));
#9914 = ADVANCED_FACE('',(#9915),#9932,.F.);
#9915 = FACE_BOUND('',#9916,.F.);
#9916 = EDGE_LOOP('',(#9917,#9925,#9931));
#9917 = ORIENTED_EDGE('',*,*,#9918,.T.);
#9918 = EDGE_CURVE('',#9896,#9919,#9921,.T.);
#9919 = VERTEX_POINT('',#9920);
#9920 = CARTESIAN_POINT('',(28.997999191284,-82.37599945068,
    6.349999904633));
#9921 = LINE('',#9922,#9923);
#9922 = CARTESIAN_POINT('',(28.997999191284,-77.62300109863,
    6.349999904633));
#9923 = VECTOR('',#9924,1.);
#9924 = DIRECTION('',(0.,-1.,0.));
#9925 = ORIENTED_EDGE('',*,*,#9926,.T.);
#9926 = EDGE_CURVE('',#9919,#7413,#9927,.T.);
#9927 = LINE('',#9928,#9929);
#9928 = CARTESIAN_POINT('',(28.997999191284,-82.37599945068,
    6.349999904633));
#9929 = VECTOR('',#9930,1.);
#9930 = DIRECTION('',(1.,0.,0.));
#9931 = ORIENTED_EDGE('',*,*,#9895,.F.);
#9932 = PLANE('',#9933);
#9933 = AXIS2_PLACEMENT_3D('',#9934,#9935,#9936);
#9934 = CARTESIAN_POINT('',(37.951469853188,-81.04852919313,
    6.349999904633));
#9935 = DIRECTION('',(0.,0.,1.));
#9936 = DIRECTION('',(1.,0.,-0.));
#9937 = ADVANCED_FACE('',(#9938),#9948,.F.);
#9938 = FACE_BOUND('',#9939,.F.);
#9939 = EDGE_LOOP('',(#9940,#9941,#9942));
#9940 = ORIENTED_EDGE('',*,*,#9813,.F.);
#9941 = ORIENTED_EDGE('',*,*,#9852,.F.);
#9942 = ORIENTED_EDGE('',*,*,#9943,.T.);
#9943 = EDGE_CURVE('',#9446,#8927,#9944,.T.);
#9944 = LINE('',#9945,#9946);
#9945 = CARTESIAN_POINT('',(49.002998352051,-62.40999984741,
    6.337999820709));
#9946 = VECTOR('',#9947,1.);
#9947 = DIRECTION('',(-0.99999828962,1.749552062853E-03,
    5.998532317949E-04));
#9948 = PLANE('',#9949);
#9949 = AXIS2_PLACEMENT_3D('',#9950,#9951,#9952);
#9950 = CARTESIAN_POINT('',(38.991257354998,-62.40124179389,
    6.341002616005));
#9951 = DIRECTION('',(0.,-0.324327619162,0.945944816281));
#9952 = DIRECTION('',(0.,0.945944816281,0.324327619162));
#9953 = ADVANCED_FACE('',(#9954),#9959,.F.);
#9954 = FACE_BOUND('',#9955,.F.);
#9955 = EDGE_LOOP('',(#9956,#9957,#9958));
#9956 = ORIENTED_EDGE('',*,*,#9454,.F.);
#9957 = ORIENTED_EDGE('',*,*,#9430,.F.);
#9958 = ORIENTED_EDGE('',*,*,#9943,.F.);
#9959 = PLANE('',#9960);
#9960 = AXIS2_PLACEMENT_3D('',#9961,#9962,#9963);
#9961 = CARTESIAN_POINT('',(39.009740188337,-62.38375805351,
    6.346997109337));
#9962 = DIRECTION('',(0.,-0.324327619162,0.945944816281));
#9963 = DIRECTION('',(0.,0.945944816281,0.324327619162));
#9964 = ADVANCED_FACE('',(#9965),#9975,.F.);
#9965 = FACE_BOUND('',#9966,.F.);
#9966 = EDGE_LOOP('',(#9967,#9968,#9969));
#9967 = ORIENTED_EDGE('',*,*,#9379,.F.);
#9968 = ORIENTED_EDGE('',*,*,#9276,.F.);
#9969 = ORIENTED_EDGE('',*,*,#9970,.F.);
#9970 = EDGE_CURVE('',#9380,#9140,#9971,.T.);
#9971 = LINE('',#9972,#9973);
#9972 = CARTESIAN_POINT('',(28.997999191284,-56.3030014038,
    6.083000183105));
#9973 = VECTOR('',#9974,1.);
#9974 = DIRECTION('',(0.,0.997697781318,6.781693853823E-02));
#9975 = PLANE('',#9976);
#9976 = AXIS2_PLACEMENT_3D('',#9977,#9978,#9979);
#9977 = CARTESIAN_POINT('',(28.997999191284,-54.33751606364,
    6.173079881541));
#9978 = DIRECTION('',(1.,0.,0.));
#9979 = DIRECTION('',(-0.,0.,1.));
#9980 = ADVANCED_FACE('',(#9981),#10003,.F.);
#9981 = FACE_BOUND('',#9982,.F.);
#9982 = EDGE_LOOP('',(#9983,#9989,#9997));
#9983 = ORIENTED_EDGE('',*,*,#9984,.T.);
#9984 = EDGE_CURVE('',#9140,#9403,#9985,.T.);
#9985 = LINE('',#9986,#9987);
#9986 = CARTESIAN_POINT('',(28.997999191284,-52.375,6.349999904633));
#9987 = VECTOR('',#9988,1.);
#9988 = DIRECTION('',(0.,-1.,0.));
#9989 = ORIENTED_EDGE('',*,*,#9990,.T.);
#9990 = EDGE_CURVE('',#9403,#9991,#9993,.T.);
#9991 = VERTEX_POINT('',#9992);
#9992 = CARTESIAN_POINT('',(28.997999191284,-57.58599853515,
    6.337999820709));
#9993 = LINE('',#9994,#9995);
#9994 = CARTESIAN_POINT('',(28.997999191284,-57.62099838256,
    6.349999904633));
#9995 = VECTOR('',#9996,1.);
#9996 = DIRECTION('',(0.,0.945944816281,-0.324327619162));
#9997 = ORIENTED_EDGE('',*,*,#9998,.T.);
#9998 = EDGE_CURVE('',#9991,#9140,#9999,.T.);
#9999 = LINE('',#10000,#10001);
#10000 = CARTESIAN_POINT('',(28.997999191284,-57.58599853515,
    6.337999820709));
#10001 = VECTOR('',#10002,1.);
#10002 = DIRECTION('',(0.,0.99999734848,2.302831602027E-03));
#10003 = PLANE('',#10004);
#10004 = AXIS2_PLACEMENT_3D('',#10005,#10006,#10007);
#10005 = CARTESIAN_POINT('',(28.997999191284,-54.99849574587,
    6.346999307933));
#10006 = DIRECTION('',(1.,0.,0.));
#10007 = DIRECTION('',(-0.,0.,1.));
#10008 = ADVANCED_FACE('',(#10009),#10019,.F.);
#10009 = FACE_BOUND('',#10010,.F.);
#10010 = EDGE_LOOP('',(#10011,#10012,#10018));
#10011 = ORIENTED_EDGE('',*,*,#9998,.F.);
#10012 = ORIENTED_EDGE('',*,*,#10013,.T.);
#10013 = EDGE_CURVE('',#9991,#9380,#10014,.T.);
#10014 = LINE('',#10015,#10016);
#10015 = CARTESIAN_POINT('',(28.997999191284,-57.58599853515,
    6.337999820709));
#10016 = VECTOR('',#10017,1.);
#10017 = DIRECTION('',(0.,0.980815161594,-0.194940038954));
#10018 = ORIENTED_EDGE('',*,*,#9970,.T.);
#10019 = PLANE('',#10020);
#10020 = AXIS2_PLACEMENT_3D('',#10021,#10022,#10023);
#10021 = CARTESIAN_POINT('',(28.997999191284,-54.98465692146,
    6.279291151262));
#10022 = DIRECTION('',(1.,0.,0.));
#10023 = DIRECTION('',(-0.,0.,1.));
#10024 = ADVANCED_FACE('',(#10025),#10040,.F.);
#10025 = FACE_BOUND('',#10026,.F.);
#10026 = EDGE_LOOP('',(#10027,#10028,#10034));
#10027 = ORIENTED_EDGE('',*,*,#9918,.F.);
#10028 = ORIENTED_EDGE('',*,*,#10029,.T.);
#10029 = EDGE_CURVE('',#9896,#8903,#10030,.T.);
#10030 = LINE('',#10031,#10032);
#10031 = CARTESIAN_POINT('',(28.997999191284,-77.62300109863,
    6.349999904633));
#10032 = VECTOR('',#10033,1.);
#10033 = DIRECTION('',(-0.995034763849,-9.952797964525E-02,0.));
#10034 = ORIENTED_EDGE('',*,*,#10035,.T.);
#10035 = EDGE_CURVE('',#8903,#9919,#10036,.T.);
#10036 = LINE('',#10037,#10038);
#10037 = CARTESIAN_POINT('',(12.751999855042,-79.24800109863,
    6.349999904633));
#10038 = VECTOR('',#10039,1.);
#10039 = DIRECTION('',(0.98196418941,-0.1890670006,0.));
#10040 = PLANE('',#10041);
#10041 = AXIS2_PLACEMENT_3D('',#10042,#10043,#10044);
#10042 = CARTESIAN_POINT('',(21.901156652494,-79.67808162557,
    6.349999904633));
#10043 = DIRECTION('',(0.,0.,1.));
#10044 = DIRECTION('',(1.,0.,-0.));
#10045 = ADVANCED_FACE('',(#10046),#10056,.F.);
#10046 = FACE_BOUND('',#10047,.F.);
#10047 = EDGE_LOOP('',(#10048,#10054,#10055));
#10048 = ORIENTED_EDGE('',*,*,#10049,.T.);
#10049 = EDGE_CURVE('',#9380,#9562,#10050,.T.);
#10050 = LINE('',#10051,#10052);
#10051 = CARTESIAN_POINT('',(28.997999191284,-56.3030014038,
    6.083000183105));
#10052 = VECTOR('',#10053,1.);
#10053 = DIRECTION('',(1.,0.,0.));
#10054 = ORIENTED_EDGE('',*,*,#9561,.F.);
#10055 = ORIENTED_EDGE('',*,*,#9387,.F.);
#10056 = PLANE('',#10057);
#10057 = AXIS2_PLACEMENT_3D('',#10058,#10059,#10060);
#10058 = CARTESIAN_POINT('',(39.316765162139,-55.96609889617,
    6.061056336895));
#10059 = DIRECTION('',(0.,6.499638748449E-02,0.99788549925));
#10060 = DIRECTION('',(0.,0.99788549925,-6.499638748449E-02));
#10061 = ADVANCED_FACE('',(#10062),#10077,.F.);
#10062 = FACE_BOUND('',#10063,.F.);
#10063 = EDGE_LOOP('',(#10064,#10065,#10071));
#10064 = ORIENTED_EDGE('',*,*,#10013,.F.);
#10065 = ORIENTED_EDGE('',*,*,#10066,.T.);
#10066 = EDGE_CURVE('',#9991,#9585,#10067,.T.);
#10067 = LINE('',#10068,#10069);
#10068 = CARTESIAN_POINT('',(28.997999191284,-57.58599853515,
    6.337999820709));
#10069 = VECTOR('',#10070,1.);
#10070 = DIRECTION('',(1.,0.,0.));
#10071 = ORIENTED_EDGE('',*,*,#10072,.T.);
#10072 = EDGE_CURVE('',#9585,#9380,#10073,.T.);
#10073 = LINE('',#10074,#10075);
#10074 = CARTESIAN_POINT('',(49.002998352051,-57.58599853515,
    6.337999820709));
#10075 = VECTOR('',#10076,1.);
#10076 = DIRECTION('',(-0.997869016833,6.399715769888E-02,
    -1.271963250903E-02));
#10077 = PLANE('',#10078);
#10078 = AXIS2_PLACEMENT_3D('',#10079,#10080,#10081);
#10079 = CARTESIAN_POINT('',(38.684155940908,-57.25477381415,
    6.272167885658));
#10080 = DIRECTION('',(0.,0.194940038954,0.980815161594));
#10081 = DIRECTION('',(0.,0.980815161594,-0.194940038954));
#10082 = ADVANCED_FACE('',(#10083),#10088,.F.);
#10083 = FACE_BOUND('',#10084,.F.);
#10084 = EDGE_LOOP('',(#10085,#10086,#10087));
#10085 = ORIENTED_EDGE('',*,*,#9584,.F.);
#10086 = ORIENTED_EDGE('',*,*,#10049,.F.);
#10087 = ORIENTED_EDGE('',*,*,#10072,.F.);
#10088 = PLANE('',#10089);
#10089 = AXIS2_PLACEMENT_3D('',#10090,#10091,#10092);
#10090 = CARTESIAN_POINT('',(39.316841602427,-56.63422612481,
    6.148832118156));
#10091 = DIRECTION('',(0.,0.194940038954,0.980815161594));
#10092 = DIRECTION('',(0.,0.980815161594,-0.194940038954));
#10093 = ADVANCED_FACE('',(#10094),#10104,.F.);
#10094 = FACE_BOUND('',#10095,.F.);
#10095 = EDGE_LOOP('',(#10096,#10102,#10103));
#10096 = ORIENTED_EDGE('',*,*,#10097,.T.);
#10097 = EDGE_CURVE('',#9403,#9585,#10098,.T.);
#10098 = LINE('',#10099,#10100);
#10099 = CARTESIAN_POINT('',(28.997999191284,-57.62099838256,
    6.349999904633));
#10100 = VECTOR('',#10101,1.);
#10101 = DIRECTION('',(0.99999828962,1.749552062853E-03,
    -5.998532317949E-04));
#10102 = ORIENTED_EDGE('',*,*,#10066,.F.);
#10103 = ORIENTED_EDGE('',*,*,#9990,.F.);
#10104 = PLANE('',#10105);
#10105 = AXIS2_PLACEMENT_3D('',#10106,#10107,#10108);
#10106 = CARTESIAN_POINT('',(38.991257354998,-57.59475658866,
    6.341002616005));
#10107 = DIRECTION('',(0.,0.324327619162,0.945944816281));
#10108 = DIRECTION('',(0.,0.945944816281,-0.324327619162));
#10109 = ADVANCED_FACE('',(#10110),#10115,.F.);
#10110 = FACE_BOUND('',#10111,.F.);
#10111 = EDGE_LOOP('',(#10112,#10113,#10114));
#10112 = ORIENTED_EDGE('',*,*,#9606,.F.);
#10113 = ORIENTED_EDGE('',*,*,#10097,.F.);
#10114 = ORIENTED_EDGE('',*,*,#9402,.F.);
#10115 = PLANE('',#10116);
#10116 = AXIS2_PLACEMENT_3D('',#10117,#10118,#10119);
#10117 = CARTESIAN_POINT('',(39.009740188337,-57.61224032905,
    6.346997109337));
#10118 = DIRECTION('',(0.,0.324327619162,0.945944816281));
#10119 = DIRECTION('',(0.,0.945944816281,-0.324327619162));
#10120 = ADVANCED_FACE('',(#10121),#10131,.F.);
#10121 = FACE_BOUND('',#10122,.F.);
#10122 = EDGE_LOOP('',(#10123,#10124,#10130));
#10123 = ORIENTED_EDGE('',*,*,#9424,.F.);
#10124 = ORIENTED_EDGE('',*,*,#10125,.T.);
#10125 = EDGE_CURVE('',#9403,#8209,#10126,.T.);
#10126 = LINE('',#10127,#10128);
#10127 = CARTESIAN_POINT('',(28.997999191284,-57.62099838256,
    6.349999904633));
#10128 = VECTOR('',#10129,1.);
#10129 = DIRECTION('',(-0.840777461864,0.541380882209,0.));
#10130 = ORIENTED_EDGE('',*,*,#8934,.T.);
#10131 = PLANE('',#10132);
#10132 = AXIS2_PLACEMENT_3D('',#10133,#10134,#10135);
#10133 = CARTESIAN_POINT('',(10.802703129844,-47.18391982203,
    6.349999904633));
#10134 = DIRECTION('',(0.,0.,1.));
#10135 = DIRECTION('',(1.,0.,-0.));
#10136 = ADVANCED_FACE('',(#10137),#10147,.F.);
#10137 = FACE_BOUND('',#10138,.F.);
#10138 = EDGE_LOOP('',(#10139,#10145,#10146));
#10139 = ORIENTED_EDGE('',*,*,#10140,.T.);
#10140 = EDGE_CURVE('',#9140,#8209,#10141,.T.);
#10141 = LINE('',#10142,#10143);
#10142 = CARTESIAN_POINT('',(28.997999191284,-52.375,6.349999904633));
#10143 = VECTOR('',#10144,1.);
#10144 = DIRECTION('',(-0.892020849955,0.451994251342,0.));
#10145 = ORIENTED_EDGE('',*,*,#10125,.F.);
#10146 = ORIENTED_EDGE('',*,*,#9984,.F.);
#10147 = PLANE('',#10148);
#10148 = AXIS2_PLACEMENT_3D('',#10149,#10150,#10151);
#10149 = CARTESIAN_POINT('',(10.95115137361,-44.65213854566,
    6.349999904633));
#10150 = DIRECTION('',(0.,0.,1.));
#10151 = DIRECTION('',(1.,0.,-0.));
#10152 = ADVANCED_FACE('',(#10153),#10163,.F.);
#10153 = FACE_BOUND('',#10154,.F.);
#10154 = EDGE_LOOP('',(#10155,#10161,#10162));
#10155 = ORIENTED_EDGE('',*,*,#10156,.T.);
#10156 = EDGE_CURVE('',#9002,#8209,#10157,.T.);
#10157 = LINE('',#10158,#10159);
#10158 = CARTESIAN_POINT('',(57.,-33.,6.349999904633));
#10159 = VECTOR('',#10160,1.);
#10160 = DIRECTION('',(-1.,0.,0.));
#10161 = ORIENTED_EDGE('',*,*,#10140,.F.);
#10162 = ORIENTED_EDGE('',*,*,#9208,.F.);
#10163 = PLANE('',#10164);
#10164 = AXIS2_PLACEMENT_3D('',#10165,#10166,#10167);
#10165 = CARTESIAN_POINT('',(24.235719898644,-38.20504698709,
    6.349999904633));
#10166 = DIRECTION('',(0.,0.,1.));
#10167 = DIRECTION('',(1.,0.,-0.));
#10168 = ADVANCED_FACE('',(#10169),#10184,.F.);
#10169 = FACE_BOUND('',#10170,.F.);
#10170 = EDGE_LOOP('',(#10171,#10172,#10178));
#10171 = ORIENTED_EDGE('',*,*,#8689,.F.);
#10172 = ORIENTED_EDGE('',*,*,#10173,.F.);
#10173 = EDGE_CURVE('',#8598,#8690,#10174,.T.);
#10174 = LINE('',#10175,#10176);
#10175 = CARTESIAN_POINT('',(-59.00299835205,-63.99900054931,
    5.998000144958));
#10176 = VECTOR('',#10177,1.);
#10177 = DIRECTION('',(0.,-0.991115361117,0.133005041098));
#10178 = ORIENTED_EDGE('',*,*,#10179,.T.);
#10179 = EDGE_CURVE('',#8598,#8498,#10180,.T.);
#10180 = LINE('',#10181,#10182);
#10181 = CARTESIAN_POINT('',(-59.00299835205,-63.99900054931,
    5.998000144958));
#10182 = VECTOR('',#10183,1.);
#10183 = DIRECTION('',(0.,0.997888724128,6.494685717728E-02));
#10184 = PLANE('',#10185);
#10185 = AXIS2_PLACEMENT_3D('',#10186,#10187,#10188);
#10186 = CARTESIAN_POINT('',(-59.00299835205,-64.65898732331,
    6.173068615019));
#10187 = DIRECTION('',(1.,0.,0.));
#10188 = DIRECTION('',(-0.,0.,1.));
#10189 = ADVANCED_FACE('',(#10190),#10212,.F.);
#10190 = FACE_BOUND('',#10191,.F.);
#10191 = EDGE_LOOP('',(#10192,#10200,#10206));
#10192 = ORIENTED_EDGE('',*,*,#10193,.T.);
#10193 = EDGE_CURVE('',#10194,#8690,#10196,.T.);
#10194 = VERTEX_POINT('',#10195);
#10195 = CARTESIAN_POINT('',(-59.00299835205,-65.30400085449,
    6.083000183105));
#10196 = LINE('',#10197,#10198);
#10197 = CARTESIAN_POINT('',(-59.00299835205,-65.30400085449,
    6.083000183105));
#10198 = VECTOR('',#10199,1.);
#10199 = DIRECTION('',(0.,-0.980091512459,0.198546284795));
#10200 = ORIENTED_EDGE('',*,*,#10201,.T.);
#10201 = EDGE_CURVE('',#8690,#8474,#10202,.T.);
#10202 = LINE('',#10203,#10204);
#10203 = CARTESIAN_POINT('',(-59.00299835205,-66.62200164794,
    6.349999904633));
#10204 = VECTOR('',#10205,1.);
#10205 = DIRECTION('',(0.,0.945955659646,-0.324295991318));
#10206 = ORIENTED_EDGE('',*,*,#10207,.T.);
#10207 = EDGE_CURVE('',#8474,#10194,#10208,.T.);
#10208 = LINE('',#10209,#10210);
#10209 = CARTESIAN_POINT('',(-59.00299835205,-66.58699798584,
    6.337999820709));
#10210 = VECTOR('',#10211,1.);
#10211 = DIRECTION('',(0.,0.980815161594,-0.194940038954));
#10212 = PLANE('',#10213);
#10213 = AXIS2_PLACEMENT_3D('',#10214,#10215,#10216);
#10214 = CARTESIAN_POINT('',(-59.00299835205,-65.96331489827,
    6.21533616857));
#10215 = DIRECTION('',(1.,0.,0.));
#10216 = DIRECTION('',(-0.,0.,1.));
#10217 = ADVANCED_FACE('',(#10218),#10228,.F.);
#10218 = FACE_BOUND('',#10219,.F.);
#10219 = EDGE_LOOP('',(#10220,#10221,#10222));
#10220 = ORIENTED_EDGE('',*,*,#10173,.T.);
#10221 = ORIENTED_EDGE('',*,*,#10193,.F.);
#10222 = ORIENTED_EDGE('',*,*,#10223,.T.);
#10223 = EDGE_CURVE('',#10194,#8598,#10224,.T.);
#10224 = LINE('',#10225,#10226);
#10225 = CARTESIAN_POINT('',(-59.00299835205,-65.30400085449,
    6.083000183105));
#10226 = VECTOR('',#10227,1.);
#10227 = DIRECTION('',(0.,0.99788549925,-6.499638748449E-02));
#10228 = PLANE('',#10229);
#10229 = AXIS2_PLACEMENT_3D('',#10230,#10231,#10232);
#10230 = CARTESIAN_POINT('',(-59.00299835205,-65.31345382997,
    6.151838776043));
#10231 = DIRECTION('',(1.,0.,0.));
#10232 = DIRECTION('',(-0.,0.,1.));
#10233 = ADVANCED_FACE('',(#10234),#10249,.F.);
#10234 = FACE_BOUND('',#10235,.F.);
#10235 = EDGE_LOOP('',(#10236,#10242,#10243));
#10236 = ORIENTED_EDGE('',*,*,#10237,.T.);
#10237 = EDGE_CURVE('',#7359,#9919,#10238,.T.);
#10238 = LINE('',#10239,#10240);
#10239 = CARTESIAN_POINT('',(28.997999191284,-87.62300109863,
    6.349999904633));
#10240 = VECTOR('',#10241,1.);
#10241 = DIRECTION('',(0.,1.,0.));
#10242 = ORIENTED_EDGE('',*,*,#10035,.F.);
#10243 = ORIENTED_EDGE('',*,*,#10244,.F.);
#10244 = EDGE_CURVE('',#7359,#8903,#10245,.T.);
#10245 = LINE('',#10246,#10247);
#10246 = CARTESIAN_POINT('',(28.997999191284,-87.62300109863,
    6.349999904633));
#10247 = VECTOR('',#10248,1.);
#10248 = DIRECTION('',(-0.888844245291,0.458209458233,0.));
#10249 = PLANE('',#10250);
#10250 = AXIS2_PLACEMENT_3D('',#10251,#10252,#10253);
#10251 = CARTESIAN_POINT('',(21.938697871657,-82.55706978565,
    6.349999904633));
#10252 = DIRECTION('',(0.,0.,1.));
#10253 = DIRECTION('',(1.,0.,-0.));
#10254 = ADVANCED_FACE('',(#10255),#10279,.F.);
#10255 = FACE_BOUND('',#10256,.F.);
#10256 = EDGE_LOOP('',(#10257,#10267,#10273));
#10257 = ORIENTED_EDGE('',*,*,#10258,.T.);
#10258 = EDGE_CURVE('',#10259,#10261,#10263,.T.);
#10259 = VERTEX_POINT('',#10260);
#10260 = CARTESIAN_POINT('',(-3.237999916077,-85.24900054931,
    2.99799990654));
#10261 = VERTEX_POINT('',#10262);
#10262 = CARTESIAN_POINT('',(12.751999855042,-79.24800109863,
    2.99799990654));
#10263 = LINE('',#10264,#10265);
#10264 = CARTESIAN_POINT('',(-3.237999916077,-85.24900054931,
    2.99799990654));
#10265 = VECTOR('',#10266,1.);
#10266 = DIRECTION('',(0.936237718234,0.351367236601,0.));
#10267 = ORIENTED_EDGE('',*,*,#10268,.T.);
#10268 = EDGE_CURVE('',#10261,#7669,#10269,.T.);
#10269 = LINE('',#10270,#10271);
#10270 = CARTESIAN_POINT('',(12.751999855042,-79.24800109863,
    2.99799990654));
#10271 = VECTOR('',#10272,1.);
#10272 = DIRECTION('',(-1.,0.,0.));
#10273 = ORIENTED_EDGE('',*,*,#10274,.T.);
#10274 = EDGE_CURVE('',#7669,#10259,#10275,.T.);
#10275 = LINE('',#10276,#10277);
#10276 = CARTESIAN_POINT('',(-16.96299934387,-79.24800109863,
    2.99799990654));
#10277 = VECTOR('',#10278,1.);
#10278 = DIRECTION('',(0.916247715255,-0.400612186897,0.));
#10279 = PLANE('',#10280);
#10280 = AXIS2_PLACEMENT_3D('',#10281,#10282,#10283);
#10281 = CARTESIAN_POINT('',(-2.146894176995,-80.80516752728,
    2.99799990654));
#10282 = DIRECTION('',(0.,0.,1.));
#10283 = DIRECTION('',(1.,0.,-0.));
#10284 = ADVANCED_FACE('',(#10285),#10302,.F.);
#10285 = FACE_BOUND('',#10286,.F.);
#10286 = EDGE_LOOP('',(#10287,#10288,#10296));
#10287 = ORIENTED_EDGE('',*,*,#10258,.F.);
#10288 = ORIENTED_EDGE('',*,*,#10289,.T.);
#10289 = EDGE_CURVE('',#10259,#10290,#10292,.T.);
#10290 = VERTEX_POINT('',#10291);
#10291 = CARTESIAN_POINT('',(5.750999927521,-85.24900054931,
    2.99799990654));
#10292 = LINE('',#10293,#10294);
#10293 = CARTESIAN_POINT('',(-3.237999916077,-85.24900054931,
    2.99799990654));
#10294 = VECTOR('',#10295,1.);
#10295 = DIRECTION('',(1.,0.,0.));
#10296 = ORIENTED_EDGE('',*,*,#10297,.F.);
#10297 = EDGE_CURVE('',#10261,#10290,#10298,.T.);
#10298 = LINE('',#10299,#10300);
#10299 = CARTESIAN_POINT('',(12.751999855042,-79.24800109863,
    2.99799990654));
#10300 = VECTOR('',#10301,1.);
#10301 = DIRECTION('',(-0.759248973221,-0.650800274018,0.));
#10302 = PLANE('',#10303);
#10303 = AXIS2_PLACEMENT_3D('',#10304,#10305,#10306);
#10304 = CARTESIAN_POINT('',(5.039739580202,-83.01280500408,
    2.99799990654));
#10305 = DIRECTION('',(0.,0.,1.));
#10306 = DIRECTION('',(1.,0.,-0.));
#10307 = ADVANCED_FACE('',(#10308),#10330,.F.);
#10308 = FACE_BOUND('',#10309,.F.);
#10309 = EDGE_LOOP('',(#10310,#10316,#10324));
#10310 = ORIENTED_EDGE('',*,*,#10311,.T.);
#10311 = EDGE_CURVE('',#8903,#10290,#10312,.T.);
#10312 = LINE('',#10313,#10314);
#10313 = CARTESIAN_POINT('',(12.751999855042,-79.24800109863,
    6.349999904633));
#10314 = VECTOR('',#10315,1.);
#10315 = DIRECTION('',(-0.713563886211,-0.611640698973,-0.341646360517)
  );
#10316 = ORIENTED_EDGE('',*,*,#10317,.T.);
#10317 = EDGE_CURVE('',#10290,#10318,#10320,.T.);
#10318 = VERTEX_POINT('',#10319);
#10319 = CARTESIAN_POINT('',(5.750999927521,-85.24900054931,
    6.349999904633));
#10320 = LINE('',#10321,#10322);
#10321 = CARTESIAN_POINT('',(5.750999927521,-85.24900054931,
    2.99799990654));
#10322 = VECTOR('',#10323,1.);
#10323 = DIRECTION('',(0.,0.,1.));
#10324 = ORIENTED_EDGE('',*,*,#10325,.T.);
#10325 = EDGE_CURVE('',#10318,#8903,#10326,.T.);
#10326 = LINE('',#10327,#10328);
#10327 = CARTESIAN_POINT('',(5.750999927521,-85.24900054931,
    6.349999904633));
#10328 = VECTOR('',#10329,1.);
#10329 = DIRECTION('',(0.759248973221,0.650800274018,0.));
#10330 = PLANE('',#10331);
#10331 = AXIS2_PLACEMENT_3D('',#10332,#10333,#10334);
#10332 = CARTESIAN_POINT('',(8.727306944824,-82.6978197236,
    5.364409724954));
#10333 = DIRECTION('',(-0.650800274018,0.759248973221,0.));
#10334 = DIRECTION('',(0.759248973221,0.650800274018,0.));
#10335 = ADVANCED_FACE('',(#10336),#10346,.F.);
#10336 = FACE_BOUND('',#10337,.F.);
#10337 = EDGE_LOOP('',(#10338,#10339,#10340));
#10338 = ORIENTED_EDGE('',*,*,#10297,.T.);
#10339 = ORIENTED_EDGE('',*,*,#10311,.F.);
#10340 = ORIENTED_EDGE('',*,*,#10341,.T.);
#10341 = EDGE_CURVE('',#8903,#10261,#10342,.T.);
#10342 = LINE('',#10343,#10344);
#10343 = CARTESIAN_POINT('',(12.751999855042,-79.24800109863,
    6.349999904633));
#10344 = VECTOR('',#10345,1.);
#10345 = DIRECTION('',(0.,0.,-1.));
#10346 = PLANE('',#10347);
#10347 = AXIS2_PLACEMENT_3D('',#10348,#10349,#10350);
#10348 = CARTESIAN_POINT('',(9.775692837738,-81.79918192434,
    3.983590086218));
#10349 = DIRECTION('',(-0.650800274018,0.759248973221,
    -2.412083800619E-16));
#10350 = DIRECTION('',(0.759248973221,0.650800274018,-2.465190328816E-32
    ));
#10351 = ADVANCED_FACE('',(#10352),#10362,.F.);
#10352 = FACE_BOUND('',#10353,.F.);
#10353 = EDGE_LOOP('',(#10354,#10355,#10361));
#10354 = ORIENTED_EDGE('',*,*,#10325,.F.);
#10355 = ORIENTED_EDGE('',*,*,#10356,.T.);
#10356 = EDGE_CURVE('',#10318,#7359,#10357,.T.);
#10357 = LINE('',#10358,#10359);
#10358 = CARTESIAN_POINT('',(5.750999927521,-85.24900054931,
    6.349999904633));
#10359 = VECTOR('',#10360,1.);
#10360 = DIRECTION('',(0.994826110689,-0.101592369254,0.));
#10361 = ORIENTED_EDGE('',*,*,#10244,.T.);
#10362 = PLANE('',#10363);
#10363 = AXIS2_PLACEMENT_3D('',#10364,#10365,#10366);
#10364 = CARTESIAN_POINT('',(17.159803669049,-84.59874373832,
    6.349999904633));
#10365 = DIRECTION('',(0.,0.,1.));
#10366 = DIRECTION('',(1.,0.,-0.));
#10367 = ADVANCED_FACE('',(#10368),#10383,.F.);
#10368 = FACE_BOUND('',#10369,.F.);
#10369 = EDGE_LOOP('',(#10370,#10371,#10377));
#10370 = ORIENTED_EDGE('',*,*,#10029,.F.);
#10371 = ORIENTED_EDGE('',*,*,#10372,.T.);
#10372 = EDGE_CURVE('',#9896,#9759,#10373,.T.);
#10373 = LINE('',#10374,#10375);
#10374 = CARTESIAN_POINT('',(28.997999191284,-77.62300109863,
    6.349999904633));
#10375 = VECTOR('',#10376,1.);
#10376 = DIRECTION('',(0.,1.,0.));
#10377 = ORIENTED_EDGE('',*,*,#10378,.T.);
#10378 = EDGE_CURVE('',#9759,#8903,#10379,.T.);
#10379 = LINE('',#10380,#10381);
#10380 = CARTESIAN_POINT('',(28.997999191284,-72.37599945068,
    6.349999904633));
#10381 = VECTOR('',#10382,1.);
#10382 = DIRECTION('',(-0.920993812259,-0.389577203877,0.));
#10383 = PLANE('',#10384);
#10384 = AXIS2_PLACEMENT_3D('',#10385,#10386,#10387);
#10385 = CARTESIAN_POINT('',(21.96189984383,-76.79560744421,
    6.349999904633));
#10386 = DIRECTION('',(0.,0.,1.));
#10387 = DIRECTION('',(1.,0.,-0.));
#10388 = ADVANCED_FACE('',(#10389),#10399,.F.);
#10389 = FACE_BOUND('',#10390,.F.);
#10390 = EDGE_LOOP('',(#10391,#10392,#10398));
#10391 = ORIENTED_EDGE('',*,*,#9758,.F.);
#10392 = ORIENTED_EDGE('',*,*,#10393,.T.);
#10393 = EDGE_CURVE('',#8957,#8903,#10394,.T.);
#10394 = LINE('',#10395,#10396);
#10395 = CARTESIAN_POINT('',(28.997999191284,-67.62200164794,
    6.349999904633));
#10396 = VECTOR('',#10397,1.);
#10397 = DIRECTION('',(-0.813219060155,-0.581957696229,0.));
#10398 = ORIENTED_EDGE('',*,*,#10378,.F.);
#10399 = PLANE('',#10400);
#10400 = AXIS2_PLACEMENT_3D('',#10401,#10402,#10403);
#10401 = CARTESIAN_POINT('',(21.786393910071,-74.03906179435,
    6.349999904633));
#10402 = DIRECTION('',(0.,0.,1.));
#10403 = DIRECTION('',(1.,0.,-0.));
#10404 = ADVANCED_FACE('',(#10405),#10410,.F.);
#10405 = FACE_BOUND('',#10406,.F.);
#10406 = EDGE_LOOP('',(#10407,#10408,#10409));
#10407 = ORIENTED_EDGE('',*,*,#8956,.F.);
#10408 = ORIENTED_EDGE('',*,*,#8926,.F.);
#10409 = ORIENTED_EDGE('',*,*,#10393,.F.);
#10410 = PLANE('',#10411);
#10411 = AXIS2_PLACEMENT_3D('',#10412,#10413,#10414);
#10412 = CARTESIAN_POINT('',(21.751130864083,-71.2618834561,
    6.349999904633));
#10413 = DIRECTION('',(0.,0.,1.));
#10414 = DIRECTION('',(1.,0.,-0.));
#10415 = ADVANCED_FACE('',(#10416),#10421,.F.);
#10416 = FACE_BOUND('',#10417,.F.);
#10417 = EDGE_LOOP('',(#10418,#10419,#10420));
#10418 = ORIENTED_EDGE('',*,*,#8823,.F.);
#10419 = ORIENTED_EDGE('',*,*,#8481,.F.);
#10420 = ORIENTED_EDGE('',*,*,#10201,.F.);
#10421 = PLANE('',#10422);
#10422 = AXIS2_PLACEMENT_3D('',#10423,#10424,#10425);
#10423 = CARTESIAN_POINT('',(-49.00974204247,-66.61324263909,
    6.346997109066));
#10424 = DIRECTION('',(0.,0.324295991318,0.945955659646));
#10425 = DIRECTION('',(0.,0.945955659646,-0.324295991318));
#10426 = ADVANCED_FACE('',(#10427),#10432,.F.);
#10427 = FACE_BOUND('',#10428,.F.);
#10428 = EDGE_LOOP('',(#10429,#10430,#10431));
#10429 = ORIENTED_EDGE('',*,*,#10179,.F.);
#10430 = ORIENTED_EDGE('',*,*,#8597,.F.);
#10431 = ORIENTED_EDGE('',*,*,#8505,.F.);
#10432 = PLANE('',#10433);
#10433 = AXIS2_PLACEMENT_3D('',#10434,#10435,#10436);
#10434 = CARTESIAN_POINT('',(-49.31699917858,-63.66183190696,
    6.019944519246));
#10435 = DIRECTION('',(0.,-6.494685717728E-02,0.997888724128));
#10436 = DIRECTION('',(0.,0.997888724128,6.494685717728E-02));
#10437 = ADVANCED_FACE('',(#10438),#10448,.F.);
#10438 = FACE_BOUND('',#10439,.F.);
#10439 = EDGE_LOOP('',(#10440,#10441,#10442));
#10440 = ORIENTED_EDGE('',*,*,#8605,.F.);
#10441 = ORIENTED_EDGE('',*,*,#10223,.F.);
#10442 = ORIENTED_EDGE('',*,*,#10443,.T.);
#10443 = EDGE_CURVE('',#10194,#8428,#10444,.T.);
#10444 = LINE('',#10445,#10446);
#10445 = CARTESIAN_POINT('',(-59.00299835205,-65.30400085449,
    6.083000183105));
#10446 = VECTOR('',#10447,1.);
#10447 = DIRECTION('',(1.,0.,0.));
#10448 = PLANE('',#10449);
#10449 = AXIS2_PLACEMENT_3D('',#10450,#10451,#10452);
#10450 = CARTESIAN_POINT('',(-49.31676611479,-64.96709834584,
    6.061056336829));
#10451 = DIRECTION('',(0.,6.499638748449E-02,0.99788549925));
#10452 = DIRECTION('',(0.,0.99788549925,-6.499638748449E-02));
#10453 = ADVANCED_FACE('',(#10454),#10459,.F.);
#10454 = FACE_BOUND('',#10455,.F.);
#10455 = EDGE_LOOP('',(#10456,#10457,#10458));
#10456 = ORIENTED_EDGE('',*,*,#8620,.F.);
#10457 = ORIENTED_EDGE('',*,*,#10443,.F.);
#10458 = ORIENTED_EDGE('',*,*,#10207,.F.);
#10459 = PLANE('',#10460);
#10460 = AXIS2_PLACEMENT_3D('',#10461,#10462,#10463);
#10461 = CARTESIAN_POINT('',(-49.31684255508,-65.63522557649,
    6.148832118354));
#10462 = DIRECTION('',(0.,0.194940038954,0.980815161594));
#10463 = DIRECTION('',(0.,0.980815161594,-0.194940038954));
#10464 = ADVANCED_FACE('',(#10465),#10475,.F.);
#10465 = FACE_BOUND('',#10466,.F.);
#10466 = EDGE_LOOP('',(#10467,#10473,#10474));
#10467 = ORIENTED_EDGE('',*,*,#10468,.T.);
#10468 = EDGE_CURVE('',#7881,#8784,#10469,.T.);
#10469 = LINE('',#10470,#10471);
#10470 = CARTESIAN_POINT('',(-68.,-33.,6.349999904633));
#10471 = VECTOR('',#10472,1.);
#10472 = DIRECTION('',(0.22825449369,-0.973601502726,0.));
#10473 = ORIENTED_EDGE('',*,*,#8829,.F.);
#10474 = ORIENTED_EDGE('',*,*,#8843,.F.);
#10475 = PLANE('',#10476);
#10476 = AXIS2_PLACEMENT_3D('',#10477,#10478,#10479);
#10477 = CARTESIAN_POINT('',(-63.23070804076,-52.15239521598,
    6.349999904633));
#10478 = DIRECTION('',(0.,0.,1.));
#10479 = DIRECTION('',(1.,0.,-0.));
#10480 = ADVANCED_FACE('',(#10481),#10491,.F.);
#10481 = FACE_BOUND('',#10482,.F.);
#10482 = EDGE_LOOP('',(#10483,#10489,#10490));
#10483 = ORIENTED_EDGE('',*,*,#10484,.T.);
#10484 = EDGE_CURVE('',#7537,#7467,#10485,.T.);
#10485 = LINE('',#10486,#10487);
#10486 = CARTESIAN_POINT('',(49.002998352051,-72.37599945068,
    6.349999904633));
#10487 = VECTOR('',#10488,1.);
#10488 = DIRECTION('',(0.,-0.997698948397,-6.779976672321E-02));
#10489 = ORIENTED_EDGE('',*,*,#7475,.F.);
#10490 = ORIENTED_EDGE('',*,*,#7544,.F.);
#10491 = PLANE('',#10492);
#10492 = AXIS2_PLACEMENT_3D('',#10493,#10494,#10495);
#10493 = CARTESIAN_POINT('',(49.002998352051,-74.98615664398,
    6.279291348315));
#10494 = DIRECTION('',(-1.,-0.,-0.));
#10495 = DIRECTION('',(0.,0.,-1.));
#10496 = ADVANCED_FACE('',(#10497),#10507,.F.);
#10497 = FACE_BOUND('',#10498,.F.);
#10498 = EDGE_LOOP('',(#10499,#10500,#10501));
#10499 = ORIENTED_EDGE('',*,*,#7512,.F.);
#10500 = ORIENTED_EDGE('',*,*,#10484,.F.);
#10501 = ORIENTED_EDGE('',*,*,#10502,.F.);
#10502 = EDGE_CURVE('',#7513,#7537,#10503,.T.);
#10503 = LINE('',#10504,#10505);
#10504 = CARTESIAN_POINT('',(49.002998352051,-74.99900054931,
    5.998000144958));
#10505 = VECTOR('',#10506,1.);
#10506 = DIRECTION('',(0.,0.991115361117,0.133005041098));
#10507 = PLANE('',#10508);
#10508 = AXIS2_PLACEMENT_3D('',#10509,#10510,#10511);
#10509 = CARTESIAN_POINT('',(49.002998352051,-74.33901377531,
    6.173068615019));
#10510 = DIRECTION('',(-1.,-0.,-0.));
#10511 = DIRECTION('',(0.,0.,-1.));
#10512 = ADVANCED_FACE('',(#10513),#10537,.F.);
#10513 = FACE_BOUND('',#10514,.F.);
#10514 = EDGE_LOOP('',(#10515,#10523,#10531));
#10515 = ORIENTED_EDGE('',*,*,#10516,.T.);
#10516 = EDGE_CURVE('',#7537,#10517,#10519,.T.);
#10517 = VERTEX_POINT('',#10518);
#10518 = CARTESIAN_POINT('',(49.002998352051,-72.41100311279,
    6.337999820709));
#10519 = LINE('',#10520,#10521);
#10520 = CARTESIAN_POINT('',(49.002998352051,-72.37599945068,
    6.349999904633));
#10521 = VECTOR('',#10522,1.);
#10522 = DIRECTION('',(0.,-0.945955659646,-0.324295991318));
#10523 = ORIENTED_EDGE('',*,*,#10524,.T.);
#10524 = EDGE_CURVE('',#10517,#10525,#10527,.T.);
#10525 = VERTEX_POINT('',#10526);
#10526 = CARTESIAN_POINT('',(49.002998352051,-73.69400024414,
    6.083000183105));
#10527 = LINE('',#10528,#10529);
#10528 = CARTESIAN_POINT('',(49.002998352051,-72.41100311279,
    6.337999820709));
#10529 = VECTOR('',#10530,1.);
#10530 = DIRECTION('',(0.,-0.980815161594,-0.194940038954));
#10531 = ORIENTED_EDGE('',*,*,#10532,.T.);
#10532 = EDGE_CURVE('',#10525,#7537,#10533,.T.);
#10533 = LINE('',#10534,#10535);
#10534 = CARTESIAN_POINT('',(49.002998352051,-73.69400024414,
    6.083000183105));
#10535 = VECTOR('',#10536,1.);
#10536 = DIRECTION('',(0.,0.980091512459,0.198546284795));
#10537 = PLANE('',#10538);
#10538 = AXIS2_PLACEMENT_3D('',#10539,#10540,#10541);
#10539 = CARTESIAN_POINT('',(49.002998352051,-73.03468620035,
    6.21533616857));
#10540 = DIRECTION('',(-1.,-0.,-0.));
#10541 = DIRECTION('',(0.,0.,-1.));
#10542 = ADVANCED_FACE('',(#10543),#10553,.F.);
#10543 = FACE_BOUND('',#10544,.F.);
#10544 = EDGE_LOOP('',(#10545,#10551,#10552));
#10545 = ORIENTED_EDGE('',*,*,#10546,.T.);
#10546 = EDGE_CURVE('',#10525,#7513,#10547,.T.);
#10547 = LINE('',#10548,#10549);
#10548 = CARTESIAN_POINT('',(49.002998352051,-73.69400024414,
    6.083000183105));
#10549 = VECTOR('',#10550,1.);
#10550 = DIRECTION('',(0.,-0.99788549925,-6.499638748449E-02));
#10551 = ORIENTED_EDGE('',*,*,#10502,.T.);
#10552 = ORIENTED_EDGE('',*,*,#10532,.F.);
#10553 = PLANE('',#10554);
#10554 = AXIS2_PLACEMENT_3D('',#10555,#10556,#10557);
#10555 = CARTESIAN_POINT('',(49.002998352051,-73.68454726865,
    6.151838776043));
#10556 = DIRECTION('',(-1.,-0.,-0.));
#10557 = DIRECTION('',(0.,0.,-1.));
#10558 = ADVANCED_FACE('',(#10559),#10576,.F.);
#10559 = FACE_BOUND('',#10560,.F.);
#10560 = EDGE_LOOP('',(#10561,#10562,#10570));
#10561 = ORIENTED_EDGE('',*,*,#8783,.F.);
#10562 = ORIENTED_EDGE('',*,*,#10563,.F.);
#10563 = EDGE_CURVE('',#10564,#8784,#10566,.T.);
#10564 = VERTEX_POINT('',#10565);
#10565 = CARTESIAN_POINT('',(-59.00299835205,-71.41100311279,
    6.337999820709));
#10566 = LINE('',#10567,#10568);
#10567 = CARTESIAN_POINT('',(-59.00299835205,-71.41100311279,
    6.337999820709));
#10568 = VECTOR('',#10569,1.);
#10569 = DIRECTION('',(0.,0.945955659646,0.324295991318));
#10570 = ORIENTED_EDGE('',*,*,#10571,.F.);
#10571 = EDGE_CURVE('',#7335,#10564,#10572,.T.);
#10572 = LINE('',#10573,#10574);
#10573 = CARTESIAN_POINT('',(-38.99800109863,-71.37599945068,
    6.349999904633));
#10574 = VECTOR('',#10575,1.);
#10575 = DIRECTION('',(-0.999998289286,-1.749742915968E-03,
    -5.998532887868E-04));
#10576 = PLANE('',#10577);
#10577 = AXIS2_PLACEMENT_3D('',#10578,#10579,#10580);
#10578 = CARTESIAN_POINT('',(-49.00974204247,-71.38475845954,
    6.346997109066));
#10579 = DIRECTION('',(0.,-0.324295991318,0.945955659646));
#10580 = DIRECTION('',(0.,0.945955659646,0.324295991318));
#10581 = ADVANCED_FACE('',(#10582),#10599,.F.);
#10582 = FACE_BOUND('',#10583,.F.);
#10583 = EDGE_LOOP('',(#10584,#10585,#10593));
#10584 = ORIENTED_EDGE('',*,*,#10563,.T.);
#10585 = ORIENTED_EDGE('',*,*,#10586,.T.);
#10586 = EDGE_CURVE('',#8784,#10587,#10589,.T.);
#10587 = VERTEX_POINT('',#10588);
#10588 = CARTESIAN_POINT('',(-59.00299835205,-76.62300109863,
    6.349999904633));
#10589 = LINE('',#10590,#10591);
#10590 = CARTESIAN_POINT('',(-59.00299835205,-71.37599945068,
    6.349999904633));
#10591 = VECTOR('',#10592,1.);
#10592 = DIRECTION('',(0.,-1.,0.));
#10593 = ORIENTED_EDGE('',*,*,#10594,.T.);
#10594 = EDGE_CURVE('',#10587,#10564,#10595,.T.);
#10595 = LINE('',#10596,#10597);
#10596 = CARTESIAN_POINT('',(-59.00299835205,-76.62300109863,
    6.349999904633));
#10597 = VECTOR('',#10598,1.);
#10598 = DIRECTION('',(0.,0.999997349497,-2.302390014286E-03));
#10599 = PLANE('',#10600);
#10600 = AXIS2_PLACEMENT_3D('',#10601,#10602,#10603);
#10601 = CARTESIAN_POINT('',(-59.00299835205,-73.99900377095,
    6.346999308103));
#10602 = DIRECTION('',(1.,0.,0.));
#10603 = DIRECTION('',(-0.,0.,1.));
#10604 = ADVANCED_FACE('',(#10605),#10622,.F.);
#10605 = FACE_BOUND('',#10606,.F.);
#10606 = EDGE_LOOP('',(#10607,#10615,#10621));
#10607 = ORIENTED_EDGE('',*,*,#10608,.T.);
#10608 = EDGE_CURVE('',#10564,#10609,#10611,.T.);
#10609 = VERTEX_POINT('',#10610);
#10610 = CARTESIAN_POINT('',(-38.99800109863,-71.41100311279,
    6.337999820709));
#10611 = LINE('',#10612,#10613);
#10612 = CARTESIAN_POINT('',(-59.00299835205,-71.41100311279,
    6.337999820709));
#10613 = VECTOR('',#10614,1.);
#10614 = DIRECTION('',(1.,0.,0.));
#10615 = ORIENTED_EDGE('',*,*,#10616,.T.);
#10616 = EDGE_CURVE('',#10609,#7335,#10617,.T.);
#10617 = LINE('',#10618,#10619);
#10618 = CARTESIAN_POINT('',(-38.99800109863,-71.41100311279,
    6.337999820709));
#10619 = VECTOR('',#10620,1.);
#10620 = DIRECTION('',(0.,0.945955659646,0.324295991318));
#10621 = ORIENTED_EDGE('',*,*,#10571,.T.);
#10622 = PLANE('',#10623);
#10623 = AXIS2_PLACEMENT_3D('',#10624,#10625,#10626);
#10624 = CARTESIAN_POINT('',(-48.99125740821,-71.40224410393,
    6.341002616276));
#10625 = DIRECTION('',(0.,-0.324295991318,0.945955659646));
#10626 = DIRECTION('',(0.,0.945955659646,0.324295991318));
#10627 = ADVANCED_FACE('',(#10628),#10645,.F.);
#10628 = FACE_BOUND('',#10629,.F.);
#10629 = EDGE_LOOP('',(#10630,#10638,#10644));
#10630 = ORIENTED_EDGE('',*,*,#10631,.T.);
#10631 = EDGE_CURVE('',#7311,#10632,#10634,.T.);
#10632 = VERTEX_POINT('',#10633);
#10633 = CARTESIAN_POINT('',(-59.00299835205,-81.37599945068,
    6.349999904633));
#10634 = LINE('',#10635,#10636);
#10635 = CARTESIAN_POINT('',(-38.99800109863,-76.62300109863,
    6.349999904633));
#10636 = VECTOR('',#10637,1.);
#10637 = DIRECTION('',(-0.972916740578,-0.23115582602,0.));
#10638 = ORIENTED_EDGE('',*,*,#10639,.T.);
#10639 = EDGE_CURVE('',#10632,#7559,#10640,.T.);
#10640 = LINE('',#10641,#10642);
#10641 = CARTESIAN_POINT('',(-59.00299835205,-81.37599945068,
    6.349999904633));
#10642 = VECTOR('',#10643,1.);
#10643 = DIRECTION('',(1.,0.,0.));
#10644 = ORIENTED_EDGE('',*,*,#7558,.F.);
#10645 = PLANE('',#10646);
#10646 = AXIS2_PLACEMENT_3D('',#10647,#10648,#10649);
#10647 = CARTESIAN_POINT('',(-47.95147081977,-80.04852918022,
    6.349999904633));
#10648 = DIRECTION('',(0.,0.,1.));
#10649 = DIRECTION('',(1.,0.,-0.));
#10650 = ADVANCED_FACE('',(#10651),#10661,.F.);
#10651 = FACE_BOUND('',#10652,.F.);
#10652 = EDGE_LOOP('',(#10653,#10659,#10660));
#10653 = ORIENTED_EDGE('',*,*,#10654,.T.);
#10654 = EDGE_CURVE('',#7881,#10587,#10655,.T.);
#10655 = LINE('',#10656,#10657);
#10656 = CARTESIAN_POINT('',(-68.,-33.,6.349999904633));
#10657 = VECTOR('',#10658,1.);
#10658 = DIRECTION('',(0.201993116111,-0.97938694143,0.));
#10659 = ORIENTED_EDGE('',*,*,#10586,.F.);
#10660 = ORIENTED_EDGE('',*,*,#10468,.F.);
#10661 = PLANE('',#10662);
#10662 = AXIS2_PLACEMENT_3D('',#10663,#10664,#10665);
#10663 = CARTESIAN_POINT('',(-63.23689821236,-54.78089844503,
    6.349999904633));
#10664 = DIRECTION('',(0.,0.,1.));
#10665 = DIRECTION('',(1.,0.,-0.));
#10666 = ADVANCED_FACE('',(#10667),#10682,.F.);
#10667 = FACE_BOUND('',#10668,.F.);
#10668 = EDGE_LOOP('',(#10669,#10670,#10676));
#10669 = ORIENTED_EDGE('',*,*,#10631,.F.);
#10670 = ORIENTED_EDGE('',*,*,#10671,.T.);
#10671 = EDGE_CURVE('',#7311,#10587,#10672,.T.);
#10672 = LINE('',#10673,#10674);
#10673 = CARTESIAN_POINT('',(-38.99800109863,-76.62300109863,
    6.349999904633));
#10674 = VECTOR('',#10675,1.);
#10675 = DIRECTION('',(-1.,0.,0.));
#10676 = ORIENTED_EDGE('',*,*,#10677,.T.);
#10677 = EDGE_CURVE('',#10587,#10632,#10678,.T.);
#10678 = LINE('',#10679,#10680);
#10679 = CARTESIAN_POINT('',(-59.00299835205,-76.62300109863,
    6.349999904633));
#10680 = VECTOR('',#10681,1.);
#10681 = DIRECTION('',(0.,-1.,0.));
#10682 = PLANE('',#10683);
#10683 = AXIS2_PLACEMENT_3D('',#10684,#10685,#10686);
#10684 = CARTESIAN_POINT('',(-50.0495286309,-77.95047136909,
    6.349999904633));
#10685 = DIRECTION('',(0.,0.,1.));
#10686 = DIRECTION('',(1.,0.,-0.));
#10687 = ADVANCED_FACE('',(#10688),#10698,.F.);
#10688 = FACE_BOUND('',#10689,.F.);
#10689 = EDGE_LOOP('',(#10690,#10696,#10697));
#10690 = ORIENTED_EDGE('',*,*,#10691,.T.);
#10691 = EDGE_CURVE('',#7881,#10632,#10692,.T.);
#10692 = LINE('',#10693,#10694);
#10693 = CARTESIAN_POINT('',(-68.,-33.,6.349999904633));
#10694 = VECTOR('',#10695,1.);
#10695 = DIRECTION('',(0.182845366638,-0.98314168455,0.));
#10696 = ORIENTED_EDGE('',*,*,#10677,.F.);
#10697 = ORIENTED_EDGE('',*,*,#10654,.F.);
#10698 = PLANE('',#10699);
#10699 = AXIS2_PLACEMENT_3D('',#10700,#10701,#10702);
#10700 = CARTESIAN_POINT('',(-63.284428689,-57.16584804636,
    6.349999904633));
#10701 = DIRECTION('',(0.,0.,1.));
#10702 = DIRECTION('',(1.,0.,-0.));
#10703 = ADVANCED_FACE('',(#10704),#10721,.F.);
#10704 = FACE_BOUND('',#10705,.F.);
#10705 = EDGE_LOOP('',(#10706,#10714,#10715));
#10706 = ORIENTED_EDGE('',*,*,#10707,.T.);
#10707 = EDGE_CURVE('',#10708,#7389,#10710,.T.);
#10708 = VERTEX_POINT('',#10709);
#10709 = CARTESIAN_POINT('',(49.002998352051,-86.30500030517,
    6.083000183105));
#10710 = LINE('',#10711,#10712);
#10711 = CARTESIAN_POINT('',(49.002998352051,-86.30500030517,
    6.083000183105));
#10712 = VECTOR('',#10713,1.);
#10713 = DIRECTION('',(0.,-0.980815161594,0.194940038954));
#10714 = ORIENTED_EDGE('',*,*,#7420,.F.);
#10715 = ORIENTED_EDGE('',*,*,#10716,.T.);
#10716 = EDGE_CURVE('',#7413,#10708,#10717,.T.);
#10717 = LINE('',#10718,#10719);
#10718 = CARTESIAN_POINT('',(49.002998352051,-82.37599945068,
    6.349999904633));
#10719 = VECTOR('',#10720,1.);
#10720 = DIRECTION('',(0.,-0.997698948397,-6.779976672321E-02));
#10721 = PLANE('',#10722);
#10722 = AXIS2_PLACEMENT_3D('',#10723,#10724,#10725);
#10723 = CARTESIAN_POINT('',(49.002998352051,-84.98615664398,
    6.279291348315));
#10724 = DIRECTION('',(-1.,-0.,-0.));
#10725 = DIRECTION('',(0.,0.,-1.));
#10726 = ADVANCED_FACE('',(#10727),#10744,.F.);
#10727 = FACE_BOUND('',#10728,.F.);
#10728 = EDGE_LOOP('',(#10729,#10737,#10738));
#10729 = ORIENTED_EDGE('',*,*,#10730,.T.);
#10730 = EDGE_CURVE('',#10731,#10708,#10733,.T.);
#10731 = VERTEX_POINT('',#10732);
#10732 = CARTESIAN_POINT('',(49.002998352051,-85.,5.998000144958));
#10733 = LINE('',#10734,#10735);
#10734 = CARTESIAN_POINT('',(49.002998352051,-85.,5.998000144958));
#10735 = VECTOR('',#10736,1.);
#10736 = DIRECTION('',(0.,-0.99788549925,6.499638748449E-02));
#10737 = ORIENTED_EDGE('',*,*,#10716,.F.);
#10738 = ORIENTED_EDGE('',*,*,#10739,.T.);
#10739 = EDGE_CURVE('',#7413,#10731,#10740,.T.);
#10740 = LINE('',#10741,#10742);
#10741 = CARTESIAN_POINT('',(49.002998352051,-82.37599945068,
    6.349999904633));
#10742 = VECTOR('',#10743,1.);
#10743 = DIRECTION('',(0.,-0.991122038089,-0.132955276746));
#10744 = PLANE('',#10745);
#10745 = AXIS2_PLACEMENT_3D('',#10746,#10747,#10748);
#10746 = CARTESIAN_POINT('',(49.002998352051,-84.33901652237,
    6.173085482204));
#10747 = DIRECTION('',(-1.,-0.,-0.));
#10748 = DIRECTION('',(0.,0.,-1.));
#10749 = ADVANCED_FACE('',(#10750),#10767,.F.);
#10750 = FACE_BOUND('',#10751,.F.);
#10751 = EDGE_LOOP('',(#10752,#10760,#10761));
#10752 = ORIENTED_EDGE('',*,*,#10753,.T.);
#10753 = EDGE_CURVE('',#10754,#10731,#10756,.T.);
#10754 = VERTEX_POINT('',#10755);
#10755 = CARTESIAN_POINT('',(49.002998352051,-83.69400024414,
    6.083000183105));
#10756 = LINE('',#10757,#10758);
#10757 = CARTESIAN_POINT('',(49.002998352051,-83.69400024414,
    6.083000183105));
#10758 = VECTOR('',#10759,1.);
#10759 = DIRECTION('',(0.,-0.997888724128,-6.494685717728E-02));
#10760 = ORIENTED_EDGE('',*,*,#10739,.F.);
#10761 = ORIENTED_EDGE('',*,*,#10762,.F.);
#10762 = EDGE_CURVE('',#10754,#7413,#10763,.T.);
#10763 = LINE('',#10764,#10765);
#10764 = CARTESIAN_POINT('',(49.002998352051,-83.69400024414,
    6.083000183105));
#10765 = VECTOR('',#10766,1.);
#10766 = DIRECTION('',(0.,0.980091512459,0.198546284795));
#10767 = PLANE('',#10768);
#10768 = AXIS2_PLACEMENT_3D('',#10769,#10770,#10771);
#10769 = CARTESIAN_POINT('',(49.002998352051,-83.68504531495,
    6.151821969916));
#10770 = DIRECTION('',(-1.,-0.,-0.));
#10771 = DIRECTION('',(0.,0.,-1.));
#10772 = ADVANCED_FACE('',(#10773),#10790,.F.);
#10773 = FACE_BOUND('',#10774,.F.);
#10774 = EDGE_LOOP('',(#10775,#10783,#10789));
#10775 = ORIENTED_EDGE('',*,*,#10776,.T.);
#10776 = EDGE_CURVE('',#7413,#10777,#10779,.T.);
#10777 = VERTEX_POINT('',#10778);
#10778 = CARTESIAN_POINT('',(49.002998352051,-82.41100311279,
    6.337999820709));
#10779 = LINE('',#10780,#10781);
#10780 = CARTESIAN_POINT('',(49.002998352051,-82.37599945068,
    6.349999904633));
#10781 = VECTOR('',#10782,1.);
#10782 = DIRECTION('',(0.,-0.945955659646,-0.324295991318));
#10783 = ORIENTED_EDGE('',*,*,#10784,.T.);
#10784 = EDGE_CURVE('',#10777,#10754,#10785,.T.);
#10785 = LINE('',#10786,#10787);
#10786 = CARTESIAN_POINT('',(49.002998352051,-82.41100311279,
    6.337999820709));
#10787 = VECTOR('',#10788,1.);
#10788 = DIRECTION('',(0.,-0.980815161594,-0.194940038954));
#10789 = ORIENTED_EDGE('',*,*,#10762,.T.);
#10790 = PLANE('',#10791);
#10791 = AXIS2_PLACEMENT_3D('',#10792,#10793,#10794);
#10792 = CARTESIAN_POINT('',(49.002998352051,-83.03468620035,
    6.21533616857));
#10793 = DIRECTION('',(-1.,-0.,-0.));
#10794 = DIRECTION('',(0.,0.,-1.));
#10795 = ADVANCED_FACE('',(#10796),#10806,.F.);
#10796 = FACE_BOUND('',#10797,.F.);
#10797 = EDGE_LOOP('',(#10798,#10804,#10805));
#10798 = ORIENTED_EDGE('',*,*,#10799,.T.);
#10799 = EDGE_CURVE('',#7335,#7281,#10800,.T.);
#10800 = LINE('',#10801,#10802);
#10801 = CARTESIAN_POINT('',(-38.99800109863,-71.37599945068,
    6.349999904633));
#10802 = VECTOR('',#10803,1.);
#10803 = DIRECTION('',(0.,-0.997697781318,-6.781693853823E-02));
#10804 = ORIENTED_EDGE('',*,*,#7278,.F.);
#10805 = ORIENTED_EDGE('',*,*,#7342,.F.);
#10806 = PLANE('',#10807);
#10807 = AXIS2_PLACEMENT_3D('',#10808,#10809,#10810);
#10808 = CARTESIAN_POINT('',(-38.99800109863,-73.98615127919,
    6.279290887129));
#10809 = DIRECTION('',(-1.,-0.,-0.));
#10810 = DIRECTION('',(0.,0.,-1.));
#10811 = ADVANCED_FACE('',(#10812),#10829,.F.);
#10812 = FACE_BOUND('',#10813,.F.);
#10813 = EDGE_LOOP('',(#10814,#10815,#10823));
#10814 = ORIENTED_EDGE('',*,*,#10616,.F.);
#10815 = ORIENTED_EDGE('',*,*,#10816,.T.);
#10816 = EDGE_CURVE('',#10609,#10817,#10819,.T.);
#10817 = VERTEX_POINT('',#10818);
#10818 = CARTESIAN_POINT('',(-38.99800109863,-72.69400024414,
    6.083000183105));
#10819 = LINE('',#10820,#10821);
#10820 = CARTESIAN_POINT('',(-38.99800109863,-71.41100311279,
    6.337999820709));
#10821 = VECTOR('',#10822,1.);
#10822 = DIRECTION('',(0.,-0.980815161594,-0.194940038954));
#10823 = ORIENTED_EDGE('',*,*,#10824,.T.);
#10824 = EDGE_CURVE('',#10817,#7335,#10825,.T.);
#10825 = LINE('',#10826,#10827);
#10826 = CARTESIAN_POINT('',(-38.99800109863,-72.69400024414,
    6.083000183105));
#10827 = VECTOR('',#10828,1.);
#10828 = DIRECTION('',(0.,0.980091512459,0.198546284795));
#10829 = PLANE('',#10830);
#10830 = AXIS2_PLACEMENT_3D('',#10831,#10832,#10833);
#10831 = CARTESIAN_POINT('',(-38.99800109863,-72.03468620035,
    6.21533616857));
#10832 = DIRECTION('',(-1.,-0.,-0.));
#10833 = DIRECTION('',(0.,0.,-1.));
#10834 = ADVANCED_FACE('',(#10835),#10852,.F.);
#10835 = FACE_BOUND('',#10836,.F.);
#10836 = EDGE_LOOP('',(#10837,#10845,#10851));
#10837 = ORIENTED_EDGE('',*,*,#10838,.T.);
#10838 = EDGE_CURVE('',#10817,#10839,#10841,.T.);
#10839 = VERTEX_POINT('',#10840);
#10840 = CARTESIAN_POINT('',(-38.99800109863,-73.99900054931,
    5.998000144958));
#10841 = LINE('',#10842,#10843);
#10842 = CARTESIAN_POINT('',(-38.99800109863,-72.69400024414,
    6.083000183105));
#10843 = VECTOR('',#10844,1.);
#10844 = DIRECTION('',(0.,-0.99788549925,-6.499638748449E-02));
#10845 = ORIENTED_EDGE('',*,*,#10846,.T.);
#10846 = EDGE_CURVE('',#10839,#7335,#10847,.T.);
#10847 = LINE('',#10848,#10849);
#10848 = CARTESIAN_POINT('',(-38.99800109863,-73.99900054931,
    5.998000144958));
#10849 = VECTOR('',#10850,1.);
#10850 = DIRECTION('',(0.,0.991115361117,0.133005041098));
#10851 = ORIENTED_EDGE('',*,*,#10824,.F.);
#10852 = PLANE('',#10853);
#10853 = AXIS2_PLACEMENT_3D('',#10854,#10855,#10856);
#10854 = CARTESIAN_POINT('',(-38.99800109863,-72.68454726865,
    6.151838776043));
#10855 = DIRECTION('',(-1.,-0.,-0.));
#10856 = DIRECTION('',(0.,0.,-1.));
#10857 = ADVANCED_FACE('',(#10858),#10868,.F.);
#10858 = FACE_BOUND('',#10859,.F.);
#10859 = EDGE_LOOP('',(#10860,#10866,#10867));
#10860 = ORIENTED_EDGE('',*,*,#10861,.T.);
#10861 = EDGE_CURVE('',#10839,#7281,#10862,.T.);
#10862 = LINE('',#10863,#10864);
#10863 = CARTESIAN_POINT('',(-38.99800109863,-73.99900054931,
    5.998000144958));
#10864 = VECTOR('',#10865,1.);
#10865 = DIRECTION('',(0.,-0.99788549925,6.499638748449E-02));
#10866 = ORIENTED_EDGE('',*,*,#10799,.F.);
#10867 = ORIENTED_EDGE('',*,*,#10846,.F.);
#10868 = PLANE('',#10869);
#10869 = AXIS2_PLACEMENT_3D('',#10870,#10871,#10872);
#10870 = CARTESIAN_POINT('',(-38.99800109863,-73.33851551432,
    6.173079881541));
#10871 = DIRECTION('',(-1.,-0.,-0.));
#10872 = DIRECTION('',(0.,0.,-1.));
#10873 = ADVANCED_FACE('',(#10874),#10884,.F.);
#10874 = FACE_BOUND('',#10875,.F.);
#10875 = EDGE_LOOP('',(#10876,#10877,#10883));
#10876 = ORIENTED_EDGE('',*,*,#7802,.F.);
#10877 = ORIENTED_EDGE('',*,*,#10878,.T.);
#10878 = EDGE_CURVE('',#7162,#6713,#10879,.T.);
#10879 = LINE('',#10880,#10881);
#10880 = CARTESIAN_POINT('',(-23.82299995422,-85.24900054931,
    6.349999904633));
#10881 = VECTOR('',#10882,1.);
#10882 = DIRECTION('',(-0.800158180032,-0.599789035352,0.));
#10883 = ORIENTED_EDGE('',*,*,#7264,.T.);
#10884 = PLANE('',#10885);
#10885 = AXIS2_PLACEMENT_3D('',#10886,#10887,#10888);
#10886 = CARTESIAN_POINT('',(-24.33533273896,-92.14273749962,
    6.349999904633));
#10887 = DIRECTION('',(0.,0.,1.));
#10888 = DIRECTION('',(1.,0.,-0.));
#10889 = ADVANCED_FACE('',(#10890),#10895,.F.);
#10890 = FACE_BOUND('',#10891,.F.);
#10891 = EDGE_LOOP('',(#10892,#10893,#10894));
#10892 = ORIENTED_EDGE('',*,*,#7257,.F.);
#10893 = ORIENTED_EDGE('',*,*,#7019,.T.);
#10894 = ORIENTED_EDGE('',*,*,#7116,.T.);
#10895 = PLANE('',#10896);
#10896 = AXIS2_PLACEMENT_3D('',#10897,#10898,#10899);
#10897 = CARTESIAN_POINT('',(-25.20609538108,-97.09718733839,
    6.349999904633));
#10898 = DIRECTION('',(0.,0.,1.));
#10899 = DIRECTION('',(1.,0.,-0.));
#10900 = ADVANCED_FACE('',(#10901),#10911,.F.);
#10901 = FACE_BOUND('',#10902,.F.);
#10902 = EDGE_LOOP('',(#10903,#10904,#10905));
#10903 = ORIENTED_EDGE('',*,*,#10816,.F.);
#10904 = ORIENTED_EDGE('',*,*,#10608,.F.);
#10905 = ORIENTED_EDGE('',*,*,#10906,.F.);
#10906 = EDGE_CURVE('',#10817,#10564,#10907,.T.);
#10907 = LINE('',#10908,#10909);
#10908 = CARTESIAN_POINT('',(-38.99800109863,-72.69400024414,
    6.083000183105));
#10909 = VECTOR('',#10910,1.);
#10910 = DIRECTION('',(-0.997869016428,6.399716377462E-02,
    1.27196337166E-02));
#10911 = PLANE('',#10912);
#10912 = AXIS2_PLACEMENT_3D('',#10913,#10914,#10915);
#10913 = CARTESIAN_POINT('',(-48.68415689559,-71.74222783479,
    6.27216788546));
#10914 = DIRECTION('',(0.,-0.194940038954,0.980815161594));
#10915 = DIRECTION('',(0.,0.980815161594,0.194940038954));
#10916 = ADVANCED_FACE('',(#10917),#10934,.F.);
#10917 = FACE_BOUND('',#10918,.F.);
#10918 = EDGE_LOOP('',(#10919,#10927,#10933));
#10919 = ORIENTED_EDGE('',*,*,#10920,.T.);
#10920 = EDGE_CURVE('',#10564,#10921,#10923,.T.);
#10921 = VERTEX_POINT('',#10922);
#10922 = CARTESIAN_POINT('',(-59.00299835205,-72.69400024414,
    6.083000183105));
#10923 = LINE('',#10924,#10925);
#10924 = CARTESIAN_POINT('',(-59.00299835205,-71.41100311279,
    6.337999820709));
#10925 = VECTOR('',#10926,1.);
#10926 = DIRECTION('',(0.,-0.980815161594,-0.194940038954));
#10927 = ORIENTED_EDGE('',*,*,#10928,.T.);
#10928 = EDGE_CURVE('',#10921,#10817,#10929,.T.);
#10929 = LINE('',#10930,#10931);
#10930 = CARTESIAN_POINT('',(-59.00299835205,-72.69400024414,
    6.083000183105));
#10931 = VECTOR('',#10932,1.);
#10932 = DIRECTION('',(1.,0.,0.));
#10933 = ORIENTED_EDGE('',*,*,#10906,.T.);
#10934 = PLANE('',#10935);
#10935 = AXIS2_PLACEMENT_3D('',#10936,#10937,#10938);
#10936 = CARTESIAN_POINT('',(-49.31684255508,-72.36277552214,
    6.148832118354));
#10937 = DIRECTION('',(0.,-0.194940038954,0.980815161594));
#10938 = DIRECTION('',(0.,0.980815161594,0.194940038954));
#10939 = ADVANCED_FACE('',(#10940),#10950,.F.);
#10940 = FACE_BOUND('',#10941,.F.);
#10941 = EDGE_LOOP('',(#10942,#10948,#10949));
#10942 = ORIENTED_EDGE('',*,*,#10943,.T.);
#10943 = EDGE_CURVE('',#10921,#10839,#10944,.T.);
#10944 = LINE('',#10945,#10946);
#10945 = CARTESIAN_POINT('',(-59.00299835205,-72.69400024414,
    6.083000183105));
#10946 = VECTOR('',#10947,1.);
#10947 = DIRECTION('',(0.99787007864,-6.509477310366E-02,
    -4.239890347178E-03));
#10948 = ORIENTED_EDGE('',*,*,#10838,.F.);
#10949 = ORIENTED_EDGE('',*,*,#10928,.F.);
#10950 = PLANE('',#10951);
#10951 = AXIS2_PLACEMENT_3D('',#10952,#10953,#10954);
#10952 = CARTESIAN_POINT('',(-48.68423333588,-73.03090275279,
    6.061056336829));
#10953 = DIRECTION('',(0.,-6.499638748449E-02,0.99788549925));
#10954 = DIRECTION('',(0.,0.99788549925,6.499638748449E-02));
#10955 = ADVANCED_FACE('',(#10956),#10973,.F.);
#10956 = FACE_BOUND('',#10957,.F.);
#10957 = EDGE_LOOP('',(#10958,#10966,#10967));
#10958 = ORIENTED_EDGE('',*,*,#10959,.T.);
#10959 = EDGE_CURVE('',#10960,#7131,#10962,.T.);
#10960 = VERTEX_POINT('',#10961);
#10961 = CARTESIAN_POINT('',(-38.99800109863,-81.41100311279,
    6.337999820709));
#10962 = LINE('',#10963,#10964);
#10963 = CARTESIAN_POINT('',(-38.99800109863,-81.41100311279,
    6.337999820709));
#10964 = VECTOR('',#10965,1.);
#10965 = DIRECTION('',(0.,-0.999997349497,2.302390014286E-03));
#10966 = ORIENTED_EDGE('',*,*,#7589,.F.);
#10967 = ORIENTED_EDGE('',*,*,#10968,.T.);
#10968 = EDGE_CURVE('',#7559,#10960,#10969,.T.);
#10969 = LINE('',#10970,#10971);
#10970 = CARTESIAN_POINT('',(-38.99800109863,-81.37599945068,
    6.349999904633));
#10971 = VECTOR('',#10972,1.);
#10972 = DIRECTION('',(0.,-0.945955659646,-0.324295991318));
#10973 = PLANE('',#10974);
#10974 = AXIS2_PLACEMENT_3D('',#10975,#10976,#10977);
#10975 = CARTESIAN_POINT('',(-38.99800109863,-83.99900377095,
    6.346999308103));
#10976 = DIRECTION('',(-1.,-0.,-0.));
#10977 = DIRECTION('',(0.,0.,-1.));
#10978 = ADVANCED_FACE('',(#10979),#10996,.F.);
#10979 = FACE_BOUND('',#10980,.F.);
#10980 = EDGE_LOOP('',(#10981,#10989,#10990));
#10981 = ORIENTED_EDGE('',*,*,#10982,.T.);
#10982 = EDGE_CURVE('',#10983,#7131,#10985,.T.);
#10983 = VERTEX_POINT('',#10984);
#10984 = CARTESIAN_POINT('',(-38.99800109863,-82.69400024414,
    6.083000183105));
#10985 = LINE('',#10986,#10987);
#10986 = CARTESIAN_POINT('',(-38.99800109863,-82.69400024414,
    6.083000183105));
#10987 = VECTOR('',#10988,1.);
#10988 = DIRECTION('',(0.,-0.997698948397,6.779976672321E-02));
#10989 = ORIENTED_EDGE('',*,*,#10959,.F.);
#10990 = ORIENTED_EDGE('',*,*,#10991,.T.);
#10991 = EDGE_CURVE('',#10960,#10983,#10992,.T.);
#10992 = LINE('',#10993,#10994);
#10993 = CARTESIAN_POINT('',(-38.99800109863,-81.41100311279,
    6.337999820709));
#10994 = VECTOR('',#10995,1.);
#10995 = DIRECTION('',(0.,-0.980815161594,-0.194940038954));
#10996 = PLANE('',#10997);
#10997 = AXIS2_PLACEMENT_3D('',#10998,#10999,#11000);
#10998 = CARTESIAN_POINT('',(-38.99800109863,-84.01284390532,
    6.279291348315));
#10999 = DIRECTION('',(-1.,-0.,-0.));
#11000 = DIRECTION('',(0.,0.,-1.));
#11001 = ADVANCED_FACE('',(#11002),#11019,.F.);
#11002 = FACE_BOUND('',#11003,.F.);
#11003 = EDGE_LOOP('',(#11004,#11012,#11013));
#11004 = ORIENTED_EDGE('',*,*,#11005,.T.);
#11005 = EDGE_CURVE('',#11006,#7131,#11008,.T.);
#11006 = VERTEX_POINT('',#11007);
#11007 = CARTESIAN_POINT('',(-38.99800109863,-84.,5.998000144958));
#11008 = LINE('',#11009,#11010);
#11009 = CARTESIAN_POINT('',(-38.99800109863,-84.,5.998000144958));
#11010 = VECTOR('',#11011,1.);
#11011 = DIRECTION('',(0.,-0.991115361117,0.133005041098));
#11012 = ORIENTED_EDGE('',*,*,#10982,.F.);
#11013 = ORIENTED_EDGE('',*,*,#11014,.T.);
#11014 = EDGE_CURVE('',#10983,#11006,#11015,.T.);
#11015 = LINE('',#11016,#11017);
#11016 = CARTESIAN_POINT('',(-38.99800109863,-82.69400024414,
    6.083000183105));
#11017 = VECTOR('',#11018,1.);
#11018 = DIRECTION('',(0.,-0.997888724128,-6.494685717728E-02));
#11019 = PLANE('',#11020);
#11020 = AXIS2_PLACEMENT_3D('',#11021,#11022,#11023);
#11021 = CARTESIAN_POINT('',(-38.99800109863,-84.659986774,
    6.173068615019));
#11022 = DIRECTION('',(-1.,-0.,-0.));
#11023 = DIRECTION('',(0.,0.,-1.));
#11024 = ADVANCED_FACE('',(#11025),#11042,.F.);
#11025 = FACE_BOUND('',#11026,.F.);
#11026 = EDGE_LOOP('',(#11027,#11035,#11036));
#11027 = ORIENTED_EDGE('',*,*,#11028,.T.);
#11028 = EDGE_CURVE('',#11029,#7131,#11031,.T.);
#11029 = VERTEX_POINT('',#11030);
#11030 = CARTESIAN_POINT('',(-38.99800109863,-85.30500030517,
    6.083000183105));
#11031 = LINE('',#11032,#11033);
#11032 = CARTESIAN_POINT('',(-38.99800109863,-85.30500030517,
    6.083000183105));
#11033 = VECTOR('',#11034,1.);
#11034 = DIRECTION('',(0.,-0.980091512459,0.198546284795));
#11035 = ORIENTED_EDGE('',*,*,#11005,.F.);
#11036 = ORIENTED_EDGE('',*,*,#11037,.T.);
#11037 = EDGE_CURVE('',#11006,#11029,#11038,.T.);
#11038 = LINE('',#11039,#11040);
#11039 = CARTESIAN_POINT('',(-38.99800109863,-84.,5.998000144958));
#11040 = VECTOR('',#11041,1.);
#11041 = DIRECTION('',(0.,-0.99788549925,6.499638748449E-02));
#11042 = PLANE('',#11043);
#11043 = AXIS2_PLACEMENT_3D('',#11044,#11045,#11046);
#11044 = CARTESIAN_POINT('',(-38.99800109863,-85.31445328065,
    6.151838776043));
#11045 = DIRECTION('',(-1.,-0.,-0.));
#11046 = DIRECTION('',(0.,0.,-1.));
#11047 = ADVANCED_FACE('',(#11048),#11065,.F.);
#11048 = FACE_BOUND('',#11049,.F.);
#11049 = EDGE_LOOP('',(#11050,#11058,#11059));
#11050 = ORIENTED_EDGE('',*,*,#11051,.T.);
#11051 = EDGE_CURVE('',#11052,#7131,#11054,.T.);
#11052 = VERTEX_POINT('',#11053);
#11053 = CARTESIAN_POINT('',(-38.99800109863,-86.58799743652,
    6.337999820709));
#11054 = LINE('',#11055,#11056);
#11055 = CARTESIAN_POINT('',(-38.99800109863,-86.58799743652,
    6.337999820709));
#11056 = VECTOR('',#11057,1.);
#11057 = DIRECTION('',(0.,-0.945955659646,0.324295991318));
#11058 = ORIENTED_EDGE('',*,*,#11028,.F.);
#11059 = ORIENTED_EDGE('',*,*,#11060,.T.);
#11060 = EDGE_CURVE('',#11029,#11052,#11061,.T.);
#11061 = LINE('',#11062,#11063);
#11062 = CARTESIAN_POINT('',(-38.99800109863,-85.30500030517,
    6.083000183105));
#11063 = VECTOR('',#11064,1.);
#11064 = DIRECTION('',(0.,-0.980815161594,0.194940038954));
#11065 = PLANE('',#11066);
#11066 = AXIS2_PLACEMENT_3D('',#11067,#11068,#11069);
#11067 = CARTESIAN_POINT('',(-38.99800109863,-85.96431434895,
    6.21533616857));
#11068 = DIRECTION('',(-1.,-0.,-0.));
#11069 = DIRECTION('',(0.,0.,-1.));
#11070 = ADVANCED_FACE('',(#11071),#11088,.F.);
#11071 = FACE_BOUND('',#11072,.F.);
#11072 = EDGE_LOOP('',(#11073,#11081,#11082));
#11073 = ORIENTED_EDGE('',*,*,#11074,.T.);
#11074 = EDGE_CURVE('',#11075,#10777,#11077,.T.);
#11075 = VERTEX_POINT('',#11076);
#11076 = CARTESIAN_POINT('',(28.997999191284,-82.41100311279,
    6.337999820709));
#11077 = LINE('',#11078,#11079);
#11078 = CARTESIAN_POINT('',(28.997999191284,-82.41100311279,
    6.337999820709));
#11079 = VECTOR('',#11080,1.);
#11080 = DIRECTION('',(1.,0.,0.));
#11081 = ORIENTED_EDGE('',*,*,#10776,.F.);
#11082 = ORIENTED_EDGE('',*,*,#11083,.T.);
#11083 = EDGE_CURVE('',#7413,#11075,#11084,.T.);
#11084 = LINE('',#11085,#11086);
#11085 = CARTESIAN_POINT('',(49.002998352051,-82.37599945068,
    6.349999904633));
#11086 = VECTOR('',#11087,1.);
#11087 = DIRECTION('',(-0.999998289287,-1.749742749142E-03,
    -5.998532315948E-04));
#11088 = PLANE('',#11089);
#11089 = AXIS2_PLACEMENT_3D('',#11090,#11091,#11092);
#11090 = CARTESIAN_POINT('',(39.009741088797,-82.40224410393,
    6.341002616275));
#11091 = DIRECTION('',(0.,-0.324295991318,0.945955659646));
#11092 = DIRECTION('',(0.,0.945955659646,0.324295991318));
#11093 = ADVANCED_FACE('',(#11094),#11111,.F.);
#11094 = FACE_BOUND('',#11095,.F.);
#11095 = EDGE_LOOP('',(#11096,#11104,#11105));
#11096 = ORIENTED_EDGE('',*,*,#11097,.T.);
#11097 = EDGE_CURVE('',#11098,#10960,#11100,.T.);
#11098 = VERTEX_POINT('',#11099);
#11099 = CARTESIAN_POINT('',(-59.00299835205,-81.41100311279,
    6.337999820709));
#11100 = LINE('',#11101,#11102);
#11101 = CARTESIAN_POINT('',(-59.00299835205,-81.41100311279,
    6.337999820709));
#11102 = VECTOR('',#11103,1.);
#11103 = DIRECTION('',(1.,0.,0.));
#11104 = ORIENTED_EDGE('',*,*,#10968,.F.);
#11105 = ORIENTED_EDGE('',*,*,#11106,.T.);
#11106 = EDGE_CURVE('',#7559,#11098,#11107,.T.);
#11107 = LINE('',#11108,#11109);
#11108 = CARTESIAN_POINT('',(-38.99800109863,-81.37599945068,
    6.349999904633));
#11109 = VECTOR('',#11110,1.);
#11110 = DIRECTION('',(-0.999998289286,-1.749742915968E-03,
    -5.998532887868E-04));
#11111 = PLANE('',#11112);
#11112 = AXIS2_PLACEMENT_3D('',#11113,#11114,#11115);
#11113 = CARTESIAN_POINT('',(-48.99125740821,-81.40224410393,
    6.341002616276));
#11114 = DIRECTION('',(0.,-0.324295991318,0.945955659646));
#11115 = DIRECTION('',(0.,0.945955659646,0.324295991318));
#11116 = ADVANCED_FACE('',(#11117),#11134,.F.);
#11117 = FACE_BOUND('',#11118,.F.);
#11118 = EDGE_LOOP('',(#11119,#11120,#11128));
#11119 = ORIENTED_EDGE('',*,*,#7109,.F.);
#11120 = ORIENTED_EDGE('',*,*,#11121,.F.);
#11121 = EDGE_CURVE('',#11122,#7012,#11124,.T.);
#11122 = VERTEX_POINT('',#11123);
#11123 = CARTESIAN_POINT('',(-38.99800109863,-106.6240005493,
    6.349999904633));
#11124 = LINE('',#11125,#11126);
#11125 = CARTESIAN_POINT('',(-38.99800109863,-106.6240005493,
    6.349999904633));
#11126 = VECTOR('',#11127,1.);
#11127 = DIRECTION('',(0.,1.,0.));
#11128 = ORIENTED_EDGE('',*,*,#11129,.T.);
#11129 = EDGE_CURVE('',#11122,#7064,#11130,.T.);
#11130 = LINE('',#11131,#11132);
#11131 = CARTESIAN_POINT('',(-38.99800109863,-106.6240005493,
    6.349999904633));
#11132 = VECTOR('',#11133,1.);
#11133 = DIRECTION('',(0.994293087424,-0.106682971002,0.));
#11134 = PLANE('',#11135);
#11135 = AXIS2_PLACEMENT_3D('',#11136,#11137,#11138);
#11136 = CARTESIAN_POINT('',(-25.29946192147,-106.658028077,
    6.349999904633));
#11137 = DIRECTION('',(0.,0.,1.));
#11138 = DIRECTION('',(1.,0.,-0.));
#11139 = ADVANCED_FACE('',(#11140),#11166,.F.);
#11140 = FACE_BOUND('',#11141,.F.);
#11141 = EDGE_LOOP('',(#11142,#11152,#11160));
#11142 = ORIENTED_EDGE('',*,*,#11143,.T.);
#11143 = EDGE_CURVE('',#11144,#11146,#11148,.T.);
#11144 = VERTEX_POINT('',#11145);
#11145 = CARTESIAN_POINT('',(-59.00299835205,-102.6949996948,
    6.083000183105));
#11146 = VERTEX_POINT('',#11147);
#11147 = CARTESIAN_POINT('',(-59.00299835205,-101.3769989013,
    6.349999904633));
#11148 = LINE('',#11149,#11150);
#11149 = CARTESIAN_POINT('',(-59.00299835205,-102.6949996948,
    6.083000183105));
#11150 = VECTOR('',#11151,1.);
#11151 = DIRECTION('',(0.,0.980091512459,0.198546284795));
#11152 = ORIENTED_EDGE('',*,*,#11153,.T.);
#11153 = EDGE_CURVE('',#11146,#11154,#11156,.T.);
#11154 = VERTEX_POINT('',#11155);
#11155 = CARTESIAN_POINT('',(-59.00299835205,-104.0009994506,
    5.998000144958));
#11156 = LINE('',#11157,#11158);
#11157 = CARTESIAN_POINT('',(-59.00299835205,-101.3769989013,
    6.349999904633));
#11158 = VECTOR('',#11159,1.);
#11159 = DIRECTION('',(0.,-0.991122038089,-0.132955276746));
#11160 = ORIENTED_EDGE('',*,*,#11161,.T.);
#11161 = EDGE_CURVE('',#11154,#11144,#11162,.T.);
#11162 = LINE('',#11163,#11164);
#11163 = CARTESIAN_POINT('',(-59.00299835205,-104.0009994506,
    5.998000144958));
#11164 = VECTOR('',#11165,1.);
#11165 = DIRECTION('',(0.,0.997888724128,6.494685717728E-02));
#11166 = PLANE('',#11167);
#11167 = AXIS2_PLACEMENT_3D('',#11168,#11169,#11170);
#11168 = CARTESIAN_POINT('',(-59.00299835205,-102.6860447656,
    6.151821969916));
#11169 = DIRECTION('',(1.,0.,0.));
#11170 = DIRECTION('',(-0.,0.,1.));
#11171 = ADVANCED_FACE('',(#11172),#11189,.F.);
#11172 = FACE_BOUND('',#11173,.F.);
#11173 = EDGE_LOOP('',(#11174,#11182,#11183));
#11174 = ORIENTED_EDGE('',*,*,#11175,.T.);
#11175 = EDGE_CURVE('',#11176,#11146,#11178,.T.);
#11176 = VERTEX_POINT('',#11177);
#11177 = CARTESIAN_POINT('',(-59.00299835205,-101.4120025634,
    6.337999820709));
#11178 = LINE('',#11179,#11180);
#11179 = CARTESIAN_POINT('',(-59.00299835205,-101.4120025634,
    6.337999820709));
#11180 = VECTOR('',#11181,1.);
#11181 = DIRECTION('',(0.,0.945955659646,0.324295991318));
#11182 = ORIENTED_EDGE('',*,*,#11143,.F.);
#11183 = ORIENTED_EDGE('',*,*,#11184,.T.);
#11184 = EDGE_CURVE('',#11144,#11176,#11185,.T.);
#11185 = LINE('',#11186,#11187);
#11186 = CARTESIAN_POINT('',(-59.00299835205,-102.6949996948,
    6.083000183105));
#11187 = VECTOR('',#11188,1.);
#11188 = DIRECTION('',(0.,0.980815161594,0.194940038954));
#11189 = PLANE('',#11190);
#11190 = AXIS2_PLACEMENT_3D('',#11191,#11192,#11193);
#11191 = CARTESIAN_POINT('',(-59.00299835205,-102.035685651,
    6.21533616857));
#11192 = DIRECTION('',(1.,0.,0.));
#11193 = DIRECTION('',(-0.,0.,1.));
#11194 = ADVANCED_FACE('',(#11195),#11212,.F.);
#11195 = FACE_BOUND('',#11196,.F.);
#11196 = EDGE_LOOP('',(#11197,#11205,#11206));
#11197 = ORIENTED_EDGE('',*,*,#11198,.T.);
#11198 = EDGE_CURVE('',#11199,#11144,#11201,.T.);
#11199 = VERTEX_POINT('',#11200);
#11200 = CARTESIAN_POINT('',(-38.99800109863,-102.6949996948,
    6.083000183105));
#11201 = LINE('',#11202,#11203);
#11202 = CARTESIAN_POINT('',(-38.99800109863,-102.6949996948,
    6.083000183105));
#11203 = VECTOR('',#11204,1.);
#11204 = DIRECTION('',(-1.,0.,0.));
#11205 = ORIENTED_EDGE('',*,*,#11161,.F.);
#11206 = ORIENTED_EDGE('',*,*,#11207,.F.);
#11207 = EDGE_CURVE('',#11199,#11154,#11208,.T.);
#11208 = LINE('',#11209,#11210);
#11209 = CARTESIAN_POINT('',(-38.99800109863,-102.6949996948,
    6.083000183105));
#11210 = VECTOR('',#11211,1.);
#11211 = DIRECTION('',(-0.997866839116,-6.51444152557E-02,
    -4.239876582636E-03));
#11212 = PLANE('',#11213);
#11213 = AXIS2_PLACEMENT_3D('',#11214,#11215,#11216);
#11214 = CARTESIAN_POINT('',(-49.31699917858,-103.0321683371,
    6.061055808818));
#11215 = DIRECTION('',(0.,-6.494685717728E-02,0.997888724128));
#11216 = DIRECTION('',(0.,0.997888724128,6.494685717728E-02));
#11217 = ADVANCED_FACE('',(#11218),#11240,.F.);
#11218 = FACE_BOUND('',#11219,.F.);
#11219 = EDGE_LOOP('',(#11220,#11226,#11234));
#11220 = ORIENTED_EDGE('',*,*,#11221,.T.);
#11221 = EDGE_CURVE('',#11199,#7012,#11222,.T.);
#11222 = LINE('',#11223,#11224);
#11223 = CARTESIAN_POINT('',(-38.99800109863,-102.6949996948,
    6.083000183105));
#11224 = VECTOR('',#11225,1.);
#11225 = DIRECTION('',(0.,0.980091512459,0.198546284795));
#11226 = ORIENTED_EDGE('',*,*,#11227,.T.);
#11227 = EDGE_CURVE('',#7012,#11228,#11230,.T.);
#11228 = VERTEX_POINT('',#11229);
#11229 = CARTESIAN_POINT('',(-38.99800109863,-101.4120025634,
    6.337999820709));
#11230 = LINE('',#11231,#11232);
#11231 = CARTESIAN_POINT('',(-38.99800109863,-101.3769989013,
    6.349999904633));
#11232 = VECTOR('',#11233,1.);
#11233 = DIRECTION('',(0.,-0.945955659646,-0.324295991318));
#11234 = ORIENTED_EDGE('',*,*,#11235,.T.);
#11235 = EDGE_CURVE('',#11228,#11199,#11236,.T.);
#11236 = LINE('',#11237,#11238);
#11237 = CARTESIAN_POINT('',(-38.99800109863,-101.4120025634,
    6.337999820709));
#11238 = VECTOR('',#11239,1.);
#11239 = DIRECTION('',(0.,-0.980815161594,-0.194940038954));
#11240 = PLANE('',#11241);
#11241 = AXIS2_PLACEMENT_3D('',#11242,#11243,#11244);
#11242 = CARTESIAN_POINT('',(-38.99800109863,-102.035685651,
    6.21533616857));
#11243 = DIRECTION('',(-1.,-0.,-0.));
#11244 = DIRECTION('',(0.,0.,-1.));
#11245 = ADVANCED_FACE('',(#11246),#11263,.F.);
#11246 = FACE_BOUND('',#11247,.F.);
#11247 = EDGE_LOOP('',(#11248,#11256,#11257));
#11248 = ORIENTED_EDGE('',*,*,#11249,.T.);
#11249 = EDGE_CURVE('',#11250,#7012,#11252,.T.);
#11250 = VERTEX_POINT('',#11251);
#11251 = CARTESIAN_POINT('',(-38.99800109863,-104.0009994506,
    5.998000144958));
#11252 = LINE('',#11253,#11254);
#11253 = CARTESIAN_POINT('',(-38.99800109863,-104.0009994506,
    5.998000144958));
#11254 = VECTOR('',#11255,1.);
#11255 = DIRECTION('',(0.,0.991122038089,0.132955276746));
#11256 = ORIENTED_EDGE('',*,*,#11221,.F.);
#11257 = ORIENTED_EDGE('',*,*,#11258,.T.);
#11258 = EDGE_CURVE('',#11199,#11250,#11259,.T.);
#11259 = LINE('',#11260,#11261);
#11260 = CARTESIAN_POINT('',(-38.99800109863,-102.6949996948,
    6.083000183105));
#11261 = VECTOR('',#11262,1.);
#11262 = DIRECTION('',(0.,-0.997888724128,-6.494685717728E-02));
#11263 = PLANE('',#11264);
#11264 = AXIS2_PLACEMENT_3D('',#11265,#11266,#11267);
#11265 = CARTESIAN_POINT('',(-38.99800109863,-102.6860447656,
    6.151821969916));
#11266 = DIRECTION('',(-1.,-0.,-0.));
#11267 = DIRECTION('',(0.,0.,-1.));
#11268 = ADVANCED_FACE('',(#11269),#11279,.F.);
#11269 = FACE_BOUND('',#11270,.F.);
#11270 = EDGE_LOOP('',(#11271,#11277,#11278));
#11271 = ORIENTED_EDGE('',*,*,#11272,.T.);
#11272 = EDGE_CURVE('',#11154,#11250,#11273,.T.);
#11273 = LINE('',#11274,#11275);
#11274 = CARTESIAN_POINT('',(-59.00299835205,-104.0009994506,
    5.998000144958));
#11275 = VECTOR('',#11276,1.);
#11276 = DIRECTION('',(1.,0.,0.));
#11277 = ORIENTED_EDGE('',*,*,#11258,.F.);
#11278 = ORIENTED_EDGE('',*,*,#11207,.T.);
#11279 = PLANE('',#11280);
#11280 = AXIS2_PLACEMENT_3D('',#11281,#11282,#11283);
#11281 = CARTESIAN_POINT('',(-48.6840002721,-103.6638308083,
    6.019944519246));
#11282 = DIRECTION('',(0.,-6.494685717728E-02,0.997888724128));
#11283 = DIRECTION('',(0.,0.997888724128,6.494685717728E-02));
#11284 = ADVANCED_FACE('',(#11285),#11300,.F.);
#11285 = FACE_BOUND('',#11286,.F.);
#11286 = EDGE_LOOP('',(#11287,#11293,#11294));
#11287 = ORIENTED_EDGE('',*,*,#11288,.T.);
#11288 = EDGE_CURVE('',#11228,#11146,#11289,.T.);
#11289 = LINE('',#11290,#11291);
#11290 = CARTESIAN_POINT('',(-38.99800109863,-101.4120025634,
    6.337999820709));
#11291 = VECTOR('',#11292,1.);
#11292 = DIRECTION('',(-0.999998289286,1.749742915968E-03,
    5.998532887868E-04));
#11293 = ORIENTED_EDGE('',*,*,#11175,.F.);
#11294 = ORIENTED_EDGE('',*,*,#11295,.T.);
#11295 = EDGE_CURVE('',#11176,#11228,#11296,.T.);
#11296 = LINE('',#11297,#11298);
#11297 = CARTESIAN_POINT('',(-59.00299835205,-101.4120025634,
    6.337999820709));
#11298 = VECTOR('',#11299,1.);
#11299 = DIRECTION('',(1.,0.,0.));
#11300 = PLANE('',#11301);
#11301 = AXIS2_PLACEMENT_3D('',#11302,#11303,#11304);
#11302 = CARTESIAN_POINT('',(-49.00974204247,-101.4032435546,
    6.341002616276));
#11303 = DIRECTION('',(0.,-0.324295991318,0.945955659646));
#11304 = DIRECTION('',(0.,0.945955659646,0.324295991318));
#11305 = ADVANCED_FACE('',(#11306),#11316,.F.);
#11306 = FACE_BOUND('',#11307,.F.);
#11307 = EDGE_LOOP('',(#11308,#11314,#11315));
#11308 = ORIENTED_EDGE('',*,*,#11309,.T.);
#11309 = EDGE_CURVE('',#7012,#11146,#11310,.T.);
#11310 = LINE('',#11311,#11312);
#11311 = CARTESIAN_POINT('',(-38.99800109863,-101.3769989013,
    6.349999904633));
#11312 = VECTOR('',#11313,1.);
#11313 = DIRECTION('',(-1.,0.,0.));
#11314 = ORIENTED_EDGE('',*,*,#11288,.F.);
#11315 = ORIENTED_EDGE('',*,*,#11227,.F.);
#11316 = PLANE('',#11317);
#11317 = AXIS2_PLACEMENT_3D('',#11318,#11319,#11320);
#11318 = CARTESIAN_POINT('',(-48.99125740821,-101.3857579102,
    6.346997109066));
#11319 = DIRECTION('',(0.,-0.324295991318,0.945955659646));
#11320 = DIRECTION('',(0.,0.945955659646,0.324295991318));
#11321 = ADVANCED_FACE('',(#11322),#11332,.F.);
#11322 = FACE_BOUND('',#11323,.F.);
#11323 = EDGE_LOOP('',(#11324,#11330,#11331));
#11324 = ORIENTED_EDGE('',*,*,#11325,.T.);
#11325 = EDGE_CURVE('',#11144,#11228,#11326,.T.);
#11326 = LINE('',#11327,#11328);
#11327 = CARTESIAN_POINT('',(-59.00299835205,-102.6949996948,
    6.083000183105));
#11328 = VECTOR('',#11329,1.);
#11329 = DIRECTION('',(0.997869016428,6.399716377462E-02,
    1.27196337166E-02));
#11330 = ORIENTED_EDGE('',*,*,#11295,.F.);
#11331 = ORIENTED_EDGE('',*,*,#11184,.F.);
#11332 = PLANE('',#11333);
#11333 = AXIS2_PLACEMENT_3D('',#11334,#11335,#11336);
#11334 = CARTESIAN_POINT('',(-49.31684255508,-101.7432272854,
    6.27216788546));
#11335 = DIRECTION('',(0.,-0.194940038954,0.980815161594));
#11336 = DIRECTION('',(0.,0.980815161594,0.194940038954));
#11337 = ADVANCED_FACE('',(#11338),#11343,.F.);
#11338 = FACE_BOUND('',#11339,.F.);
#11339 = EDGE_LOOP('',(#11340,#11341,#11342));
#11340 = ORIENTED_EDGE('',*,*,#11235,.F.);
#11341 = ORIENTED_EDGE('',*,*,#11325,.F.);
#11342 = ORIENTED_EDGE('',*,*,#11198,.F.);
#11343 = PLANE('',#11344);
#11344 = AXIS2_PLACEMENT_3D('',#11345,#11346,#11347);
#11345 = CARTESIAN_POINT('',(-48.68415689559,-102.3637749728,
    6.148832118354));
#11346 = DIRECTION('',(0.,-0.194940038954,0.980815161594));
#11347 = DIRECTION('',(0.,0.980815161594,0.194940038954));
#11348 = ADVANCED_FACE('',(#11349),#11366,.F.);
#11349 = FACE_BOUND('',#11350,.F.);
#11350 = EDGE_LOOP('',(#11351,#11352,#11360));
#11351 = ORIENTED_EDGE('',*,*,#11249,.F.);
#11352 = ORIENTED_EDGE('',*,*,#11353,.T.);
#11353 = EDGE_CURVE('',#11250,#11354,#11356,.T.);
#11354 = VERTEX_POINT('',#11355);
#11355 = CARTESIAN_POINT('',(-38.99800109863,-105.3059997558,
    6.083000183105));
#11356 = LINE('',#11357,#11358);
#11357 = CARTESIAN_POINT('',(-38.99800109863,-104.0009994506,
    5.998000144958));
#11358 = VECTOR('',#11359,1.);
#11359 = DIRECTION('',(0.,-0.99788549925,6.499638748449E-02));
#11360 = ORIENTED_EDGE('',*,*,#11361,.F.);
#11361 = EDGE_CURVE('',#7012,#11354,#11362,.T.);
#11362 = LINE('',#11363,#11364);
#11363 = CARTESIAN_POINT('',(-38.99800109863,-101.3769989013,
    6.349999904633));
#11364 = VECTOR('',#11365,1.);
#11365 = DIRECTION('',(0.,-0.997698948397,-6.779976672321E-02));
#11366 = PLANE('',#11367);
#11367 = AXIS2_PLACEMENT_3D('',#11368,#11369,#11370);
#11368 = CARTESIAN_POINT('',(-38.99800109863,-103.340015973,
    6.173085482204));
#11369 = DIRECTION('',(-1.,-0.,-0.));
#11370 = DIRECTION('',(0.,0.,-1.));
#11371 = ADVANCED_FACE('',(#11372),#11389,.F.);
#11372 = FACE_BOUND('',#11373,.F.);
#11373 = EDGE_LOOP('',(#11374,#11382,#11383));
#11374 = ORIENTED_EDGE('',*,*,#11375,.T.);
#11375 = EDGE_CURVE('',#11376,#11122,#11378,.T.);
#11376 = VERTEX_POINT('',#11377);
#11377 = CARTESIAN_POINT('',(-38.99800109863,-106.5889968872,
    6.337999820709));
#11378 = LINE('',#11379,#11380);
#11379 = CARTESIAN_POINT('',(-38.99800109863,-106.5889968872,
    6.337999820709));
#11380 = VECTOR('',#11381,1.);
#11381 = DIRECTION('',(0.,-0.945955659646,0.324295991318));
#11382 = ORIENTED_EDGE('',*,*,#11121,.T.);
#11383 = ORIENTED_EDGE('',*,*,#11384,.T.);
#11384 = EDGE_CURVE('',#7012,#11376,#11385,.T.);
#11385 = LINE('',#11386,#11387);
#11386 = CARTESIAN_POINT('',(-38.99800109863,-101.3769989013,
    6.349999904633));
#11387 = VECTOR('',#11388,1.);
#11388 = DIRECTION('',(0.,-0.999997349497,-2.302390014286E-03));
#11389 = PLANE('',#11390);
#11390 = AXIS2_PLACEMENT_3D('',#11391,#11392,#11393);
#11391 = CARTESIAN_POINT('',(-38.99800109863,-104.000996229,
    6.346999308103));
#11392 = DIRECTION('',(-1.,-0.,-0.));
#11393 = DIRECTION('',(0.,0.,-1.));
#11394 = ADVANCED_FACE('',(#11395),#11405,.F.);
#11395 = FACE_BOUND('',#11396,.F.);
#11396 = EDGE_LOOP('',(#11397,#11398,#11404));
#11397 = ORIENTED_EDGE('',*,*,#11361,.T.);
#11398 = ORIENTED_EDGE('',*,*,#11399,.T.);
#11399 = EDGE_CURVE('',#11354,#11376,#11400,.T.);
#11400 = LINE('',#11401,#11402);
#11401 = CARTESIAN_POINT('',(-38.99800109863,-105.3059997558,
    6.083000183105));
#11402 = VECTOR('',#11403,1.);
#11403 = DIRECTION('',(0.,-0.980815161594,0.194940038954));
#11404 = ORIENTED_EDGE('',*,*,#11384,.F.);
#11405 = PLANE('',#11406);
#11406 = AXIS2_PLACEMENT_3D('',#11407,#11408,#11409);
#11407 = CARTESIAN_POINT('',(-38.99800109863,-103.9871560946,
    6.279291348315));
#11408 = DIRECTION('',(-1.,-0.,-0.));
#11409 = DIRECTION('',(0.,0.,-1.));
#11410 = ADVANCED_FACE('',(#11411),#11428,.F.);
#11411 = FACE_BOUND('',#11412,.F.);
#11412 = EDGE_LOOP('',(#11413,#11414,#11422));
#11413 = ORIENTED_EDGE('',*,*,#11153,.F.);
#11414 = ORIENTED_EDGE('',*,*,#11415,.F.);
#11415 = EDGE_CURVE('',#11416,#11146,#11418,.T.);
#11416 = VERTEX_POINT('',#11417);
#11417 = CARTESIAN_POINT('',(-59.00299835205,-105.3059997558,
    6.083000183105));
#11418 = LINE('',#11419,#11420);
#11419 = CARTESIAN_POINT('',(-59.00299835205,-105.3059997558,
    6.083000183105));
#11420 = VECTOR('',#11421,1.);
#11421 = DIRECTION('',(0.,0.997698948397,6.779976672321E-02));
#11422 = ORIENTED_EDGE('',*,*,#11423,.T.);
#11423 = EDGE_CURVE('',#11416,#11154,#11424,.T.);
#11424 = LINE('',#11425,#11426);
#11425 = CARTESIAN_POINT('',(-59.00299835205,-105.3059997558,
    6.083000183105));
#11426 = VECTOR('',#11427,1.);
#11427 = DIRECTION('',(0.,0.99788549925,-6.499638748449E-02));
#11428 = PLANE('',#11429);
#11429 = AXIS2_PLACEMENT_3D('',#11430,#11431,#11432);
#11430 = CARTESIAN_POINT('',(-59.00299835205,-103.340015973,
    6.173085482204));
#11431 = DIRECTION('',(1.,0.,0.));
#11432 = DIRECTION('',(-0.,0.,1.));
#11433 = ADVANCED_FACE('',(#11434),#11458,.F.);
#11434 = FACE_BOUND('',#11435,.F.);
#11435 = EDGE_LOOP('',(#11436,#11444,#11452));
#11436 = ORIENTED_EDGE('',*,*,#11437,.T.);
#11437 = EDGE_CURVE('',#11438,#11146,#11440,.T.);
#11438 = VERTEX_POINT('',#11439);
#11439 = CARTESIAN_POINT('',(-59.00299835205,-106.5889968872,
    6.337999820709));
#11440 = LINE('',#11441,#11442);
#11441 = CARTESIAN_POINT('',(-59.00299835205,-106.5889968872,
    6.337999820709));
#11442 = VECTOR('',#11443,1.);
#11443 = DIRECTION('',(0.,0.999997349497,2.302390014286E-03));
#11444 = ORIENTED_EDGE('',*,*,#11445,.T.);
#11445 = EDGE_CURVE('',#11146,#11446,#11448,.T.);
#11446 = VERTEX_POINT('',#11447);
#11447 = CARTESIAN_POINT('',(-59.00299835205,-106.6240005493,
    6.349999904633));
#11448 = LINE('',#11449,#11450);
#11449 = CARTESIAN_POINT('',(-59.00299835205,-101.3769989013,
    6.349999904633));
#11450 = VECTOR('',#11451,1.);
#11451 = DIRECTION('',(0.,-1.,0.));
#11452 = ORIENTED_EDGE('',*,*,#11453,.T.);
#11453 = EDGE_CURVE('',#11446,#11438,#11454,.T.);
#11454 = LINE('',#11455,#11456);
#11455 = CARTESIAN_POINT('',(-59.00299835205,-106.6240005493,
    6.349999904633));
#11456 = VECTOR('',#11457,1.);
#11457 = DIRECTION('',(0.,0.945955659646,-0.324295991318));
#11458 = PLANE('',#11459);
#11459 = AXIS2_PLACEMENT_3D('',#11460,#11461,#11462);
#11460 = CARTESIAN_POINT('',(-59.00299835205,-104.000996229,
    6.346999308103));
#11461 = DIRECTION('',(1.,0.,0.));
#11462 = DIRECTION('',(-0.,0.,1.));
#11463 = ADVANCED_FACE('',(#11464),#11474,.F.);
#11464 = FACE_BOUND('',#11465,.F.);
#11465 = EDGE_LOOP('',(#11466,#11467,#11468));
#11466 = ORIENTED_EDGE('',*,*,#11415,.T.);
#11467 = ORIENTED_EDGE('',*,*,#11437,.F.);
#11468 = ORIENTED_EDGE('',*,*,#11469,.T.);
#11469 = EDGE_CURVE('',#11438,#11416,#11470,.T.);
#11470 = LINE('',#11471,#11472);
#11471 = CARTESIAN_POINT('',(-59.00299835205,-106.5889968872,
    6.337999820709));
#11472 = VECTOR('',#11473,1.);
#11473 = DIRECTION('',(0.,0.980815161594,-0.194940038954));
#11474 = PLANE('',#11475);
#11475 = AXIS2_PLACEMENT_3D('',#11476,#11477,#11478);
#11476 = CARTESIAN_POINT('',(-59.00299835205,-103.9871560946,
    6.279291348315));
#11477 = DIRECTION('',(1.,0.,0.));
#11478 = DIRECTION('',(-0.,0.,1.));
#11479 = ADVANCED_FACE('',(#11480),#11495,.F.);
#11480 = FACE_BOUND('',#11481,.F.);
#11481 = EDGE_LOOP('',(#11482,#11488,#11489));
#11482 = ORIENTED_EDGE('',*,*,#11483,.T.);
#11483 = EDGE_CURVE('',#11416,#11354,#11484,.T.);
#11484 = LINE('',#11485,#11486);
#11485 = CARTESIAN_POINT('',(-59.00299835205,-105.3059997558,
    6.083000183105));
#11486 = VECTOR('',#11487,1.);
#11487 = DIRECTION('',(1.,0.,0.));
#11488 = ORIENTED_EDGE('',*,*,#11353,.F.);
#11489 = ORIENTED_EDGE('',*,*,#11490,.T.);
#11490 = EDGE_CURVE('',#11250,#11416,#11491,.T.);
#11491 = LINE('',#11492,#11493);
#11492 = CARTESIAN_POINT('',(-38.99800109863,-104.0009994506,
    5.998000144958));
#11493 = VECTOR('',#11494,1.);
#11494 = DIRECTION('',(-0.99787007864,-6.509477310366E-02,
    4.239890347178E-03));
#11495 = PLANE('',#11496);
#11496 = AXIS2_PLACEMENT_3D('',#11497,#11498,#11499);
#11497 = CARTESIAN_POINT('',(-48.68423333588,-104.9690972472,
    6.061056336829));
#11498 = DIRECTION('',(0.,6.499638748449E-02,0.99788549925));
#11499 = DIRECTION('',(0.,0.99788549925,-6.499638748449E-02));
#11500 = ADVANCED_FACE('',(#11501),#11506,.F.);
#11501 = FACE_BOUND('',#11502,.F.);
#11502 = EDGE_LOOP('',(#11503,#11504,#11505));
#11503 = ORIENTED_EDGE('',*,*,#11423,.F.);
#11504 = ORIENTED_EDGE('',*,*,#11490,.F.);
#11505 = ORIENTED_EDGE('',*,*,#11272,.F.);
#11506 = PLANE('',#11507);
#11507 = AXIS2_PLACEMENT_3D('',#11508,#11509,#11510);
#11508 = CARTESIAN_POINT('',(-49.31676611479,-104.3379019593,
    6.019943991235));
#11509 = DIRECTION('',(0.,6.499638748449E-02,0.99788549925));
#11510 = DIRECTION('',(0.,0.99788549925,-6.499638748449E-02));
#11511 = ADVANCED_FACE('',(#11512),#11527,.F.);
#11512 = FACE_BOUND('',#11513,.F.);
#11513 = EDGE_LOOP('',(#11514,#11515,#11521));
#11514 = ORIENTED_EDGE('',*,*,#11469,.F.);
#11515 = ORIENTED_EDGE('',*,*,#11516,.T.);
#11516 = EDGE_CURVE('',#11438,#11376,#11517,.T.);
#11517 = LINE('',#11518,#11519);
#11518 = CARTESIAN_POINT('',(-59.00299835205,-106.5889968872,
    6.337999820709));
#11519 = VECTOR('',#11520,1.);
#11520 = DIRECTION('',(1.,0.,0.));
#11521 = ORIENTED_EDGE('',*,*,#11522,.T.);
#11522 = EDGE_CURVE('',#11376,#11416,#11523,.T.);
#11523 = LINE('',#11524,#11525);
#11524 = CARTESIAN_POINT('',(-38.99800109863,-106.5889968872,
    6.337999820709));
#11525 = VECTOR('',#11526,1.);
#11526 = DIRECTION('',(-0.997869016428,6.399716377462E-02,
    -1.27196337166E-02));
#11527 = PLANE('',#11528);
#11528 = AXIS2_PLACEMENT_3D('',#11529,#11530,#11531);
#11529 = CARTESIAN_POINT('',(-49.31684255508,-106.2577721652,
    6.27216788546));
#11530 = DIRECTION('',(0.,0.194940038954,0.980815161594));
#11531 = DIRECTION('',(0.,0.980815161594,-0.194940038954));
#11532 = ADVANCED_FACE('',(#11533),#11538,.F.);
#11533 = FACE_BOUND('',#11534,.F.);
#11534 = EDGE_LOOP('',(#11535,#11536,#11537));
#11535 = ORIENTED_EDGE('',*,*,#11399,.F.);
#11536 = ORIENTED_EDGE('',*,*,#11483,.F.);
#11537 = ORIENTED_EDGE('',*,*,#11522,.F.);
#11538 = PLANE('',#11539);
#11539 = AXIS2_PLACEMENT_3D('',#11540,#11541,#11542);
#11540 = CARTESIAN_POINT('',(-48.68415689559,-105.6372244778,
    6.148832118354));
#11541 = DIRECTION('',(0.,0.194940038954,0.980815161594));
#11542 = DIRECTION('',(0.,0.980815161594,-0.194940038954));
#11543 = ADVANCED_FACE('',(#11544),#11559,.F.);
#11544 = FACE_BOUND('',#11545,.F.);
#11545 = EDGE_LOOP('',(#11546,#11547,#11553));
#11546 = ORIENTED_EDGE('',*,*,#11453,.F.);
#11547 = ORIENTED_EDGE('',*,*,#11548,.T.);
#11548 = EDGE_CURVE('',#11446,#11122,#11549,.T.);
#11549 = LINE('',#11550,#11551);
#11550 = CARTESIAN_POINT('',(-59.00299835205,-106.6240005493,
    6.349999904633));
#11551 = VECTOR('',#11552,1.);
#11552 = DIRECTION('',(1.,0.,0.));
#11553 = ORIENTED_EDGE('',*,*,#11554,.T.);
#11554 = EDGE_CURVE('',#11122,#11438,#11555,.T.);
#11555 = LINE('',#11556,#11557);
#11556 = CARTESIAN_POINT('',(-38.99800109863,-106.6240005493,
    6.349999904633));
#11557 = VECTOR('',#11558,1.);
#11558 = DIRECTION('',(-0.999998289286,1.749742915968E-03,
    -5.998532887868E-04));
#11559 = PLANE('',#11560);
#11560 = AXIS2_PLACEMENT_3D('',#11561,#11562,#11563);
#11561 = CARTESIAN_POINT('',(-49.00974204247,-106.6152415404,
    6.346997109066));
#11562 = DIRECTION('',(0.,0.324295991318,0.945955659646));
#11563 = DIRECTION('',(0.,0.945955659646,-0.324295991318));
#11564 = ADVANCED_FACE('',(#11565),#11570,.F.);
#11565 = FACE_BOUND('',#11566,.F.);
#11566 = EDGE_LOOP('',(#11567,#11568,#11569));
#11567 = ORIENTED_EDGE('',*,*,#11375,.F.);
#11568 = ORIENTED_EDGE('',*,*,#11516,.F.);
#11569 = ORIENTED_EDGE('',*,*,#11554,.F.);
#11570 = PLANE('',#11571);
#11571 = AXIS2_PLACEMENT_3D('',#11572,#11573,#11574);
#11572 = CARTESIAN_POINT('',(-48.99125740821,-106.597755896,
    6.341002616276));
#11573 = DIRECTION('',(0.,0.324295991318,0.945955659646));
#11574 = DIRECTION('',(0.,0.945955659646,-0.324295991318));
#11575 = ADVANCED_FACE('',(#11576),#11593,.F.);
#11576 = FACE_BOUND('',#11577,.F.);
#11577 = EDGE_LOOP('',(#11578,#11579,#11587));
#11578 = ORIENTED_EDGE('',*,*,#11129,.F.);
#11579 = ORIENTED_EDGE('',*,*,#11580,.T.);
#11580 = EDGE_CURVE('',#11122,#11581,#11583,.T.);
#11581 = VERTEX_POINT('',#11582);
#11582 = CARTESIAN_POINT('',(-38.99800109863,-111.377998352,
    6.349999904633));
#11583 = LINE('',#11584,#11585);
#11584 = CARTESIAN_POINT('',(-38.99800109863,-106.6240005493,
    6.349999904633));
#11585 = VECTOR('',#11586,1.);
#11586 = DIRECTION('',(0.,-1.,0.));
#11587 = ORIENTED_EDGE('',*,*,#11588,.T.);
#11588 = EDGE_CURVE('',#11581,#7064,#11589,.T.);
#11589 = LINE('',#11590,#11591);
#11590 = CARTESIAN_POINT('',(-38.99800109863,-111.377998352,
    6.349999904633));
#11591 = VECTOR('',#11592,1.);
#11592 = DIRECTION('',(0.998627089052,5.23826021919E-02,0.));
#11593 = PLANE('',#11594);
#11594 = AXIS2_PLACEMENT_3D('',#11595,#11596,#11597);
#11595 = CARTESIAN_POINT('',(-25.21547702374,-109.3765268547,
    6.349999904633));
#11596 = DIRECTION('',(0.,0.,1.));
#11597 = DIRECTION('',(1.,0.,-0.));
#11598 = ADVANCED_FACE('',(#11599),#11609,.F.);
#11599 = FACE_BOUND('',#11600,.F.);
#11600 = EDGE_LOOP('',(#11601,#11607,#11608));
#11601 = ORIENTED_EDGE('',*,*,#11602,.T.);
#11602 = EDGE_CURVE('',#11098,#10983,#11603,.T.);
#11603 = LINE('',#11604,#11605);
#11604 = CARTESIAN_POINT('',(-59.00299835205,-81.41100311279,
    6.337999820709));
#11605 = VECTOR('',#11606,1.);
#11606 = DIRECTION('',(0.997869016428,-6.399716377462E-02,
    -1.27196337166E-02));
#11607 = ORIENTED_EDGE('',*,*,#10991,.F.);
#11608 = ORIENTED_EDGE('',*,*,#11097,.F.);
#11609 = PLANE('',#11610);
#11610 = AXIS2_PLACEMENT_3D('',#11611,#11612,#11613);
#11611 = CARTESIAN_POINT('',(-48.68415689559,-81.74222783479,
    6.27216788546));
#11612 = DIRECTION('',(0.,-0.194940038954,0.980815161594));
#11613 = DIRECTION('',(0.,0.980815161594,0.194940038954));
#11614 = ADVANCED_FACE('',(#11615),#11632,.F.);
#11615 = FACE_BOUND('',#11616,.F.);
#11616 = EDGE_LOOP('',(#11617,#11618,#11626));
#11617 = ORIENTED_EDGE('',*,*,#11074,.F.);
#11618 = ORIENTED_EDGE('',*,*,#11619,.T.);
#11619 = EDGE_CURVE('',#11075,#11620,#11622,.T.);
#11620 = VERTEX_POINT('',#11621);
#11621 = CARTESIAN_POINT('',(28.997999191284,-83.69400024414,
    6.083000183105));
#11622 = LINE('',#11623,#11624);
#11623 = CARTESIAN_POINT('',(28.997999191284,-82.41100311279,
    6.337999820709));
#11624 = VECTOR('',#11625,1.);
#11625 = DIRECTION('',(0.,-0.980815161594,-0.194940038954));
#11626 = ORIENTED_EDGE('',*,*,#11627,.T.);
#11627 = EDGE_CURVE('',#11620,#10777,#11628,.T.);
#11628 = LINE('',#11629,#11630);
#11629 = CARTESIAN_POINT('',(28.997999191284,-83.69400024414,
    6.083000183105));
#11630 = VECTOR('',#11631,1.);
#11631 = DIRECTION('',(0.997869016833,6.399715769888E-02,
    1.271963250903E-02));
#11632 = PLANE('',#11633);
#11633 = AXIS2_PLACEMENT_3D('',#11634,#11635,#11636);
#11634 = CARTESIAN_POINT('',(38.684155940908,-82.74222783379,
    6.272167885658));
#11635 = DIRECTION('',(0.,-0.194940038954,0.980815161594));
#11636 = DIRECTION('',(0.,0.980815161594,0.194940038954));
#11637 = ADVANCED_FACE('',(#11638),#11648,.F.);
#11638 = FACE_BOUND('',#11639,.F.);
#11639 = EDGE_LOOP('',(#11640,#11646,#11647));
#11640 = ORIENTED_EDGE('',*,*,#11641,.T.);
#11641 = EDGE_CURVE('',#11620,#10754,#11642,.T.);
#11642 = LINE('',#11643,#11644);
#11643 = CARTESIAN_POINT('',(28.997999191284,-83.69400024414,
    6.083000183105));
#11644 = VECTOR('',#11645,1.);
#11645 = DIRECTION('',(1.,0.,0.));
#11646 = ORIENTED_EDGE('',*,*,#10784,.F.);
#11647 = ORIENTED_EDGE('',*,*,#11627,.F.);
#11648 = PLANE('',#11649);
#11649 = AXIS2_PLACEMENT_3D('',#11650,#11651,#11652);
#11650 = CARTESIAN_POINT('',(39.316841602427,-83.36277552313,
    6.148832118156));
#11651 = DIRECTION('',(0.,-0.194940038954,0.980815161594));
#11652 = DIRECTION('',(0.,0.980815161594,0.194940038954));
#11653 = ADVANCED_FACE('',(#11654),#11664,.F.);
#11654 = FACE_BOUND('',#11655,.F.);
#11655 = EDGE_LOOP('',(#11656,#11657,#11658));
#11656 = ORIENTED_EDGE('',*,*,#7366,.F.);
#11657 = ORIENTED_EDGE('',*,*,#10356,.F.);
#11658 = ORIENTED_EDGE('',*,*,#11659,.F.);
#11659 = EDGE_CURVE('',#7367,#10318,#11660,.T.);
#11660 = LINE('',#11661,#11662);
#11661 = CARTESIAN_POINT('',(28.997999191284,-92.37699890136,
    6.349999904633));
#11662 = VECTOR('',#11663,1.);
#11663 = DIRECTION('',(-0.956066673935,0.293149304946,0.));
#11664 = PLANE('',#11665);
#11665 = AXIS2_PLACEMENT_3D('',#11666,#11667,#11668);
#11666 = CARTESIAN_POINT('',(18.428296204119,-87.86133698077,
    6.349999904633));
#11667 = DIRECTION('',(0.,0.,1.));
#11668 = DIRECTION('',(1.,0.,-0.));
#11669 = ADVANCED_FACE('',(#11670),#11696,.F.);
#11670 = FACE_BOUND('',#11671,.F.);
#11671 = EDGE_LOOP('',(#11672,#11682,#11690));
#11672 = ORIENTED_EDGE('',*,*,#11673,.T.);
#11673 = EDGE_CURVE('',#11674,#11676,#11678,.T.);
#11674 = VERTEX_POINT('',#11675);
#11675 = CARTESIAN_POINT('',(49.002998352051,-92.41200256347,
    6.337999820709));
#11676 = VERTEX_POINT('',#11677);
#11677 = CARTESIAN_POINT('',(49.002998352051,-92.37699890136,
    6.349999904633));
#11678 = LINE('',#11679,#11680);
#11679 = CARTESIAN_POINT('',(49.002998352051,-92.41200256347,
    6.337999820709));
#11680 = VECTOR('',#11681,1.);
#11681 = DIRECTION('',(0.,0.945955659646,0.324295991318));
#11682 = ORIENTED_EDGE('',*,*,#11683,.T.);
#11683 = EDGE_CURVE('',#11676,#11684,#11686,.T.);
#11684 = VERTEX_POINT('',#11685);
#11685 = CARTESIAN_POINT('',(28.997999191284,-92.41200256347,
    6.337999820709));
#11686 = LINE('',#11687,#11688);
#11687 = CARTESIAN_POINT('',(49.002998352051,-92.37699890136,
    6.349999904633));
#11688 = VECTOR('',#11689,1.);
#11689 = DIRECTION('',(-0.999998289287,-1.749742749142E-03,
    -5.998532315948E-04));
#11690 = ORIENTED_EDGE('',*,*,#11691,.T.);
#11691 = EDGE_CURVE('',#11684,#11674,#11692,.T.);
#11692 = LINE('',#11693,#11694);
#11693 = CARTESIAN_POINT('',(28.997999191284,-92.41200256347,
    6.337999820709));
#11694 = VECTOR('',#11695,1.);
#11695 = DIRECTION('',(1.,0.,0.));
#11696 = PLANE('',#11697);
#11697 = AXIS2_PLACEMENT_3D('',#11698,#11699,#11700);
#11698 = CARTESIAN_POINT('',(39.009741088797,-92.40324355461,
    6.341002616275));
#11699 = DIRECTION('',(0.,-0.324295991318,0.945955659646));
#11700 = DIRECTION('',(0.,0.945955659646,0.324295991318));
#11701 = ADVANCED_FACE('',(#11702),#11719,.F.);
#11702 = FACE_BOUND('',#11703,.F.);
#11703 = EDGE_LOOP('',(#11704,#11712,#11713));
#11704 = ORIENTED_EDGE('',*,*,#11705,.T.);
#11705 = EDGE_CURVE('',#11706,#11674,#11708,.T.);
#11706 = VERTEX_POINT('',#11707);
#11707 = CARTESIAN_POINT('',(49.002998352051,-93.69499969482,
    6.083000183105));
#11708 = LINE('',#11709,#11710);
#11709 = CARTESIAN_POINT('',(49.002998352051,-93.69499969482,
    6.083000183105));
#11710 = VECTOR('',#11711,1.);
#11711 = DIRECTION('',(0.,0.980815161594,0.194940038954));
#11712 = ORIENTED_EDGE('',*,*,#11691,.F.);
#11713 = ORIENTED_EDGE('',*,*,#11714,.T.);
#11714 = EDGE_CURVE('',#11684,#11706,#11715,.T.);
#11715 = LINE('',#11716,#11717);
#11716 = CARTESIAN_POINT('',(28.997999191284,-92.41200256347,
    6.337999820709));
#11717 = VECTOR('',#11718,1.);
#11718 = DIRECTION('',(0.997869016833,-6.399715769888E-02,
    -1.271963250903E-02));
#11719 = PLANE('',#11720);
#11720 = AXIS2_PLACEMENT_3D('',#11721,#11722,#11723);
#11721 = CARTESIAN_POINT('',(39.316841602427,-92.74322728447,
    6.272167885658));
#11722 = DIRECTION('',(0.,-0.194940038954,0.980815161594));
#11723 = DIRECTION('',(0.,0.980815161594,0.194940038954));
#11724 = ADVANCED_FACE('',(#11725),#11735,.F.);
#11725 = FACE_BOUND('',#11726,.F.);
#11726 = EDGE_LOOP('',(#11727,#11733,#11734));
#11727 = ORIENTED_EDGE('',*,*,#11728,.T.);
#11728 = EDGE_CURVE('',#11706,#11676,#11729,.T.);
#11729 = LINE('',#11730,#11731);
#11730 = CARTESIAN_POINT('',(49.002998352051,-93.69499969482,
    6.083000183105));
#11731 = VECTOR('',#11732,1.);
#11732 = DIRECTION('',(0.,0.980091512459,0.198546284795));
#11733 = ORIENTED_EDGE('',*,*,#11673,.F.);
#11734 = ORIENTED_EDGE('',*,*,#11705,.F.);
#11735 = PLANE('',#11736);
#11736 = AXIS2_PLACEMENT_3D('',#11737,#11738,#11739);
#11737 = CARTESIAN_POINT('',(49.002998352051,-93.03568565104,
    6.21533616857));
#11738 = DIRECTION('',(-1.,-0.,-0.));
#11739 = DIRECTION('',(0.,0.,-1.));
#11740 = ADVANCED_FACE('',(#11741),#11758,.F.);
#11741 = FACE_BOUND('',#11742,.F.);
#11742 = EDGE_LOOP('',(#11743,#11751,#11752));
#11743 = ORIENTED_EDGE('',*,*,#11744,.T.);
#11744 = EDGE_CURVE('',#11745,#11676,#11747,.T.);
#11745 = VERTEX_POINT('',#11746);
#11746 = CARTESIAN_POINT('',(49.002998352051,-95.,5.998000144958));
#11747 = LINE('',#11748,#11749);
#11748 = CARTESIAN_POINT('',(49.002998352051,-95.,5.998000144958));
#11749 = VECTOR('',#11750,1.);
#11750 = DIRECTION('',(0.,0.991115361117,0.133005041098));
#11751 = ORIENTED_EDGE('',*,*,#11728,.F.);
#11752 = ORIENTED_EDGE('',*,*,#11753,.T.);
#11753 = EDGE_CURVE('',#11706,#11745,#11754,.T.);
#11754 = LINE('',#11755,#11756);
#11755 = CARTESIAN_POINT('',(49.002998352051,-93.69499969482,
    6.083000183105));
#11756 = VECTOR('',#11757,1.);
#11757 = DIRECTION('',(0.,-0.99788549925,-6.499638748449E-02));
#11758 = PLANE('',#11759);
#11759 = AXIS2_PLACEMENT_3D('',#11760,#11761,#11762);
#11760 = CARTESIAN_POINT('',(49.002998352051,-93.68554671934,
    6.151838776043));
#11761 = DIRECTION('',(-1.,-0.,-0.));
#11762 = DIRECTION('',(0.,0.,-1.));
#11763 = ADVANCED_FACE('',(#11764),#11781,.F.);
#11764 = FACE_BOUND('',#11765,.F.);
#11765 = EDGE_LOOP('',(#11766,#11774,#11775));
#11766 = ORIENTED_EDGE('',*,*,#11767,.T.);
#11767 = EDGE_CURVE('',#11768,#11676,#11770,.T.);
#11768 = VERTEX_POINT('',#11769);
#11769 = CARTESIAN_POINT('',(49.002998352051,-96.30599975585,
    6.083000183105));
#11770 = LINE('',#11771,#11772);
#11771 = CARTESIAN_POINT('',(49.002998352051,-96.30599975585,
    6.083000183105));
#11772 = VECTOR('',#11773,1.);
#11773 = DIRECTION('',(0.,0.997698948397,6.779976672321E-02));
#11774 = ORIENTED_EDGE('',*,*,#11744,.F.);
#11775 = ORIENTED_EDGE('',*,*,#11776,.F.);
#11776 = EDGE_CURVE('',#11768,#11745,#11777,.T.);
#11777 = LINE('',#11778,#11779);
#11778 = CARTESIAN_POINT('',(49.002998352051,-96.30599975585,
    6.083000183105));
#11779 = VECTOR('',#11780,1.);
#11780 = DIRECTION('',(0.,0.997888724128,-6.494685717728E-02));
#11781 = PLANE('',#11782);
#11782 = AXIS2_PLACEMENT_3D('',#11783,#11784,#11785);
#11783 = CARTESIAN_POINT('',(49.002998352051,-94.34001322599,
    6.173068615019));
#11784 = DIRECTION('',(-1.,-0.,-0.));
#11785 = DIRECTION('',(0.,0.,-1.));
#11786 = ADVANCED_FACE('',(#11787),#11804,.F.);
#11787 = FACE_BOUND('',#11788,.F.);
#11788 = EDGE_LOOP('',(#11789,#11790,#11798));
#11789 = ORIENTED_EDGE('',*,*,#11776,.T.);
#11790 = ORIENTED_EDGE('',*,*,#11791,.T.);
#11791 = EDGE_CURVE('',#11745,#11792,#11794,.T.);
#11792 = VERTEX_POINT('',#11793);
#11793 = CARTESIAN_POINT('',(28.997999191284,-96.30599975585,
    6.083000183105));
#11794 = LINE('',#11795,#11796);
#11795 = CARTESIAN_POINT('',(49.002998352051,-95.,5.998000144958));
#11796 = VECTOR('',#11797,1.);
#11797 = DIRECTION('',(-0.997866839522,-6.514440907107E-02,
    4.239876180114E-03));
#11798 = ORIENTED_EDGE('',*,*,#11799,.T.);
#11799 = EDGE_CURVE('',#11792,#11768,#11800,.T.);
#11800 = LINE('',#11801,#11802);
#11801 = CARTESIAN_POINT('',(28.997999191284,-96.30599975585,
    6.083000183105));
#11802 = VECTOR('',#11803,1.);
#11803 = DIRECTION('',(1.,0.,0.));
#11804 = PLANE('',#11805);
#11805 = AXIS2_PLACEMENT_3D('',#11806,#11807,#11808);
#11806 = CARTESIAN_POINT('',(39.316998225924,-95.96883111452,
    6.061055808884));
#11807 = DIRECTION('',(0.,6.494685717728E-02,0.997888724128));
#11808 = DIRECTION('',(0.,0.997888724128,-6.494685717728E-02));
#11809 = ADVANCED_FACE('',(#11810),#11827,.F.);
#11810 = FACE_BOUND('',#11811,.F.);
#11811 = EDGE_LOOP('',(#11812,#11820,#11821));
#11812 = ORIENTED_EDGE('',*,*,#11813,.T.);
#11813 = EDGE_CURVE('',#11814,#11768,#11816,.T.);
#11814 = VERTEX_POINT('',#11815);
#11815 = CARTESIAN_POINT('',(49.002998352051,-97.5889968872,
    6.337999820709));
#11816 = LINE('',#11817,#11818);
#11817 = CARTESIAN_POINT('',(49.002998352051,-97.5889968872,
    6.337999820709));
#11818 = VECTOR('',#11819,1.);
#11819 = DIRECTION('',(0.,0.980815161594,-0.194940038954));
#11820 = ORIENTED_EDGE('',*,*,#11799,.F.);
#11821 = ORIENTED_EDGE('',*,*,#11822,.T.);
#11822 = EDGE_CURVE('',#11792,#11814,#11823,.T.);
#11823 = LINE('',#11824,#11825);
#11824 = CARTESIAN_POINT('',(28.997999191284,-96.30599975585,
    6.083000183105));
#11825 = VECTOR('',#11826,1.);
#11826 = DIRECTION('',(0.997869016833,-6.399715769888E-02,
    1.271963250903E-02));
#11827 = PLANE('',#11828);
#11828 = AXIS2_PLACEMENT_3D('',#11829,#11830,#11831);
#11829 = CARTESIAN_POINT('',(39.316841602427,-96.63722447686,
    6.148832118156));
#11830 = DIRECTION('',(0.,0.194940038954,0.980815161594));
#11831 = DIRECTION('',(0.,0.980815161594,-0.194940038954));
#11832 = ADVANCED_FACE('',(#11833),#11843,.F.);
#11833 = FACE_BOUND('',#11834,.F.);
#11834 = EDGE_LOOP('',(#11835,#11841,#11842));
#11835 = ORIENTED_EDGE('',*,*,#11836,.T.);
#11836 = EDGE_CURVE('',#11814,#11676,#11837,.T.);
#11837 = LINE('',#11838,#11839);
#11838 = CARTESIAN_POINT('',(49.002998352051,-97.5889968872,
    6.337999820709));
#11839 = VECTOR('',#11840,1.);
#11840 = DIRECTION('',(0.,0.999997349497,2.302390014286E-03));
#11841 = ORIENTED_EDGE('',*,*,#11767,.F.);
#11842 = ORIENTED_EDGE('',*,*,#11813,.F.);
#11843 = PLANE('',#11844);
#11844 = AXIS2_PLACEMENT_3D('',#11845,#11846,#11847);
#11845 = CARTESIAN_POINT('',(49.002998352051,-94.98715609467,
    6.279291348315));
#11846 = DIRECTION('',(-1.,-0.,-0.));
#11847 = DIRECTION('',(0.,0.,-1.));
#11848 = ADVANCED_FACE('',(#11849),#11866,.F.);
#11849 = FACE_BOUND('',#11850,.F.);
#11850 = EDGE_LOOP('',(#11851,#11859,#11860));
#11851 = ORIENTED_EDGE('',*,*,#11852,.T.);
#11852 = EDGE_CURVE('',#11853,#11676,#11855,.T.);
#11853 = VERTEX_POINT('',#11854);
#11854 = CARTESIAN_POINT('',(49.002998352051,-97.62400054931,
    6.349999904633));
#11855 = LINE('',#11856,#11857);
#11856 = CARTESIAN_POINT('',(49.002998352051,-97.62400054931,
    6.349999904633));
#11857 = VECTOR('',#11858,1.);
#11858 = DIRECTION('',(0.,1.,0.));
#11859 = ORIENTED_EDGE('',*,*,#11836,.F.);
#11860 = ORIENTED_EDGE('',*,*,#11861,.T.);
#11861 = EDGE_CURVE('',#11814,#11853,#11862,.T.);
#11862 = LINE('',#11863,#11864);
#11863 = CARTESIAN_POINT('',(49.002998352051,-97.5889968872,
    6.337999820709));
#11864 = VECTOR('',#11865,1.);
#11865 = DIRECTION('',(0.,-0.945955659646,0.324295991318));
#11866 = PLANE('',#11867);
#11867 = AXIS2_PLACEMENT_3D('',#11868,#11869,#11870);
#11868 = CARTESIAN_POINT('',(49.002998352051,-95.00099622904,
    6.346999308103));
#11869 = DIRECTION('',(-1.,-0.,-0.));
#11870 = DIRECTION('',(0.,0.,-1.));
#11871 = ADVANCED_FACE('',(#11872),#11889,.F.);
#11872 = FACE_BOUND('',#11873,.F.);
#11873 = EDGE_LOOP('',(#11874,#11882,#11883));
#11874 = ORIENTED_EDGE('',*,*,#11875,.T.);
#11875 = EDGE_CURVE('',#11876,#11853,#11878,.T.);
#11876 = VERTEX_POINT('',#11877);
#11877 = CARTESIAN_POINT('',(28.997999191284,-97.62400054931,
    6.349999904633));
#11878 = LINE('',#11879,#11880);
#11879 = CARTESIAN_POINT('',(28.997999191284,-97.62400054931,
    6.349999904633));
#11880 = VECTOR('',#11881,1.);
#11881 = DIRECTION('',(1.,0.,0.));
#11882 = ORIENTED_EDGE('',*,*,#11861,.F.);
#11883 = ORIENTED_EDGE('',*,*,#11884,.T.);
#11884 = EDGE_CURVE('',#11814,#11876,#11885,.T.);
#11885 = LINE('',#11886,#11887);
#11886 = CARTESIAN_POINT('',(49.002998352051,-97.5889968872,
    6.337999820709));
#11887 = VECTOR('',#11888,1.);
#11888 = DIRECTION('',(-0.999998289287,-1.749742749142E-03,
    5.998532315948E-04));
#11889 = PLANE('',#11890);
#11890 = AXIS2_PLACEMENT_3D('',#11891,#11892,#11893);
#11891 = CARTESIAN_POINT('',(39.009741088797,-97.61524154045,
    6.346997109066));
#11892 = DIRECTION('',(0.,0.324295991318,0.945955659646));
#11893 = DIRECTION('',(0.,0.945955659646,-0.324295991318));
#11894 = ADVANCED_FACE('',(#11895),#11912,.F.);
#11895 = FACE_BOUND('',#11896,.F.);
#11896 = EDGE_LOOP('',(#11897,#11905,#11911));
#11897 = ORIENTED_EDGE('',*,*,#11898,.T.);
#11898 = EDGE_CURVE('',#11814,#11899,#11901,.T.);
#11899 = VERTEX_POINT('',#11900);
#11900 = CARTESIAN_POINT('',(28.997999191284,-97.5889968872,
    6.337999820709));
#11901 = LINE('',#11902,#11903);
#11902 = CARTESIAN_POINT('',(49.002998352051,-97.5889968872,
    6.337999820709));
#11903 = VECTOR('',#11904,1.);
#11904 = DIRECTION('',(-1.,0.,0.));
#11905 = ORIENTED_EDGE('',*,*,#11906,.T.);
#11906 = EDGE_CURVE('',#11899,#11876,#11907,.T.);
#11907 = LINE('',#11908,#11909);
#11908 = CARTESIAN_POINT('',(28.997999191284,-97.5889968872,
    6.337999820709));
#11909 = VECTOR('',#11910,1.);
#11910 = DIRECTION('',(0.,-0.945955659646,0.324295991318));
#11911 = ORIENTED_EDGE('',*,*,#11884,.F.);
#11912 = PLANE('',#11913);
#11913 = AXIS2_PLACEMENT_3D('',#11914,#11915,#11916);
#11914 = CARTESIAN_POINT('',(38.991256454538,-97.59775589606,
    6.341002616275));
#11915 = DIRECTION('',(0.,0.324295991318,0.945955659646));
#11916 = DIRECTION('',(0.,0.945955659646,-0.324295991318));
#11917 = ADVANCED_FACE('',(#11918),#11935,.F.);
#11918 = FACE_BOUND('',#11919,.F.);
#11919 = EDGE_LOOP('',(#11920,#11928,#11934));
#11920 = ORIENTED_EDGE('',*,*,#11921,.T.);
#11921 = EDGE_CURVE('',#11745,#11922,#11924,.T.);
#11922 = VERTEX_POINT('',#11923);
#11923 = CARTESIAN_POINT('',(28.997999191284,-95.,5.998000144958));
#11924 = LINE('',#11925,#11926);
#11925 = CARTESIAN_POINT('',(49.002998352051,-95.,5.998000144958));
#11926 = VECTOR('',#11927,1.);
#11927 = DIRECTION('',(-1.,0.,0.));
#11928 = ORIENTED_EDGE('',*,*,#11929,.T.);
#11929 = EDGE_CURVE('',#11922,#11792,#11930,.T.);
#11930 = LINE('',#11931,#11932);
#11931 = CARTESIAN_POINT('',(28.997999191284,-95.,5.998000144958));
#11932 = VECTOR('',#11933,1.);
#11933 = DIRECTION('',(0.,-0.997888724128,6.494685717728E-02));
#11934 = ORIENTED_EDGE('',*,*,#11791,.F.);
#11935 = PLANE('',#11936);
#11936 = AXIS2_PLACEMENT_3D('',#11937,#11938,#11939);
#11937 = CARTESIAN_POINT('',(38.683999317411,-95.33716864133,
    6.01994451918));
#11938 = DIRECTION('',(0.,6.494685717728E-02,0.997888724128));
#11939 = DIRECTION('',(0.,0.997888724128,-6.494685717728E-02));
#11940 = ADVANCED_FACE('',(#11941),#11951,.F.);
#11941 = FACE_BOUND('',#11942,.F.);
#11942 = EDGE_LOOP('',(#11943,#11944,#11950));
#11943 = ORIENTED_EDGE('',*,*,#11822,.F.);
#11944 = ORIENTED_EDGE('',*,*,#11945,.T.);
#11945 = EDGE_CURVE('',#11792,#11899,#11946,.T.);
#11946 = LINE('',#11947,#11948);
#11947 = CARTESIAN_POINT('',(28.997999191284,-96.30599975585,
    6.083000183105));
#11948 = VECTOR('',#11949,1.);
#11949 = DIRECTION('',(0.,-0.980815161594,0.194940038954));
#11950 = ORIENTED_EDGE('',*,*,#11898,.F.);
#11951 = PLANE('',#11952);
#11952 = AXIS2_PLACEMENT_3D('',#11953,#11954,#11955);
#11953 = CARTESIAN_POINT('',(38.684155940908,-97.2577721662,
    6.272167885658));
#11954 = DIRECTION('',(0.,0.194940038954,0.980815161594));
#11955 = DIRECTION('',(0.,0.980815161594,-0.194940038954));
#11956 = ADVANCED_FACE('',(#11957),#11967,.F.);
#11957 = FACE_BOUND('',#11958,.F.);
#11958 = EDGE_LOOP('',(#11959,#11960,#11961));
#11959 = ORIENTED_EDGE('',*,*,#11921,.F.);
#11960 = ORIENTED_EDGE('',*,*,#11753,.F.);
#11961 = ORIENTED_EDGE('',*,*,#11962,.T.);
#11962 = EDGE_CURVE('',#11706,#11922,#11963,.T.);
#11963 = LINE('',#11964,#11965);
#11964 = CARTESIAN_POINT('',(49.002998352051,-93.69499969482,
    6.083000183105));
#11965 = VECTOR('',#11966,1.);
#11966 = DIRECTION('',(-0.997870079045,-6.50947669237E-02,
    -4.239889944652E-03));
#11967 = PLANE('',#11968);
#11968 = AXIS2_PLACEMENT_3D('',#11969,#11970,#11971);
#11969 = CARTESIAN_POINT('',(39.316765162139,-94.66309749236,
    6.019943991169));
#11970 = DIRECTION('',(0.,-6.499638748449E-02,0.99788549925));
#11971 = DIRECTION('',(0.,0.99788549925,6.499638748449E-02));
#11972 = ADVANCED_FACE('',(#11973),#11990,.F.);
#11973 = FACE_BOUND('',#11974,.F.);
#11974 = EDGE_LOOP('',(#11975,#11983,#11989));
#11975 = ORIENTED_EDGE('',*,*,#11976,.T.);
#11976 = EDGE_CURVE('',#11706,#11977,#11979,.T.);
#11977 = VERTEX_POINT('',#11978);
#11978 = CARTESIAN_POINT('',(28.997999191284,-93.69499969482,
    6.083000183105));
#11979 = LINE('',#11980,#11981);
#11980 = CARTESIAN_POINT('',(49.002998352051,-93.69499969482,
    6.083000183105));
#11981 = VECTOR('',#11982,1.);
#11982 = DIRECTION('',(-1.,0.,0.));
#11983 = ORIENTED_EDGE('',*,*,#11984,.T.);
#11984 = EDGE_CURVE('',#11977,#11922,#11985,.T.);
#11985 = LINE('',#11986,#11987);
#11986 = CARTESIAN_POINT('',(28.997999191284,-93.69499969482,
    6.083000183105));
#11987 = VECTOR('',#11988,1.);
#11988 = DIRECTION('',(0.,-0.99788549925,-6.499638748449E-02));
#11989 = ORIENTED_EDGE('',*,*,#11962,.F.);
#11990 = PLANE('',#11991);
#11991 = AXIS2_PLACEMENT_3D('',#11992,#11993,#11994);
#11992 = CARTESIAN_POINT('',(38.684232381196,-94.03190220246,
    6.061056336895));
#11993 = DIRECTION('',(0.,-6.499638748449E-02,0.99788549925));
#11994 = DIRECTION('',(0.,0.99788549925,6.499638748449E-02));
#11995 = ADVANCED_FACE('',(#11996),#12011,.F.);
#11996 = FACE_BOUND('',#11997,.F.);
#11997 = EDGE_LOOP('',(#11998,#11999,#12005));
#11998 = ORIENTED_EDGE('',*,*,#11683,.F.);
#11999 = ORIENTED_EDGE('',*,*,#12000,.T.);
#12000 = EDGE_CURVE('',#11676,#7367,#12001,.T.);
#12001 = LINE('',#12002,#12003);
#12002 = CARTESIAN_POINT('',(49.002998352051,-92.37699890136,
    6.349999904633));
#12003 = VECTOR('',#12004,1.);
#12004 = DIRECTION('',(-1.,0.,0.));
#12005 = ORIENTED_EDGE('',*,*,#12006,.T.);
#12006 = EDGE_CURVE('',#7367,#11684,#12007,.T.);
#12007 = LINE('',#12008,#12009);
#12008 = CARTESIAN_POINT('',(28.997999191284,-92.37699890136,
    6.349999904633));
#12009 = VECTOR('',#12010,1.);
#12010 = DIRECTION('',(0.,-0.945955659646,-0.324295991318));
#12011 = PLANE('',#12012);
#12012 = AXIS2_PLACEMENT_3D('',#12013,#12014,#12015);
#12013 = CARTESIAN_POINT('',(38.991256454538,-92.38575791022,
    6.346997109066));
#12014 = DIRECTION('',(0.,-0.324295991318,0.945955659646));
#12015 = DIRECTION('',(0.,0.945955659646,0.324295991318));
#12016 = ADVANCED_FACE('',(#12017),#12027,.F.);
#12017 = FACE_BOUND('',#12018,.F.);
#12018 = EDGE_LOOP('',(#12019,#12020,#12026));
#12019 = ORIENTED_EDGE('',*,*,#11714,.F.);
#12020 = ORIENTED_EDGE('',*,*,#12021,.T.);
#12021 = EDGE_CURVE('',#11684,#11977,#12022,.T.);
#12022 = LINE('',#12023,#12024);
#12023 = CARTESIAN_POINT('',(28.997999191284,-92.41200256347,
    6.337999820709));
#12024 = VECTOR('',#12025,1.);
#12025 = DIRECTION('',(0.,-0.980815161594,-0.194940038954));
#12026 = ORIENTED_EDGE('',*,*,#11976,.F.);
#12027 = PLANE('',#12028);
#12028 = AXIS2_PLACEMENT_3D('',#12029,#12030,#12031);
#12029 = CARTESIAN_POINT('',(38.684155940908,-93.36377497382,
    6.148832118156));
#12030 = DIRECTION('',(0.,-0.194940038954,0.980815161594));
#12031 = DIRECTION('',(0.,0.980815161594,0.194940038954));
#12032 = ADVANCED_FACE('',(#12033),#12043,.F.);
#12033 = FACE_BOUND('',#12034,.F.);
#12034 = EDGE_LOOP('',(#12035,#12041,#12042));
#12035 = ORIENTED_EDGE('',*,*,#12036,.T.);
#12036 = EDGE_CURVE('',#11792,#11876,#12037,.T.);
#12037 = LINE('',#12038,#12039);
#12038 = CARTESIAN_POINT('',(28.997999191284,-96.30599975585,
    6.083000183105));
#12039 = VECTOR('',#12040,1.);
#12040 = DIRECTION('',(0.,-0.980091512459,0.198546284795));
#12041 = ORIENTED_EDGE('',*,*,#11906,.F.);
#12042 = ORIENTED_EDGE('',*,*,#11945,.F.);
#12043 = PLANE('',#12044);
#12044 = AXIS2_PLACEMENT_3D('',#12045,#12046,#12047);
#12045 = CARTESIAN_POINT('',(28.997999191284,-96.96531379964,
    6.21533616857));
#12046 = DIRECTION('',(1.,0.,0.));
#12047 = DIRECTION('',(-0.,0.,1.));
#12048 = ADVANCED_FACE('',(#12049),#12059,.F.);
#12049 = FACE_BOUND('',#12050,.F.);
#12050 = EDGE_LOOP('',(#12051,#12057,#12058));
#12051 = ORIENTED_EDGE('',*,*,#12052,.T.);
#12052 = EDGE_CURVE('',#11922,#11876,#12053,.T.);
#12053 = LINE('',#12054,#12055);
#12054 = CARTESIAN_POINT('',(28.997999191284,-95.,5.998000144958));
#12055 = VECTOR('',#12056,1.);
#12056 = DIRECTION('',(0.,-0.991122038089,0.132955276746));
#12057 = ORIENTED_EDGE('',*,*,#12036,.F.);
#12058 = ORIENTED_EDGE('',*,*,#11929,.F.);
#12059 = PLANE('',#12060);
#12060 = AXIS2_PLACEMENT_3D('',#12061,#12062,#12063);
#12061 = CARTESIAN_POINT('',(28.997999191284,-96.31495468504,
    6.151821969916));
#12062 = DIRECTION('',(1.,0.,0.));
#12063 = DIRECTION('',(-0.,0.,1.));
#12064 = ADVANCED_FACE('',(#12065),#12075,.F.);
#12065 = FACE_BOUND('',#12066,.F.);
#12066 = EDGE_LOOP('',(#12067,#12073,#12074));
#12067 = ORIENTED_EDGE('',*,*,#12068,.T.);
#12068 = EDGE_CURVE('',#11977,#11876,#12069,.T.);
#12069 = LINE('',#12070,#12071);
#12070 = CARTESIAN_POINT('',(28.997999191284,-93.69499969482,
    6.083000183105));
#12071 = VECTOR('',#12072,1.);
#12072 = DIRECTION('',(0.,-0.997698948397,6.779976672321E-02));
#12073 = ORIENTED_EDGE('',*,*,#12052,.F.);
#12074 = ORIENTED_EDGE('',*,*,#11984,.F.);
#12075 = PLANE('',#12076);
#12076 = AXIS2_PLACEMENT_3D('',#12077,#12078,#12079);
#12077 = CARTESIAN_POINT('',(28.997999191284,-95.66098347763,
    6.173085482204));
#12078 = DIRECTION('',(1.,0.,0.));
#12079 = DIRECTION('',(-0.,0.,1.));
#12080 = ADVANCED_FACE('',(#12081),#12091,.F.);
#12081 = FACE_BOUND('',#12082,.F.);
#12082 = EDGE_LOOP('',(#12083,#12089,#12090));
#12083 = ORIENTED_EDGE('',*,*,#12084,.T.);
#12084 = EDGE_CURVE('',#11684,#11876,#12085,.T.);
#12085 = LINE('',#12086,#12087);
#12086 = CARTESIAN_POINT('',(28.997999191284,-92.41200256347,
    6.337999820709));
#12087 = VECTOR('',#12088,1.);
#12088 = DIRECTION('',(0.,-0.999997349497,2.302390014286E-03));
#12089 = ORIENTED_EDGE('',*,*,#12068,.F.);
#12090 = ORIENTED_EDGE('',*,*,#12021,.F.);
#12091 = PLANE('',#12092);
#12092 = AXIS2_PLACEMENT_3D('',#12093,#12094,#12095);
#12093 = CARTESIAN_POINT('',(28.997999191284,-95.01384335601,
    6.279291348315));
#12094 = DIRECTION('',(1.,0.,0.));
#12095 = DIRECTION('',(-0.,0.,1.));
#12096 = ADVANCED_FACE('',(#12097),#12107,.F.);
#12097 = FACE_BOUND('',#12098,.F.);
#12098 = EDGE_LOOP('',(#12099,#12105,#12106));
#12099 = ORIENTED_EDGE('',*,*,#12100,.T.);
#12100 = EDGE_CURVE('',#7367,#11876,#12101,.T.);
#12101 = LINE('',#12102,#12103);
#12102 = CARTESIAN_POINT('',(28.997999191284,-92.37699890136,
    6.349999904633));
#12103 = VECTOR('',#12104,1.);
#12104 = DIRECTION('',(0.,-1.,0.));
#12105 = ORIENTED_EDGE('',*,*,#12084,.F.);
#12106 = ORIENTED_EDGE('',*,*,#12006,.F.);
#12107 = PLANE('',#12108);
#12108 = AXIS2_PLACEMENT_3D('',#12109,#12110,#12111);
#12109 = CARTESIAN_POINT('',(28.997999191284,-95.00000322163,
    6.346999308103));
#12110 = DIRECTION('',(1.,0.,0.));
#12111 = DIRECTION('',(-0.,0.,1.));
#12112 = ADVANCED_FACE('',(#12113),#12130,.F.);
#12113 = FACE_BOUND('',#12114,.F.);
#12114 = EDGE_LOOP('',(#12115,#12116,#12124));
#12115 = ORIENTED_EDGE('',*,*,#11852,.F.);
#12116 = ORIENTED_EDGE('',*,*,#12117,.T.);
#12117 = EDGE_CURVE('',#11853,#12118,#12120,.T.);
#12118 = VERTEX_POINT('',#12119);
#12119 = CARTESIAN_POINT('',(57.,-144.,6.349999904633));
#12120 = LINE('',#12121,#12122);
#12121 = CARTESIAN_POINT('',(49.002998352051,-97.62400054931,
    6.349999904633));
#12122 = VECTOR('',#12123,1.);
#12123 = DIRECTION('',(0.16993043458,-0.985456060615,0.));
#12124 = ORIENTED_EDGE('',*,*,#12125,.F.);
#12125 = EDGE_CURVE('',#11676,#12118,#12126,.T.);
#12126 = LINE('',#12127,#12128);
#12127 = CARTESIAN_POINT('',(49.002998352051,-92.37699890136,
    6.349999904633));
#12128 = VECTOR('',#12129,1.);
#12129 = DIRECTION('',(0.153085644439,-0.988212925167,0.));
#12130 = PLANE('',#12131);
#12131 = AXIS2_PLACEMENT_3D('',#12132,#12133,#12134);
#12132 = CARTESIAN_POINT('',(52.800820980756,-118.2056750173,
    6.349999904633));
#12133 = DIRECTION('',(0.,0.,1.));
#12134 = DIRECTION('',(1.,0.,-0.));
#12135 = ADVANCED_FACE('',(#12136),#12151,.F.);
#12136 = FACE_BOUND('',#12137,.F.);
#12137 = EDGE_LOOP('',(#12138,#12144,#12145));
#12138 = ORIENTED_EDGE('',*,*,#12139,.T.);
#12139 = EDGE_CURVE('',#7357,#11676,#12140,.T.);
#12140 = LINE('',#12141,#12142);
#12141 = CARTESIAN_POINT('',(49.002998352051,-87.62300109863,
    6.349999904633));
#12142 = VECTOR('',#12143,1.);
#12143 = DIRECTION('',(0.,-1.,0.));
#12144 = ORIENTED_EDGE('',*,*,#12125,.T.);
#12145 = ORIENTED_EDGE('',*,*,#12146,.T.);
#12146 = EDGE_CURVE('',#12118,#7357,#12147,.T.);
#12147 = LINE('',#12148,#12149);
#12148 = CARTESIAN_POINT('',(57.,-144.,6.349999904633));
#12149 = VECTOR('',#12150,1.);
#12150 = DIRECTION('',(-0.140442767582,0.99008879856,0.));
#12151 = PLANE('',#12152);
#12152 = AXIS2_PLACEMENT_3D('',#12153,#12154,#12155);
#12153 = CARTESIAN_POINT('',(52.834658303738,-115.8243467299,
    6.349999904633));
#12154 = DIRECTION('',(0.,0.,1.));
#12155 = DIRECTION('',(1.,0.,-0.));
#12156 = ADVANCED_FACE('',(#12157),#12174,.F.);
#12157 = FACE_BOUND('',#12158,.F.);
#12158 = EDGE_LOOP('',(#12159,#12167,#12173));
#12159 = ORIENTED_EDGE('',*,*,#12160,.T.);
#12160 = EDGE_CURVE('',#11853,#12161,#12163,.T.);
#12161 = VERTEX_POINT('',#12162);
#12162 = CARTESIAN_POINT('',(49.002998352051,-102.3769989013,
    6.349999904633));
#12163 = LINE('',#12164,#12165);
#12164 = CARTESIAN_POINT('',(49.002998352051,-97.62400054931,
    6.349999904633));
#12165 = VECTOR('',#12166,1.);
#12166 = DIRECTION('',(0.,-1.,0.));
#12167 = ORIENTED_EDGE('',*,*,#12168,.T.);
#12168 = EDGE_CURVE('',#12161,#12118,#12169,.T.);
#12169 = LINE('',#12170,#12171);
#12170 = CARTESIAN_POINT('',(49.002998352051,-102.3769989013,
    6.349999904633));
#12171 = VECTOR('',#12172,1.);
#12172 = DIRECTION('',(0.188678531988,-0.982038905322,0.));
#12173 = ORIENTED_EDGE('',*,*,#12117,.F.);
#12174 = PLANE('',#12175);
#12175 = AXIS2_PLACEMENT_3D('',#12176,#12177,#12178);
#12176 = CARTESIAN_POINT('',(52.799744084279,-120.8312061814,
    6.349999904633));
#12177 = DIRECTION('',(0.,0.,1.));
#12178 = DIRECTION('',(1.,0.,-0.));
#12179 = ADVANCED_FACE('',(#12180),#12195,.F.);
#12180 = FACE_BOUND('',#12181,.F.);
#12181 = EDGE_LOOP('',(#12182,#12183,#12189));
#12182 = ORIENTED_EDGE('',*,*,#12160,.F.);
#12183 = ORIENTED_EDGE('',*,*,#12184,.T.);
#12184 = EDGE_CURVE('',#11853,#6511,#12185,.T.);
#12185 = LINE('',#12186,#12187);
#12186 = CARTESIAN_POINT('',(49.002998352051,-97.62400054931,
    6.349999904633));
#12187 = VECTOR('',#12188,1.);
#12188 = DIRECTION('',(-0.972916745534,-0.231155805159,0.));
#12189 = ORIENTED_EDGE('',*,*,#12190,.F.);
#12190 = EDGE_CURVE('',#12161,#6511,#12191,.T.);
#12191 = LINE('',#12192,#12193);
#12192 = CARTESIAN_POINT('',(49.002998352051,-102.3769989013,
    6.349999904633));
#12193 = VECTOR('',#12194,1.);
#12194 = DIRECTION('',(-1.,0.,0.));
#12195 = PLANE('',#12196);
#12196 = AXIS2_PLACEMENT_3D('',#12197,#12198,#12199);
#12197 = CARTESIAN_POINT('',(40.049527690147,-101.0495286438,
    6.349999904633));
#12198 = DIRECTION('',(0.,0.,1.));
#12199 = DIRECTION('',(1.,0.,-0.));
#12200 = ADVANCED_FACE('',(#12201),#12225,.F.);
#12201 = FACE_BOUND('',#12202,.F.);
#12202 = EDGE_LOOP('',(#12203,#12213,#12219));
#12203 = ORIENTED_EDGE('',*,*,#12204,.T.);
#12204 = EDGE_CURVE('',#12205,#12207,#12209,.T.);
#12205 = VERTEX_POINT('',#12206);
#12206 = CARTESIAN_POINT('',(49.002998352051,-102.4120025634,
    6.337999820709));
#12207 = VERTEX_POINT('',#12208);
#12208 = CARTESIAN_POINT('',(49.002998352051,-103.6949996948,
    6.083000183105));
#12209 = LINE('',#12210,#12211);
#12210 = CARTESIAN_POINT('',(49.002998352051,-102.4120025634,
    6.337999820709));
#12211 = VECTOR('',#12212,1.);
#12212 = DIRECTION('',(0.,-0.980815161594,-0.194940038954));
#12213 = ORIENTED_EDGE('',*,*,#12214,.T.);
#12214 = EDGE_CURVE('',#12207,#12161,#12215,.T.);
#12215 = LINE('',#12216,#12217);
#12216 = CARTESIAN_POINT('',(49.002998352051,-103.6949996948,
    6.083000183105));
#12217 = VECTOR('',#12218,1.);
#12218 = DIRECTION('',(0.,0.980091512459,0.198546284795));
#12219 = ORIENTED_EDGE('',*,*,#12220,.T.);
#12220 = EDGE_CURVE('',#12161,#12205,#12221,.T.);
#12221 = LINE('',#12222,#12223);
#12222 = CARTESIAN_POINT('',(49.002998352051,-102.3769989013,
    6.349999904633));
#12223 = VECTOR('',#12224,1.);
#12224 = DIRECTION('',(0.,-0.945955659646,-0.324295991318));
#12225 = PLANE('',#12226);
#12226 = AXIS2_PLACEMENT_3D('',#12227,#12228,#12229);
#12227 = CARTESIAN_POINT('',(49.002998352051,-103.035685651,
    6.21533616857));
#12228 = DIRECTION('',(-1.,-0.,-0.));
#12229 = DIRECTION('',(0.,0.,-1.));
#12230 = ADVANCED_FACE('',(#12231),#12241,.F.);
#12231 = FACE_BOUND('',#12232,.F.);
#12232 = EDGE_LOOP('',(#12233,#12234,#12235));
#12233 = ORIENTED_EDGE('',*,*,#12220,.F.);
#12234 = ORIENTED_EDGE('',*,*,#12190,.T.);
#12235 = ORIENTED_EDGE('',*,*,#12236,.F.);
#12236 = EDGE_CURVE('',#12205,#6511,#12237,.T.);
#12237 = LINE('',#12238,#12239);
#12238 = CARTESIAN_POINT('',(49.002998352051,-102.4120025634,
    6.337999820709));
#12239 = VECTOR('',#12240,1.);
#12240 = DIRECTION('',(-0.999998289287,1.749742749142E-03,
    5.998532315948E-04));
#12241 = PLANE('',#12242);
#12242 = AXIS2_PLACEMENT_3D('',#12243,#12244,#12245);
#12243 = CARTESIAN_POINT('',(39.009741088797,-102.3857579102,
    6.346997109066));
#12244 = DIRECTION('',(0.,-0.324295991318,0.945955659646));
#12245 = DIRECTION('',(0.,0.945955659646,0.324295991318));
#12246 = ADVANCED_FACE('',(#12247),#12264,.F.);
#12247 = FACE_BOUND('',#12248,.F.);
#12248 = EDGE_LOOP('',(#12249,#12257,#12263));
#12249 = ORIENTED_EDGE('',*,*,#12250,.T.);
#12250 = EDGE_CURVE('',#6511,#12251,#12253,.T.);
#12251 = VERTEX_POINT('',#12252);
#12252 = CARTESIAN_POINT('',(28.997999191284,-102.4120025634,
    6.337999820709));
#12253 = LINE('',#12254,#12255);
#12254 = CARTESIAN_POINT('',(28.997999191284,-102.3769989013,
    6.349999904633));
#12255 = VECTOR('',#12256,1.);
#12256 = DIRECTION('',(0.,-0.945955659646,-0.324295991318));
#12257 = ORIENTED_EDGE('',*,*,#12258,.T.);
#12258 = EDGE_CURVE('',#12251,#12205,#12259,.T.);
#12259 = LINE('',#12260,#12261);
#12260 = CARTESIAN_POINT('',(28.997999191284,-102.4120025634,
    6.337999820709));
#12261 = VECTOR('',#12262,1.);
#12262 = DIRECTION('',(1.,0.,0.));
#12263 = ORIENTED_EDGE('',*,*,#12236,.T.);
#12264 = PLANE('',#12265);
#12265 = AXIS2_PLACEMENT_3D('',#12266,#12267,#12268);
#12266 = CARTESIAN_POINT('',(38.991256454538,-102.4032435546,
    6.341002616275));
#12267 = DIRECTION('',(0.,-0.324295991318,0.945955659646));
#12268 = DIRECTION('',(0.,0.945955659646,0.324295991318));
#12269 = ADVANCED_FACE('',(#12270),#12287,.F.);
#12270 = FACE_BOUND('',#12271,.F.);
#12271 = EDGE_LOOP('',(#12272,#12280,#12281));
#12272 = ORIENTED_EDGE('',*,*,#12273,.T.);
#12273 = EDGE_CURVE('',#12274,#12205,#12276,.T.);
#12274 = VERTEX_POINT('',#12275);
#12275 = CARTESIAN_POINT('',(28.997999191284,-103.6949996948,
    6.083000183105));
#12276 = LINE('',#12277,#12278);
#12277 = CARTESIAN_POINT('',(28.997999191284,-103.6949996948,
    6.083000183105));
#12278 = VECTOR('',#12279,1.);
#12279 = DIRECTION('',(0.997869016833,6.399715769888E-02,
    1.271963250903E-02));
#12280 = ORIENTED_EDGE('',*,*,#12258,.F.);
#12281 = ORIENTED_EDGE('',*,*,#12282,.T.);
#12282 = EDGE_CURVE('',#12251,#12274,#12283,.T.);
#12283 = LINE('',#12284,#12285);
#12284 = CARTESIAN_POINT('',(28.997999191284,-102.4120025634,
    6.337999820709));
#12285 = VECTOR('',#12286,1.);
#12286 = DIRECTION('',(0.,-0.980815161594,-0.194940038954));
#12287 = PLANE('',#12288);
#12288 = AXIS2_PLACEMENT_3D('',#12289,#12290,#12291);
#12289 = CARTESIAN_POINT('',(38.684155940908,-102.7432272844,
    6.272167885658));
#12290 = DIRECTION('',(0.,-0.194940038954,0.980815161594));
#12291 = DIRECTION('',(0.,0.980815161594,0.194940038954));
#12292 = ADVANCED_FACE('',(#12293),#12303,.F.);
#12293 = FACE_BOUND('',#12294,.F.);
#12294 = EDGE_LOOP('',(#12295,#12296,#12297));
#12295 = ORIENTED_EDGE('',*,*,#12204,.F.);
#12296 = ORIENTED_EDGE('',*,*,#12273,.F.);
#12297 = ORIENTED_EDGE('',*,*,#12298,.T.);
#12298 = EDGE_CURVE('',#12274,#12207,#12299,.T.);
#12299 = LINE('',#12300,#12301);
#12300 = CARTESIAN_POINT('',(28.997999191284,-103.6949996948,
    6.083000183105));
#12301 = VECTOR('',#12302,1.);
#12302 = DIRECTION('',(1.,0.,0.));
#12303 = PLANE('',#12304);
#12304 = AXIS2_PLACEMENT_3D('',#12305,#12306,#12307);
#12305 = CARTESIAN_POINT('',(39.316841602427,-103.3637749738,
    6.148832118156));
#12306 = DIRECTION('',(0.,-0.194940038954,0.980815161594));
#12307 = DIRECTION('',(0.,0.980815161594,0.194940038954));
#12308 = ADVANCED_FACE('',(#12309),#12324,.F.);
#12309 = FACE_BOUND('',#12310,.F.);
#12310 = EDGE_LOOP('',(#12311,#12317,#12318));
#12311 = ORIENTED_EDGE('',*,*,#12312,.T.);
#12312 = EDGE_CURVE('',#6543,#12207,#12313,.T.);
#12313 = LINE('',#12314,#12315);
#12314 = CARTESIAN_POINT('',(49.002998352051,-105.0009994506,
    5.998000144958));
#12315 = VECTOR('',#12316,1.);
#12316 = DIRECTION('',(0.,0.997888724128,6.494685717728E-02));
#12317 = ORIENTED_EDGE('',*,*,#12298,.F.);
#12318 = ORIENTED_EDGE('',*,*,#12319,.T.);
#12319 = EDGE_CURVE('',#12274,#6543,#12320,.T.);
#12320 = LINE('',#12321,#12322);
#12321 = CARTESIAN_POINT('',(28.997999191284,-103.6949996948,
    6.083000183105));
#12322 = VECTOR('',#12323,1.);
#12323 = DIRECTION('',(0.997866839522,-6.514440907107E-02,
    -4.239876180114E-03));
#12324 = PLANE('',#12325);
#12325 = AXIS2_PLACEMENT_3D('',#12326,#12327,#12328);
#12326 = CARTESIAN_POINT('',(39.316998225924,-104.0321683361,
    6.061055808884));
#12327 = DIRECTION('',(0.,-6.494685717728E-02,0.997888724128));
#12328 = DIRECTION('',(0.,0.997888724128,6.494685717728E-02));
#12329 = ADVANCED_FACE('',(#12330),#12340,.F.);
#12330 = FACE_BOUND('',#12331,.F.);
#12331 = EDGE_LOOP('',(#12332,#12333,#12334));
#12332 = ORIENTED_EDGE('',*,*,#12184,.F.);
#12333 = ORIENTED_EDGE('',*,*,#11875,.F.);
#12334 = ORIENTED_EDGE('',*,*,#12335,.T.);
#12335 = EDGE_CURVE('',#11876,#6511,#12336,.T.);
#12336 = LINE('',#12337,#12338);
#12337 = CARTESIAN_POINT('',(28.997999191284,-97.62400054931,
    6.349999904633));
#12338 = VECTOR('',#12339,1.);
#12339 = DIRECTION('',(0.,-1.,0.));
#12340 = PLANE('',#12341);
#12341 = AXIS2_PLACEMENT_3D('',#12342,#12343,#12344);
#12342 = CARTESIAN_POINT('',(37.951469853188,-98.95147080686,
    6.349999904633));
#12343 = DIRECTION('',(0.,0.,1.));
#12344 = DIRECTION('',(1.,0.,-0.));
#12345 = ADVANCED_FACE('',(#12346),#12356,.F.);
#12346 = FACE_BOUND('',#12347,.F.);
#12347 = EDGE_LOOP('',(#12348,#12354,#12355));
#12348 = ORIENTED_EDGE('',*,*,#12349,.T.);
#12349 = EDGE_CURVE('',#10318,#11876,#12350,.T.);
#12350 = LINE('',#12351,#12352);
#12351 = CARTESIAN_POINT('',(5.750999927521,-85.24900054931,
    6.349999904633));
#12352 = VECTOR('',#12353,1.);
#12353 = DIRECTION('',(0.882721604139,-0.469896339191,0.));
#12354 = ORIENTED_EDGE('',*,*,#12100,.F.);
#12355 = ORIENTED_EDGE('',*,*,#11659,.T.);
#12356 = PLANE('',#12357);
#12357 = AXIS2_PLACEMENT_3D('',#12358,#12359,#12360);
#12358 = CARTESIAN_POINT('',(18.465570605977,-90.62983680017,
    6.349999904633));
#12359 = DIRECTION('',(0.,0.,1.));
#12360 = DIRECTION('',(1.,0.,-0.));
#12361 = ADVANCED_FACE('',(#12362),#12367,.F.);
#12362 = FACE_BOUND('',#12363,.F.);
#12363 = EDGE_LOOP('',(#12364,#12365,#12366));
#12364 = ORIENTED_EDGE('',*,*,#12000,.F.);
#12365 = ORIENTED_EDGE('',*,*,#12139,.F.);
#12366 = ORIENTED_EDGE('',*,*,#7374,.F.);
#12367 = PLANE('',#12368);
#12368 = AXIS2_PLACEMENT_3D('',#12369,#12370,#12371);
#12369 = CARTESIAN_POINT('',(40.049719789863,-91.04922101819,
    6.349999904633));
#12370 = DIRECTION('',(0.,0.,1.));
#12371 = DIRECTION('',(1.,0.,-0.));
#12372 = ADVANCED_FACE('',(#12373),#12383,.F.);
#12373 = FACE_BOUND('',#12374,.F.);
#12374 = EDGE_LOOP('',(#12375,#12381,#12382));
#12375 = ORIENTED_EDGE('',*,*,#12376,.T.);
#12376 = EDGE_CURVE('',#10318,#6511,#12377,.T.);
#12377 = LINE('',#12378,#12379);
#12378 = CARTESIAN_POINT('',(5.750999927521,-85.24900054931,
    6.349999904633));
#12379 = VECTOR('',#12380,1.);
#12380 = DIRECTION('',(0.805078486766,-0.593168298332,0.));
#12381 = ORIENTED_EDGE('',*,*,#12335,.F.);
#12382 = ORIENTED_EDGE('',*,*,#12349,.F.);
#12383 = PLANE('',#12384);
#12384 = AXIS2_PLACEMENT_3D('',#12385,#12386,#12387);
#12385 = CARTESIAN_POINT('',(18.295826338472,-93.25971237393,
    6.349999904633));
#12386 = DIRECTION('',(0.,0.,1.));
#12387 = DIRECTION('',(1.,0.,-0.));
#12388 = ADVANCED_FACE('',(#12389),#12399,.F.);
#12389 = FACE_BOUND('',#12390,.F.);
#12390 = EDGE_LOOP('',(#12391,#12397,#12398));
#12391 = ORIENTED_EDGE('',*,*,#12392,.T.);
#12392 = EDGE_CURVE('',#11620,#10731,#12393,.T.);
#12393 = LINE('',#12394,#12395);
#12394 = CARTESIAN_POINT('',(28.997999191284,-83.69400024414,
    6.083000183105));
#12395 = VECTOR('',#12396,1.);
#12396 = DIRECTION('',(0.997866839522,-6.514440907107E-02,
    -4.239876180114E-03));
#12397 = ORIENTED_EDGE('',*,*,#10753,.F.);
#12398 = ORIENTED_EDGE('',*,*,#11641,.F.);
#12399 = PLANE('',#12400);
#12400 = AXIS2_PLACEMENT_3D('',#12401,#12402,#12403);
#12401 = CARTESIAN_POINT('',(39.316998225924,-84.03116888547,
    6.061055808884));
#12402 = DIRECTION('',(0.,-6.494685717728E-02,0.997888724128));
#12403 = DIRECTION('',(0.,0.997888724128,6.494685717728E-02));
#12404 = ADVANCED_FACE('',(#12405),#12415,.F.);
#12405 = FACE_BOUND('',#12406,.F.);
#12406 = EDGE_LOOP('',(#12407,#12413,#12414));
#12407 = ORIENTED_EDGE('',*,*,#12408,.T.);
#12408 = EDGE_CURVE('',#7133,#6576,#12409,.T.);
#12409 = LINE('',#12410,#12411);
#12410 = CARTESIAN_POINT('',(-59.00299835205,-86.62300109863,
    6.349999904633));
#12411 = VECTOR('',#12412,1.);
#12412 = DIRECTION('',(0.,-1.,0.));
#12413 = ORIENTED_EDGE('',*,*,#6983,.F.);
#12414 = ORIENTED_EDGE('',*,*,#7140,.F.);
#12415 = PLANE('',#12416);
#12416 = AXIS2_PLACEMENT_3D('',#12417,#12418,#12419);
#12417 = CARTESIAN_POINT('',(-50.04972073061,-90.04922100527,
    6.349999904633));
#12418 = DIRECTION('',(0.,0.,1.));
#12419 = DIRECTION('',(1.,0.,-0.));
#12420 = ADVANCED_FACE('',(#12421),#12426,.F.);
#12421 = FACE_BOUND('',#12422,.F.);
#12422 = EDGE_LOOP('',(#12423,#12424,#12425));
#12423 = ORIENTED_EDGE('',*,*,#6786,.F.);
#12424 = ORIENTED_EDGE('',*,*,#10878,.F.);
#12425 = ORIENTED_EDGE('',*,*,#7161,.F.);
#12426 = PLANE('',#12427);
#12427 = AXIS2_PLACEMENT_3D('',#12428,#12429,#12430);
#12428 = CARTESIAN_POINT('',(-32.39162361017,-90.27459930761,
    6.349999904633));
#12429 = DIRECTION('',(0.,0.,1.));
#12430 = DIRECTION('',(1.,0.,-0.));
#12431 = ADVANCED_FACE('',(#12432),#12442,.F.);
#12432 = FACE_BOUND('',#12433,.F.);
#12433 = EDGE_LOOP('',(#12434,#12435,#12436));
#12434 = ORIENTED_EDGE('',*,*,#12214,.F.);
#12435 = ORIENTED_EDGE('',*,*,#12312,.F.);
#12436 = ORIENTED_EDGE('',*,*,#12437,.F.);
#12437 = EDGE_CURVE('',#12161,#6543,#12438,.T.);
#12438 = LINE('',#12439,#12440);
#12439 = CARTESIAN_POINT('',(49.002998352051,-102.3769989013,
    6.349999904633));
#12440 = VECTOR('',#12441,1.);
#12441 = DIRECTION('',(0.,-0.991122038089,-0.132955276746));
#12442 = PLANE('',#12443);
#12443 = AXIS2_PLACEMENT_3D('',#12444,#12445,#12446);
#12444 = CARTESIAN_POINT('',(49.002998352051,-103.6860447656,
    6.151821969916));
#12445 = DIRECTION('',(-1.,-0.,-0.));
#12446 = DIRECTION('',(0.,0.,-1.));
#12447 = ADVANCED_FACE('',(#12448),#12474,.F.);
#12448 = FACE_BOUND('',#12449,.F.);
#12449 = EDGE_LOOP('',(#12450,#12460,#12468));
#12450 = ORIENTED_EDGE('',*,*,#12451,.T.);
#12451 = EDGE_CURVE('',#12452,#12454,#12456,.T.);
#12452 = VERTEX_POINT('',#12453);
#12453 = CARTESIAN_POINT('',(49.002998352051,-107.5889968872,
    6.337999820709));
#12454 = VERTEX_POINT('',#12455);
#12455 = CARTESIAN_POINT('',(49.002998352051,-106.3059997558,
    6.083000183105));
#12456 = LINE('',#12457,#12458);
#12457 = CARTESIAN_POINT('',(49.002998352051,-107.5889968872,
    6.337999820709));
#12458 = VECTOR('',#12459,1.);
#12459 = DIRECTION('',(0.,0.980815161594,-0.194940038954));
#12460 = ORIENTED_EDGE('',*,*,#12461,.T.);
#12461 = EDGE_CURVE('',#12454,#12462,#12464,.T.);
#12462 = VERTEX_POINT('',#12463);
#12463 = CARTESIAN_POINT('',(28.997999191284,-107.5889968872,
    6.337999820709));
#12464 = LINE('',#12465,#12466);
#12465 = CARTESIAN_POINT('',(49.002998352051,-106.3059997558,
    6.083000183105));
#12466 = VECTOR('',#12467,1.);
#12467 = DIRECTION('',(-0.997869016833,-6.399715769888E-02,
    1.271963250903E-02));
#12468 = ORIENTED_EDGE('',*,*,#12469,.T.);
#12469 = EDGE_CURVE('',#12462,#12452,#12470,.T.);
#12470 = LINE('',#12471,#12472);
#12471 = CARTESIAN_POINT('',(28.997999191284,-107.5889968872,
    6.337999820709));
#12472 = VECTOR('',#12473,1.);
#12473 = DIRECTION('',(1.,0.,0.));
#12474 = PLANE('',#12475);
#12475 = AXIS2_PLACEMENT_3D('',#12476,#12477,#12478);
#12476 = CARTESIAN_POINT('',(39.316841602427,-107.2577721662,
    6.272167885659));
#12477 = DIRECTION('',(0.,0.194940038954,0.980815161594));
#12478 = DIRECTION('',(0.,0.980815161594,-0.194940038954));
#12479 = ADVANCED_FACE('',(#12480),#12497,.F.);
#12480 = FACE_BOUND('',#12481,.F.);
#12481 = EDGE_LOOP('',(#12482,#12490,#12491));
#12482 = ORIENTED_EDGE('',*,*,#12483,.T.);
#12483 = EDGE_CURVE('',#12484,#12452,#12486,.T.);
#12484 = VERTEX_POINT('',#12485);
#12485 = CARTESIAN_POINT('',(49.002998352051,-107.6240005493,
    6.349999904633));
#12486 = LINE('',#12487,#12488);
#12487 = CARTESIAN_POINT('',(49.002998352051,-107.6240005493,
    6.349999904633));
#12488 = VECTOR('',#12489,1.);
#12489 = DIRECTION('',(0.,0.945955659646,-0.324295991318));
#12490 = ORIENTED_EDGE('',*,*,#12469,.F.);
#12491 = ORIENTED_EDGE('',*,*,#12492,.T.);
#12492 = EDGE_CURVE('',#12462,#12484,#12493,.T.);
#12493 = LINE('',#12494,#12495);
#12494 = CARTESIAN_POINT('',(28.997999191284,-107.5889968872,
    6.337999820709));
#12495 = VECTOR('',#12496,1.);
#12496 = DIRECTION('',(0.999998289287,-1.749742749142E-03,
    5.998532315948E-04));
#12497 = PLANE('',#12498);
#12498 = AXIS2_PLACEMENT_3D('',#12499,#12500,#12501);
#12499 = CARTESIAN_POINT('',(39.009741088797,-107.597755896,
    6.341002616275));
#12500 = DIRECTION('',(0.,0.324295991318,0.945955659646));
#12501 = DIRECTION('',(0.,0.945955659646,-0.324295991318));
#12502 = ADVANCED_FACE('',(#12503),#12518,.F.);
#12503 = FACE_BOUND('',#12504,.F.);
#12504 = EDGE_LOOP('',(#12505,#12506,#12512));
#12505 = ORIENTED_EDGE('',*,*,#12451,.F.);
#12506 = ORIENTED_EDGE('',*,*,#12507,.T.);
#12507 = EDGE_CURVE('',#12452,#12161,#12508,.T.);
#12508 = LINE('',#12509,#12510);
#12509 = CARTESIAN_POINT('',(49.002998352051,-107.5889968872,
    6.337999820709));
#12510 = VECTOR('',#12511,1.);
#12511 = DIRECTION('',(0.,0.999997349497,2.302390014286E-03));
#12512 = ORIENTED_EDGE('',*,*,#12513,.T.);
#12513 = EDGE_CURVE('',#12161,#12454,#12514,.T.);
#12514 = LINE('',#12515,#12516);
#12515 = CARTESIAN_POINT('',(49.002998352051,-102.3769989013,
    6.349999904633));
#12516 = VECTOR('',#12517,1.);
#12517 = DIRECTION('',(0.,-0.997698948397,-6.779976672321E-02));
#12518 = PLANE('',#12519);
#12519 = AXIS2_PLACEMENT_3D('',#12520,#12521,#12522);
#12520 = CARTESIAN_POINT('',(49.002998352051,-104.9871560946,
    6.279291348315));
#12521 = DIRECTION('',(-1.,-0.,-0.));
#12522 = DIRECTION('',(0.,0.,-1.));
#12523 = ADVANCED_FACE('',(#12524),#12534,.F.);
#12524 = FACE_BOUND('',#12525,.F.);
#12525 = EDGE_LOOP('',(#12526,#12527,#12533));
#12526 = ORIENTED_EDGE('',*,*,#12437,.T.);
#12527 = ORIENTED_EDGE('',*,*,#12528,.T.);
#12528 = EDGE_CURVE('',#6543,#12454,#12529,.T.);
#12529 = LINE('',#12530,#12531);
#12530 = CARTESIAN_POINT('',(49.002998352051,-105.0009994506,
    5.998000144958));
#12531 = VECTOR('',#12532,1.);
#12532 = DIRECTION('',(0.,-0.99788549925,6.499638748449E-02));
#12533 = ORIENTED_EDGE('',*,*,#12513,.F.);
#12534 = PLANE('',#12535);
#12535 = AXIS2_PLACEMENT_3D('',#12536,#12537,#12538);
#12536 = CARTESIAN_POINT('',(49.002998352051,-104.340015973,
    6.173085482204));
#12537 = DIRECTION('',(-1.,-0.,-0.));
#12538 = DIRECTION('',(0.,0.,-1.));
#12539 = ADVANCED_FACE('',(#12540),#12550,.F.);
#12540 = FACE_BOUND('',#12541,.F.);
#12541 = EDGE_LOOP('',(#12542,#12543,#12549));
#12542 = ORIENTED_EDGE('',*,*,#12483,.F.);
#12543 = ORIENTED_EDGE('',*,*,#12544,.T.);
#12544 = EDGE_CURVE('',#12484,#12161,#12545,.T.);
#12545 = LINE('',#12546,#12547);
#12546 = CARTESIAN_POINT('',(49.002998352051,-107.6240005493,
    6.349999904633));
#12547 = VECTOR('',#12548,1.);
#12548 = DIRECTION('',(0.,1.,0.));
#12549 = ORIENTED_EDGE('',*,*,#12507,.F.);
#12550 = PLANE('',#12551);
#12551 = AXIS2_PLACEMENT_3D('',#12552,#12553,#12554);
#12552 = CARTESIAN_POINT('',(49.002998352051,-105.000996229,
    6.346999308103));
#12553 = DIRECTION('',(-1.,-0.,-0.));
#12554 = DIRECTION('',(0.,0.,-1.));
#12555 = ADVANCED_FACE('',(#12556),#12571,.F.);
#12556 = FACE_BOUND('',#12557,.F.);
#12557 = EDGE_LOOP('',(#12558,#12564,#12570));
#12558 = ORIENTED_EDGE('',*,*,#12559,.T.);
#12559 = EDGE_CURVE('',#7881,#7133,#12560,.T.);
#12560 = LINE('',#12561,#12562);
#12561 = CARTESIAN_POINT('',(-68.,-33.,6.349999904633));
#12562 = VECTOR('',#12563,1.);
#12563 = DIRECTION('',(0.165469608309,-0.98621488973,0.));
#12564 = ORIENTED_EDGE('',*,*,#12565,.T.);
#12565 = EDGE_CURVE('',#7133,#10632,#12566,.T.);
#12566 = LINE('',#12567,#12568);
#12567 = CARTESIAN_POINT('',(-59.00299835205,-86.62300109863,
    6.349999904633));
#12568 = VECTOR('',#12569,1.);
#12569 = DIRECTION('',(0.,1.,0.));
#12570 = ORIENTED_EDGE('',*,*,#10691,.F.);
#12571 = PLANE('',#12572);
#12572 = AXIS2_PLACEMENT_3D('',#12573,#12574,#12575);
#12573 = CARTESIAN_POINT('',(-63.28460389329,-59.79150283669,
    6.349999904633));
#12574 = DIRECTION('',(0.,0.,1.));
#12575 = DIRECTION('',(1.,0.,-0.));
#12576 = ADVANCED_FACE('',(#12577),#12594,.F.);
#12577 = FACE_BOUND('',#12578,.F.);
#12578 = EDGE_LOOP('',(#12579,#12587,#12593));
#12579 = ORIENTED_EDGE('',*,*,#12580,.T.);
#12580 = EDGE_CURVE('',#8209,#12581,#12583,.T.);
#12581 = VERTEX_POINT('',#12582);
#12582 = CARTESIAN_POINT('',(57.,-33.,1.965094753587E-14));
#12583 = LINE('',#12584,#12585);
#12584 = CARTESIAN_POINT('',(-9.239000320435,-33.,6.349999904633));
#12585 = VECTOR('',#12586,1.);
#12586 = DIRECTION('',(0.995436384638,0.,-9.542748104503E-02));
#12587 = ORIENTED_EDGE('',*,*,#12588,.T.);
#12588 = EDGE_CURVE('',#12581,#8336,#12589,.T.);
#12589 = LINE('',#12590,#12591);
#12590 = CARTESIAN_POINT('',(57.,-33.,1.965094753587E-14));
#12591 = VECTOR('',#12592,1.);
#12592 = DIRECTION('',(-1.,0.,0.));
#12593 = ORIENTED_EDGE('',*,*,#8344,.F.);
#12594 = PLANE('',#12595);
#12595 = AXIS2_PLACEMENT_3D('',#12596,#12597,#12598);
#12596 = CARTESIAN_POINT('',(-5.509608723601,-33.,1.591590146925));
#12597 = DIRECTION('',(0.,1.,0.));
#12598 = DIRECTION('',(0.,-0.,1.));
#12599 = ADVANCED_FACE('',(#12600),#12610,.F.);
#12600 = FACE_BOUND('',#12601,.F.);
#12601 = EDGE_LOOP('',(#12602,#12603,#12609));
#12602 = ORIENTED_EDGE('',*,*,#10156,.F.);
#12603 = ORIENTED_EDGE('',*,*,#12604,.F.);
#12604 = EDGE_CURVE('',#12581,#9002,#12605,.T.);
#12605 = LINE('',#12606,#12607);
#12606 = CARTESIAN_POINT('',(57.,-33.,1.965094753587E-14));
#12607 = VECTOR('',#12608,1.);
#12608 = DIRECTION('',(0.,0.,1.));
#12609 = ORIENTED_EDGE('',*,*,#12580,.F.);
#12610 = PLANE('',#12611);
#12611 = AXIS2_PLACEMENT_3D('',#12612,#12613,#12614);
#12612 = CARTESIAN_POINT('',(25.392081021912,-33.,4.686581134445));
#12613 = DIRECTION('',(0.,1.,0.));
#12614 = DIRECTION('',(0.,-0.,1.));
#12615 = ADVANCED_FACE('',(#12616),#12631,.F.);
#12616 = FACE_BOUND('',#12617,.F.);
#12617 = EDGE_LOOP('',(#12618,#12619,#12625));
#12618 = ORIENTED_EDGE('',*,*,#12604,.T.);
#12619 = ORIENTED_EDGE('',*,*,#12620,.T.);
#12620 = EDGE_CURVE('',#9002,#12118,#12621,.T.);
#12621 = LINE('',#12622,#12623);
#12622 = CARTESIAN_POINT('',(57.,-33.,6.349999904633));
#12623 = VECTOR('',#12624,1.);
#12624 = DIRECTION('',(0.,-1.,0.));
#12625 = ORIENTED_EDGE('',*,*,#12626,.T.);
#12626 = EDGE_CURVE('',#12118,#12581,#12627,.T.);
#12627 = LINE('',#12628,#12629);
#12628 = CARTESIAN_POINT('',(57.,-144.,6.349999904633));
#12629 = VECTOR('',#12630,1.);
#12630 = DIRECTION('',(0.,0.998367673223,-5.711382549331E-02));
#12631 = PLANE('',#12632);
#12632 = AXIS2_PLACEMENT_3D('',#12633,#12634,#12635);
#12633 = CARTESIAN_POINT('',(57.,-86.9578711524,4.717128799916));
#12634 = DIRECTION('',(1.,0.,0.));
#12635 = DIRECTION('',(-0.,0.,1.));
#12636 = ADVANCED_FACE('',(#12637),#12654,.F.);
#12637 = FACE_BOUND('',#12638,.F.);
#12638 = EDGE_LOOP('',(#12639,#12647,#12653));
#12639 = ORIENTED_EDGE('',*,*,#12640,.T.);
#12640 = EDGE_CURVE('',#12118,#12641,#12643,.T.);
#12641 = VERTEX_POINT('',#12642);
#12642 = CARTESIAN_POINT('',(57.,-144.,1.965094753587E-14));
#12643 = LINE('',#12644,#12645);
#12644 = CARTESIAN_POINT('',(57.,-144.,6.349999904633));
#12645 = VECTOR('',#12646,1.);
#12646 = DIRECTION('',(0.,0.,-1.));
#12647 = ORIENTED_EDGE('',*,*,#12648,.T.);
#12648 = EDGE_CURVE('',#12641,#12581,#12649,.T.);
#12649 = LINE('',#12650,#12651);
#12650 = CARTESIAN_POINT('',(57.,-144.,1.965094753587E-14));
#12651 = VECTOR('',#12652,1.);
#12652 = DIRECTION('',(0.,1.,0.));
#12653 = ORIENTED_EDGE('',*,*,#12626,.F.);
#12654 = PLANE('',#12655);
#12655 = AXIS2_PLACEMENT_3D('',#12656,#12657,#12658);
#12656 = CARTESIAN_POINT('',(57.,-90.0421288476,1.632871104717));
#12657 = DIRECTION('',(1.,0.,0.));
#12658 = DIRECTION('',(-0.,0.,1.));
#12659 = ADVANCED_FACE('',(#12660),#12677,.F.);
#12660 = FACE_BOUND('',#12661,.F.);
#12661 = EDGE_LOOP('',(#12662,#12670,#12671));
#12662 = ORIENTED_EDGE('',*,*,#12663,.T.);
#12663 = EDGE_CURVE('',#12664,#7513,#12666,.T.);
#12664 = VERTEX_POINT('',#12665);
#12665 = CARTESIAN_POINT('',(28.997999191284,-74.99900054931,
    5.998000144958));
#12666 = LINE('',#12667,#12668);
#12667 = CARTESIAN_POINT('',(28.997999191284,-74.99900054931,
    5.998000144958));
#12668 = VECTOR('',#12669,1.);
#12669 = DIRECTION('',(1.,0.,0.));
#12670 = ORIENTED_EDGE('',*,*,#10546,.F.);
#12671 = ORIENTED_EDGE('',*,*,#12672,.F.);
#12672 = EDGE_CURVE('',#12664,#10525,#12673,.T.);
#12673 = LINE('',#12674,#12675);
#12674 = CARTESIAN_POINT('',(28.997999191284,-74.99900054931,
    5.998000144958));
#12675 = VECTOR('',#12676,1.);
#12676 = DIRECTION('',(0.997870079045,6.50947669237E-02,
    4.239889944652E-03));
#12677 = PLANE('',#12678);
#12678 = AXIS2_PLACEMENT_3D('',#12679,#12680,#12681);
#12679 = CARTESIAN_POINT('',(39.316765162139,-74.66209804168,
    6.019943991169));
#12680 = DIRECTION('',(0.,-6.499638748449E-02,0.99788549925));
#12681 = DIRECTION('',(0.,0.99788549925,6.499638748449E-02));
#12682 = ADVANCED_FACE('',(#12683),#12700,.F.);
#12683 = FACE_BOUND('',#12684,.F.);
#12684 = EDGE_LOOP('',(#12685,#12693,#12699));
#12685 = ORIENTED_EDGE('',*,*,#12686,.T.);
#12686 = EDGE_CURVE('',#10525,#12687,#12689,.T.);
#12687 = VERTEX_POINT('',#12688);
#12688 = CARTESIAN_POINT('',(28.997999191284,-73.69400024414,
    6.083000183105));
#12689 = LINE('',#12690,#12691);
#12690 = CARTESIAN_POINT('',(49.002998352051,-73.69400024414,
    6.083000183105));
#12691 = VECTOR('',#12692,1.);
#12692 = DIRECTION('',(-1.,0.,0.));
#12693 = ORIENTED_EDGE('',*,*,#12694,.T.);
#12694 = EDGE_CURVE('',#12687,#12664,#12695,.T.);
#12695 = LINE('',#12696,#12697);
#12696 = CARTESIAN_POINT('',(28.997999191284,-73.69400024414,
    6.083000183105));
#12697 = VECTOR('',#12698,1.);
#12698 = DIRECTION('',(0.,-0.99788549925,-6.499638748449E-02));
#12699 = ORIENTED_EDGE('',*,*,#12672,.T.);
#12700 = PLANE('',#12701);
#12701 = AXIS2_PLACEMENT_3D('',#12702,#12703,#12704);
#12702 = CARTESIAN_POINT('',(38.684232381196,-74.03090275177,
    6.061056336895));
#12703 = DIRECTION('',(0.,-6.499638748449E-02,0.99788549925));
#12704 = DIRECTION('',(0.,0.99788549925,6.499638748449E-02));
#12705 = ADVANCED_FACE('',(#12706),#12723,.F.);
#12706 = FACE_BOUND('',#12707,.F.);
#12707 = EDGE_LOOP('',(#12708,#12716,#12717));
#12708 = ORIENTED_EDGE('',*,*,#12709,.T.);
#12709 = EDGE_CURVE('',#12710,#11052,#12712,.T.);
#12710 = VERTEX_POINT('',#12711);
#12711 = CARTESIAN_POINT('',(-59.00299835205,-86.58799743652,
    6.337999820709));
#12712 = LINE('',#12713,#12714);
#12713 = CARTESIAN_POINT('',(-59.00299835205,-86.58799743652,
    6.337999820709));
#12714 = VECTOR('',#12715,1.);
#12715 = DIRECTION('',(1.,0.,0.));
#12716 = ORIENTED_EDGE('',*,*,#11060,.F.);
#12717 = ORIENTED_EDGE('',*,*,#12718,.T.);
#12718 = EDGE_CURVE('',#11029,#12710,#12719,.T.);
#12719 = LINE('',#12720,#12721);
#12720 = CARTESIAN_POINT('',(-38.99800109863,-85.30500030517,
    6.083000183105));
#12721 = VECTOR('',#12722,1.);
#12722 = DIRECTION('',(-0.997869016428,-6.399716377462E-02,
    1.27196337166E-02));
#12723 = PLANE('',#12724);
#12724 = AXIS2_PLACEMENT_3D('',#12725,#12726,#12727);
#12725 = CARTESIAN_POINT('',(-48.68415689559,-86.25677271452,
    6.27216788546));
#12726 = DIRECTION('',(0.,0.194940038954,0.980815161594));
#12727 = DIRECTION('',(0.,0.980815161594,-0.194940038954));
#12728 = ADVANCED_FACE('',(#12729),#12744,.F.);
#12729 = FACE_BOUND('',#12730,.F.);
#12730 = EDGE_LOOP('',(#12731,#12732,#12738));
#12731 = ORIENTED_EDGE('',*,*,#12709,.F.);
#12732 = ORIENTED_EDGE('',*,*,#12733,.T.);
#12733 = EDGE_CURVE('',#12710,#7133,#12734,.T.);
#12734 = LINE('',#12735,#12736);
#12735 = CARTESIAN_POINT('',(-59.00299835205,-86.58799743652,
    6.337999820709));
#12736 = VECTOR('',#12737,1.);
#12737 = DIRECTION('',(0.,-0.945955659646,0.324295991318));
#12738 = ORIENTED_EDGE('',*,*,#12739,.T.);
#12739 = EDGE_CURVE('',#7133,#11052,#12740,.T.);
#12740 = LINE('',#12741,#12742);
#12741 = CARTESIAN_POINT('',(-59.00299835205,-86.62300109863,
    6.349999904633));
#12742 = VECTOR('',#12743,1.);
#12743 = DIRECTION('',(0.999998289286,1.749742915968E-03,
    -5.998532887868E-04));
#12744 = PLANE('',#12745);
#12745 = AXIS2_PLACEMENT_3D('',#12746,#12747,#12748);
#12746 = CARTESIAN_POINT('',(-49.00974204247,-86.59675644538,
    6.341002616276));
#12747 = DIRECTION('',(0.,0.324295991318,0.945955659646));
#12748 = DIRECTION('',(0.,0.945955659646,-0.324295991318));
#12749 = ADVANCED_FACE('',(#12750),#12755,.F.);
#12750 = FACE_BOUND('',#12751,.F.);
#12751 = EDGE_LOOP('',(#12752,#12753,#12754));
#12752 = ORIENTED_EDGE('',*,*,#7130,.F.);
#12753 = ORIENTED_EDGE('',*,*,#11051,.F.);
#12754 = ORIENTED_EDGE('',*,*,#12739,.F.);
#12755 = PLANE('',#12756);
#12756 = AXIS2_PLACEMENT_3D('',#12757,#12758,#12759);
#12757 = CARTESIAN_POINT('',(-48.99125740821,-86.61424208977,
    6.346997109066));
#12758 = DIRECTION('',(0.,0.324295991318,0.945955659646));
#12759 = DIRECTION('',(0.,0.945955659646,-0.324295991318));
#12760 = ADVANCED_FACE('',(#12761),#12776,.F.);
#12761 = FACE_BOUND('',#12762,.F.);
#12762 = EDGE_LOOP('',(#12763,#12769,#12770));
#12763 = ORIENTED_EDGE('',*,*,#12764,.T.);
#12764 = EDGE_CURVE('',#7445,#9759,#12765,.T.);
#12765 = LINE('',#12766,#12767);
#12766 = CARTESIAN_POINT('',(28.997999191284,-77.58799743652,
    6.337999820709));
#12767 = VECTOR('',#12768,1.);
#12768 = DIRECTION('',(0.,0.999997349497,2.302390014286E-03));
#12769 = ORIENTED_EDGE('',*,*,#10372,.F.);
#12770 = ORIENTED_EDGE('',*,*,#12771,.T.);
#12771 = EDGE_CURVE('',#9896,#7445,#12772,.T.);
#12772 = LINE('',#12773,#12774);
#12773 = CARTESIAN_POINT('',(28.997999191284,-77.62300109863,
    6.349999904633));
#12774 = VECTOR('',#12775,1.);
#12775 = DIRECTION('',(0.,0.945955659646,-0.324295991318));
#12776 = PLANE('',#12777);
#12777 = AXIS2_PLACEMENT_3D('',#12778,#12779,#12780);
#12778 = CARTESIAN_POINT('',(28.997999191284,-74.99999677836,
    6.346999308103));
#12779 = DIRECTION('',(1.,0.,0.));
#12780 = DIRECTION('',(-0.,0.,1.));
#12781 = ADVANCED_FACE('',(#12782),#12792,.F.);
#12782 = FACE_BOUND('',#12783,.F.);
#12783 = EDGE_LOOP('',(#12784,#12790,#12791));
#12784 = ORIENTED_EDGE('',*,*,#12785,.T.);
#12785 = EDGE_CURVE('',#7437,#9759,#12786,.T.);
#12786 = LINE('',#12787,#12788);
#12787 = CARTESIAN_POINT('',(28.997999191284,-76.30500030517,
    6.083000183105));
#12788 = VECTOR('',#12789,1.);
#12789 = DIRECTION('',(0.,0.997698948397,6.779976672321E-02));
#12790 = ORIENTED_EDGE('',*,*,#12764,.F.);
#12791 = ORIENTED_EDGE('',*,*,#7444,.F.);
#12792 = PLANE('',#12793);
#12793 = AXIS2_PLACEMENT_3D('',#12794,#12795,#12796);
#12794 = CARTESIAN_POINT('',(28.997999191284,-74.98615664398,
    6.279291348315));
#12795 = DIRECTION('',(1.,0.,0.));
#12796 = DIRECTION('',(-0.,0.,1.));
#12797 = ADVANCED_FACE('',(#12798),#12813,.F.);
#12798 = FACE_BOUND('',#12799,.F.);
#12799 = EDGE_LOOP('',(#12800,#12806,#12807));
#12800 = ORIENTED_EDGE('',*,*,#12801,.T.);
#12801 = EDGE_CURVE('',#12664,#9759,#12802,.T.);
#12802 = LINE('',#12803,#12804);
#12803 = CARTESIAN_POINT('',(28.997999191284,-74.99900054931,
    5.998000144958));
#12804 = VECTOR('',#12805,1.);
#12805 = DIRECTION('',(0.,0.991115361117,0.133005041098));
#12806 = ORIENTED_EDGE('',*,*,#12785,.F.);
#12807 = ORIENTED_EDGE('',*,*,#12808,.T.);
#12808 = EDGE_CURVE('',#7437,#12664,#12809,.T.);
#12809 = LINE('',#12810,#12811);
#12810 = CARTESIAN_POINT('',(28.997999191284,-76.30500030517,
    6.083000183105));
#12811 = VECTOR('',#12812,1.);
#12812 = DIRECTION('',(0.,0.997888724128,-6.494685717728E-02));
#12813 = PLANE('',#12814);
#12814 = AXIS2_PLACEMENT_3D('',#12815,#12816,#12817);
#12815 = CARTESIAN_POINT('',(28.997999191284,-74.33901377531,
    6.173068615019));
#12816 = DIRECTION('',(1.,0.,0.));
#12817 = DIRECTION('',(-0.,0.,1.));
#12818 = ADVANCED_FACE('',(#12819),#12829,.F.);
#12819 = FACE_BOUND('',#12820,.F.);
#12820 = EDGE_LOOP('',(#12821,#12827,#12828));
#12821 = ORIENTED_EDGE('',*,*,#12822,.T.);
#12822 = EDGE_CURVE('',#12687,#9759,#12823,.T.);
#12823 = LINE('',#12824,#12825);
#12824 = CARTESIAN_POINT('',(28.997999191284,-73.69400024414,
    6.083000183105));
#12825 = VECTOR('',#12826,1.);
#12826 = DIRECTION('',(0.,0.980091512459,0.198546284795));
#12827 = ORIENTED_EDGE('',*,*,#12801,.F.);
#12828 = ORIENTED_EDGE('',*,*,#12694,.F.);
#12829 = PLANE('',#12830);
#12830 = AXIS2_PLACEMENT_3D('',#12831,#12832,#12833);
#12831 = CARTESIAN_POINT('',(28.997999191284,-73.68454726865,
    6.151838776043));
#12832 = DIRECTION('',(1.,0.,0.));
#12833 = DIRECTION('',(-0.,0.,1.));
#12834 = ADVANCED_FACE('',(#12835),#12852,.F.);
#12835 = FACE_BOUND('',#12836,.F.);
#12836 = EDGE_LOOP('',(#12837,#12845,#12846));
#12837 = ORIENTED_EDGE('',*,*,#12838,.T.);
#12838 = EDGE_CURVE('',#12839,#9759,#12841,.T.);
#12839 = VERTEX_POINT('',#12840);
#12840 = CARTESIAN_POINT('',(28.997999191284,-72.41100311279,
    6.337999820709));
#12841 = LINE('',#12842,#12843);
#12842 = CARTESIAN_POINT('',(28.997999191284,-72.41100311279,
    6.337999820709));
#12843 = VECTOR('',#12844,1.);
#12844 = DIRECTION('',(0.,0.945955659646,0.324295991318));
#12845 = ORIENTED_EDGE('',*,*,#12822,.F.);
#12846 = ORIENTED_EDGE('',*,*,#12847,.T.);
#12847 = EDGE_CURVE('',#12687,#12839,#12848,.T.);
#12848 = LINE('',#12849,#12850);
#12849 = CARTESIAN_POINT('',(28.997999191284,-73.69400024414,
    6.083000183105));
#12850 = VECTOR('',#12851,1.);
#12851 = DIRECTION('',(0.,0.980815161594,0.194940038954));
#12852 = PLANE('',#12853);
#12853 = AXIS2_PLACEMENT_3D('',#12854,#12855,#12856);
#12854 = CARTESIAN_POINT('',(28.997999191284,-73.03468620035,
    6.21533616857));
#12855 = DIRECTION('',(1.,0.,0.));
#12856 = DIRECTION('',(-0.,0.,1.));
#12857 = ADVANCED_FACE('',(#12858),#12868,.F.);
#12858 = FACE_BOUND('',#12859,.F.);
#12859 = EDGE_LOOP('',(#12860,#12861,#12862));
#12860 = ORIENTED_EDGE('',*,*,#11309,.F.);
#12861 = ORIENTED_EDGE('',*,*,#7011,.F.);
#12862 = ORIENTED_EDGE('',*,*,#12863,.T.);
#12863 = EDGE_CURVE('',#6566,#11146,#12864,.T.);
#12864 = LINE('',#12865,#12866);
#12865 = CARTESIAN_POINT('',(-59.00299835205,-96.62400054931,
    6.349999904633));
#12866 = VECTOR('',#12867,1.);
#12867 = DIRECTION('',(0.,-1.,0.));
#12868 = PLANE('',#12869);
#12869 = AXIS2_PLACEMENT_3D('',#12870,#12871,#12872);
#12870 = CARTESIAN_POINT('',(-50.0495286309,-100.0495286309,
    6.349999904633));
#12871 = DIRECTION('',(0.,0.,1.));
#12872 = DIRECTION('',(1.,0.,-0.));
#12873 = ADVANCED_FACE('',(#12874),#12884,.F.);
#12874 = FACE_BOUND('',#12875,.F.);
#12875 = EDGE_LOOP('',(#12876,#12877,#12883));
#12876 = ORIENTED_EDGE('',*,*,#10594,.F.);
#12877 = ORIENTED_EDGE('',*,*,#12878,.F.);
#12878 = EDGE_CURVE('',#10921,#10587,#12879,.T.);
#12879 = LINE('',#12880,#12881);
#12880 = CARTESIAN_POINT('',(-59.00299835205,-72.69400024414,
    6.083000183105));
#12881 = VECTOR('',#12882,1.);
#12882 = DIRECTION('',(0.,-0.997698948397,6.779976672321E-02));
#12883 = ORIENTED_EDGE('',*,*,#10920,.F.);
#12884 = PLANE('',#12885);
#12885 = AXIS2_PLACEMENT_3D('',#12886,#12887,#12888);
#12886 = CARTESIAN_POINT('',(-59.00299835205,-74.01284390532,
    6.279291348315));
#12887 = DIRECTION('',(1.,0.,0.));
#12888 = DIRECTION('',(-0.,0.,1.));
#12889 = ADVANCED_FACE('',(#12890),#12912,.F.);
#12890 = FACE_BOUND('',#12891,.F.);
#12891 = EDGE_LOOP('',(#12892,#12900,#12906));
#12892 = ORIENTED_EDGE('',*,*,#12893,.T.);
#12893 = EDGE_CURVE('',#12894,#10587,#12896,.T.);
#12894 = VERTEX_POINT('',#12895);
#12895 = CARTESIAN_POINT('',(-59.00299835205,-75.30400085449,
    6.083000183105));
#12896 = LINE('',#12897,#12898);
#12897 = CARTESIAN_POINT('',(-59.00299835205,-75.30400085449,
    6.083000183105));
#12898 = VECTOR('',#12899,1.);
#12899 = DIRECTION('',(0.,-0.980120778335,0.198401763791));
#12900 = ORIENTED_EDGE('',*,*,#12901,.T.);
#12901 = EDGE_CURVE('',#10587,#7289,#12902,.T.);
#12902 = LINE('',#12903,#12904);
#12903 = CARTESIAN_POINT('',(-59.00299835205,-76.62300109863,
    6.349999904633));
#12904 = VECTOR('',#12905,1.);
#12905 = DIRECTION('',(0.,0.945955659646,-0.324295991318));
#12906 = ORIENTED_EDGE('',*,*,#12907,.T.);
#12907 = EDGE_CURVE('',#7289,#12894,#12908,.T.);
#12908 = LINE('',#12909,#12910);
#12909 = CARTESIAN_POINT('',(-59.00299835205,-76.58799743652,
    6.337999820709));
#12910 = VECTOR('',#12911,1.);
#12911 = DIRECTION('',(0.,0.980844164197,-0.194794059358));
#12912 = PLANE('',#12913);
#12913 = AXIS2_PLACEMENT_3D('',#12914,#12915,#12916);
#12914 = CARTESIAN_POINT('',(-59.00299835205,-75.96381489108,
    6.215334830909));
#12915 = DIRECTION('',(1.,0.,0.));
#12916 = DIRECTION('',(-0.,0.,1.));
#12917 = ADVANCED_FACE('',(#12918),#12935,.F.);
#12918 = FACE_BOUND('',#12919,.F.);
#12919 = EDGE_LOOP('',(#12920,#12928,#12929));
#12920 = ORIENTED_EDGE('',*,*,#12921,.T.);
#12921 = EDGE_CURVE('',#12922,#10587,#12924,.T.);
#12922 = VERTEX_POINT('',#12923);
#12923 = CARTESIAN_POINT('',(-59.00299835205,-73.99900054931,
    5.998000144958));
#12924 = LINE('',#12925,#12926);
#12925 = CARTESIAN_POINT('',(-59.00299835205,-73.99900054931,
    5.998000144958));
#12926 = VECTOR('',#12927,1.);
#12927 = DIRECTION('',(0.,-0.991122038089,0.132955276746));
#12928 = ORIENTED_EDGE('',*,*,#12893,.F.);
#12929 = ORIENTED_EDGE('',*,*,#12930,.T.);
#12930 = EDGE_CURVE('',#12894,#12922,#12931,.T.);
#12931 = LINE('',#12932,#12933);
#12932 = CARTESIAN_POINT('',(-59.00299835205,-75.30400085449,
    6.083000183105));
#12933 = VECTOR('',#12934,1.);
#12934 = DIRECTION('',(0.,0.99788549925,-6.499638748449E-02));
#12935 = PLANE('',#12936);
#12936 = AXIS2_PLACEMENT_3D('',#12937,#12938,#12939);
#12937 = CARTESIAN_POINT('',(-59.00299835205,-75.31394974986,
    6.151854865853));
#12938 = DIRECTION('',(1.,0.,0.));
#12939 = DIRECTION('',(-0.,0.,1.));
#12940 = ADVANCED_FACE('',(#12941),#12951,.F.);
#12941 = FACE_BOUND('',#12942,.F.);
#12942 = EDGE_LOOP('',(#12943,#12944,#12945));
#12943 = ORIENTED_EDGE('',*,*,#12878,.T.);
#12944 = ORIENTED_EDGE('',*,*,#12921,.F.);
#12945 = ORIENTED_EDGE('',*,*,#12946,.T.);
#12946 = EDGE_CURVE('',#12922,#10921,#12947,.T.);
#12947 = LINE('',#12948,#12949);
#12948 = CARTESIAN_POINT('',(-59.00299835205,-73.99900054931,
    5.998000144958));
#12949 = VECTOR('',#12950,1.);
#12950 = DIRECTION('',(0.,0.99788549925,6.499638748449E-02));
#12951 = PLANE('',#12952);
#12952 = AXIS2_PLACEMENT_3D('',#12953,#12954,#12955);
#12953 = CARTESIAN_POINT('',(-59.00299835205,-74.65998402694,
    6.173085482204));
#12954 = DIRECTION('',(1.,0.,0.));
#12955 = DIRECTION('',(-0.,0.,1.));
#12956 = ADVANCED_FACE('',(#12957),#12974,.F.);
#12957 = FACE_BOUND('',#12958,.F.);
#12958 = EDGE_LOOP('',(#12959,#12967,#12968));
#12959 = ORIENTED_EDGE('',*,*,#12960,.T.);
#12960 = EDGE_CURVE('',#12961,#6576,#12963,.T.);
#12961 = VERTEX_POINT('',#12962);
#12962 = CARTESIAN_POINT('',(-68.,-144.,6.349999904633));
#12963 = LINE('',#12964,#12965);
#12964 = CARTESIAN_POINT('',(-68.,-144.,6.349999904633));
#12965 = VECTOR('',#12966,1.);
#12966 = DIRECTION('',(0.168525548169,0.985697285993,0.));
#12967 = ORIENTED_EDGE('',*,*,#12408,.F.);
#12968 = ORIENTED_EDGE('',*,*,#12969,.T.);
#12969 = EDGE_CURVE('',#7133,#12961,#12970,.T.);
#12970 = LINE('',#12971,#12972);
#12971 = CARTESIAN_POINT('',(-59.00299835205,-86.62300109863,
    6.349999904633));
#12972 = VECTOR('',#12973,1.);
#12973 = DIRECTION('',(-0.154912113032,-0.987928255106,0.));
#12974 = PLANE('',#12975);
#12975 = AXIS2_PLACEMENT_3D('',#12976,#12977,#12978);
#12976 = CARTESIAN_POINT('',(-63.31748517758,-115.3271177635,
    6.349999904633));
#12977 = DIRECTION('',(0.,0.,1.));
#12978 = DIRECTION('',(1.,0.,-0.));
#12979 = ADVANCED_FACE('',(#12980),#12995,.F.);
#12980 = FACE_BOUND('',#12981,.F.);
#12981 = EDGE_LOOP('',(#12982,#12988,#12989));
#12982 = ORIENTED_EDGE('',*,*,#12983,.T.);
#12983 = EDGE_CURVE('',#12894,#7281,#12984,.T.);
#12984 = LINE('',#12985,#12986);
#12985 = CARTESIAN_POINT('',(-59.00299835205,-75.30400085449,
    6.083000183105));
#12986 = VECTOR('',#12987,1.);
#12987 = DIRECTION('',(1.,0.,0.));
#12988 = ORIENTED_EDGE('',*,*,#10861,.F.);
#12989 = ORIENTED_EDGE('',*,*,#12990,.T.);
#12990 = EDGE_CURVE('',#10839,#12894,#12991,.T.);
#12991 = LINE('',#12992,#12993);
#12992 = CARTESIAN_POINT('',(-38.99800109863,-73.99900054931,
    5.998000144958));
#12993 = VECTOR('',#12994,1.);
#12994 = DIRECTION('',(-0.99787007864,-6.509477310366E-02,
    4.239890347178E-03));
#12995 = PLANE('',#12996);
#12996 = AXIS2_PLACEMENT_3D('',#12997,#12998,#12999);
#12997 = CARTESIAN_POINT('',(-48.68423333588,-74.96709834584,
    6.061056336829));
#12998 = DIRECTION('',(0.,6.499638748449E-02,0.99788549925));
#12999 = DIRECTION('',(0.,0.99788549925,-6.499638748449E-02));
#13000 = ADVANCED_FACE('',(#13001),#13011,.F.);
#13001 = FACE_BOUND('',#13002,.F.);
#13002 = EDGE_LOOP('',(#13003,#13009,#13010));
#13003 = ORIENTED_EDGE('',*,*,#13004,.T.);
#13004 = EDGE_CURVE('',#10839,#12922,#13005,.T.);
#13005 = LINE('',#13006,#13007);
#13006 = CARTESIAN_POINT('',(-38.99800109863,-73.99900054931,
    5.998000144958));
#13007 = VECTOR('',#13008,1.);
#13008 = DIRECTION('',(-1.,0.,0.));
#13009 = ORIENTED_EDGE('',*,*,#12930,.F.);
#13010 = ORIENTED_EDGE('',*,*,#12990,.F.);
#13011 = PLANE('',#13012);
#13012 = AXIS2_PLACEMENT_3D('',#13013,#13014,#13015);
#13013 = CARTESIAN_POINT('',(-49.31676611479,-74.33590305796,
    6.019943991235));
#13014 = DIRECTION('',(0.,6.499638748449E-02,0.99788549925));
#13015 = DIRECTION('',(0.,0.99788549925,-6.499638748449E-02));
#13016 = ADVANCED_FACE('',(#13017),#13022,.F.);
#13017 = FACE_BOUND('',#13018,.F.);
#13018 = EDGE_LOOP('',(#13019,#13020,#13021));
#13019 = ORIENTED_EDGE('',*,*,#7288,.F.);
#13020 = ORIENTED_EDGE('',*,*,#12983,.F.);
#13021 = ORIENTED_EDGE('',*,*,#12907,.F.);
#13022 = PLANE('',#13023);
#13023 = AXIS2_PLACEMENT_3D('',#13024,#13025,#13026);
#13024 = CARTESIAN_POINT('',(-49.3170716311,-75.63549143919,
    6.148833675306));
#13025 = DIRECTION('',(0.,0.194794059358,0.980844164197));
#13026 = DIRECTION('',(0.,0.980844164197,-0.194794059358));
#13027 = ADVANCED_FACE('',(#13028),#13033,.F.);
#13028 = FACE_BOUND('',#13029,.F.);
#13029 = EDGE_LOOP('',(#13030,#13031,#13032));
#13030 = ORIENTED_EDGE('',*,*,#7498,.F.);
#13031 = ORIENTED_EDGE('',*,*,#12771,.F.);
#13032 = ORIENTED_EDGE('',*,*,#9904,.F.);
#13033 = PLANE('',#13034);
#13034 = AXIS2_PLACEMENT_3D('',#13035,#13036,#13037);
#13035 = CARTESIAN_POINT('',(38.991256454538,-77.61424208977,
    6.346997109066));
#13036 = DIRECTION('',(0.,0.324295991318,0.945955659646));
#13037 = DIRECTION('',(0.,0.945955659646,-0.324295991318));
#13038 = ADVANCED_FACE('',(#13039),#13049,.F.);
#13039 = FACE_BOUND('',#13040,.F.);
#13040 = EDGE_LOOP('',(#13041,#13047,#13048));
#13041 = ORIENTED_EDGE('',*,*,#13042,.T.);
#13042 = EDGE_CURVE('',#12961,#6566,#13043,.T.);
#13043 = LINE('',#13044,#13045);
#13044 = CARTESIAN_POINT('',(-68.,-144.,6.349999904633));
#13045 = VECTOR('',#13046,1.);
#13046 = DIRECTION('',(0.18657181538,0.982441325325,0.));
#13047 = ORIENTED_EDGE('',*,*,#6583,.F.);
#13048 = ORIENTED_EDGE('',*,*,#12960,.F.);
#13049 = PLANE('',#13050);
#13050 = AXIS2_PLACEMENT_3D('',#13051,#13052,#13053);
#13051 = CARTESIAN_POINT('',(-63.28060774766,-117.7092880179,
    6.349999904633));
#13052 = DIRECTION('',(0.,0.,1.));
#13053 = DIRECTION('',(1.,0.,-0.));
#13054 = ADVANCED_FACE('',(#13055),#13070,.F.);
#13055 = FACE_BOUND('',#13056,.F.);
#13056 = EDGE_LOOP('',(#13057,#13063,#13064));
#13057 = ORIENTED_EDGE('',*,*,#13058,.T.);
#13058 = EDGE_CURVE('',#12961,#11446,#13059,.T.);
#13059 = LINE('',#13060,#13061);
#13060 = CARTESIAN_POINT('',(-68.,-144.,6.349999904633));
#13061 = VECTOR('',#13062,1.);
#13062 = DIRECTION('',(0.234031116403,0.972229107029,0.));
#13063 = ORIENTED_EDGE('',*,*,#11445,.F.);
#13064 = ORIENTED_EDGE('',*,*,#13065,.T.);
#13065 = EDGE_CURVE('',#11146,#12961,#13066,.T.);
#13066 = LINE('',#13067,#13068);
#13067 = CARTESIAN_POINT('',(-59.00299835205,-101.3769989013,
    6.349999904633));
#13068 = VECTOR('',#13069,1.);
#13069 = DIRECTION('',(-0.206532252624,-0.978439793051,0.));
#13070 = PLANE('',#13071);
#13071 = AXIS2_PLACEMENT_3D('',#13072,#13073,#13074);
#13072 = CARTESIAN_POINT('',(-63.23097909854,-122.7206002423,
    6.349999904633));
#13073 = DIRECTION('',(0.,0.,1.));
#13074 = DIRECTION('',(1.,0.,-0.));
#13075 = ADVANCED_FACE('',(#13076),#13081,.F.);
#13076 = FACE_BOUND('',#13077,.F.);
#13077 = EDGE_LOOP('',(#13078,#13079,#13080));
#13078 = ORIENTED_EDGE('',*,*,#7319,.F.);
#13079 = ORIENTED_EDGE('',*,*,#12901,.F.);
#13080 = ORIENTED_EDGE('',*,*,#10671,.F.);
#13081 = PLANE('',#13082);
#13082 = AXIS2_PLACEMENT_3D('',#13083,#13084,#13085);
#13083 = CARTESIAN_POINT('',(-49.00974204247,-76.61424208977,
    6.346997109066));
#13084 = DIRECTION('',(0.,0.324295991318,0.945955659646));
#13085 = DIRECTION('',(0.,0.945955659646,-0.324295991318));
#13086 = ADVANCED_FACE('',(#13087),#13092,.F.);
#13087 = FACE_BOUND('',#13088,.F.);
#13088 = EDGE_LOOP('',(#13089,#13090,#13091));
#13089 = ORIENTED_EDGE('',*,*,#12620,.F.);
#13090 = ORIENTED_EDGE('',*,*,#9001,.F.);
#13091 = ORIENTED_EDGE('',*,*,#12146,.F.);
#13092 = PLANE('',#13093);
#13093 = AXIS2_PLACEMENT_3D('',#13094,#13095,#13096);
#13094 = CARTESIAN_POINT('',(54.990476356652,-88.49551654311,
    6.349999904633));
#13095 = DIRECTION('',(0.,0.,1.));
#13096 = DIRECTION('',(1.,0.,-0.));
#13097 = ADVANCED_FACE('',(#13098),#13108,.F.);
#13098 = FACE_BOUND('',#13099,.F.);
#13099 = EDGE_LOOP('',(#13100,#13101,#13107));
#13100 = ORIENTED_EDGE('',*,*,#12544,.F.);
#13101 = ORIENTED_EDGE('',*,*,#13102,.F.);
#13102 = EDGE_CURVE('',#12118,#12484,#13103,.T.);
#13103 = LINE('',#13104,#13105);
#13104 = CARTESIAN_POINT('',(57.,-144.,6.349999904633));
#13105 = VECTOR('',#13106,1.);
#13106 = DIRECTION('',(-0.214715336598,0.976676673331,0.));
#13107 = ORIENTED_EDGE('',*,*,#12168,.F.);
#13108 = PLANE('',#13109);
#13109 = AXIS2_PLACEMENT_3D('',#13110,#13111,#13112);
#13110 = CARTESIAN_POINT('',(52.754313218499,-123.2153498793,
    6.349999904633));
#13111 = DIRECTION('',(0.,0.,1.));
#13112 = DIRECTION('',(1.,0.,-0.));
#13113 = ADVANCED_FACE('',(#13114),#13140,.F.);
#13114 = FACE_BOUND('',#13115,.F.);
#13115 = EDGE_LOOP('',(#13116,#13126,#13134));
#13116 = ORIENTED_EDGE('',*,*,#13117,.T.);
#13117 = EDGE_CURVE('',#13118,#13120,#13122,.T.);
#13118 = VERTEX_POINT('',#13119);
#13119 = CARTESIAN_POINT('',(49.002998352051,-113.6959991455,
    6.083000183105));
#13120 = VERTEX_POINT('',#13121);
#13121 = CARTESIAN_POINT('',(49.002998352051,-112.377998352,
    6.349999904633));
#13122 = LINE('',#13123,#13124);
#13123 = CARTESIAN_POINT('',(49.002998352051,-113.6959991455,
    6.083000183105));
#13124 = VECTOR('',#13125,1.);
#13125 = DIRECTION('',(0.,0.980091512459,0.198546284795));
#13126 = ORIENTED_EDGE('',*,*,#13127,.T.);
#13127 = EDGE_CURVE('',#13120,#13128,#13130,.T.);
#13128 = VERTEX_POINT('',#13129);
#13129 = CARTESIAN_POINT('',(49.002998352051,-112.4130020141,
    6.337999820709));
#13130 = LINE('',#13131,#13132);
#13131 = CARTESIAN_POINT('',(49.002998352051,-112.377998352,
    6.349999904633));
#13132 = VECTOR('',#13133,1.);
#13133 = DIRECTION('',(0.,-0.945955659646,-0.324295991318));
#13134 = ORIENTED_EDGE('',*,*,#13135,.T.);
#13135 = EDGE_CURVE('',#13128,#13118,#13136,.T.);
#13136 = LINE('',#13137,#13138);
#13137 = CARTESIAN_POINT('',(49.002998352051,-112.4130020141,
    6.337999820709));
#13138 = VECTOR('',#13139,1.);
#13139 = DIRECTION('',(0.,-0.980815161594,-0.194940038954));
#13140 = PLANE('',#13141);
#13141 = AXIS2_PLACEMENT_3D('',#13142,#13143,#13144);
#13142 = CARTESIAN_POINT('',(49.002998352051,-113.0366851017,
    6.21533616857));
#13143 = DIRECTION('',(-1.,-0.,-0.));
#13144 = DIRECTION('',(0.,0.,-1.));
#13145 = ADVANCED_FACE('',(#13146),#13163,.F.);
#13146 = FACE_BOUND('',#13147,.F.);
#13147 = EDGE_LOOP('',(#13148,#13156,#13157));
#13148 = ORIENTED_EDGE('',*,*,#13149,.T.);
#13149 = EDGE_CURVE('',#13150,#13120,#13152,.T.);
#13150 = VERTEX_POINT('',#13151);
#13151 = CARTESIAN_POINT('',(49.002998352051,-115.0009994506,
    5.998000144958));
#13152 = LINE('',#13153,#13154);
#13153 = CARTESIAN_POINT('',(49.002998352051,-115.0009994506,
    5.998000144958));
#13154 = VECTOR('',#13155,1.);
#13155 = DIRECTION('',(0.,0.991115361117,0.133005041098));
#13156 = ORIENTED_EDGE('',*,*,#13117,.F.);
#13157 = ORIENTED_EDGE('',*,*,#13158,.F.);
#13158 = EDGE_CURVE('',#13150,#13118,#13159,.T.);
#13159 = LINE('',#13160,#13161);
#13160 = CARTESIAN_POINT('',(49.002998352051,-115.0009994506,
    5.998000144958));
#13161 = VECTOR('',#13162,1.);
#13162 = DIRECTION('',(0.,0.99788549925,6.499638748449E-02));
#13163 = PLANE('',#13164);
#13164 = AXIS2_PLACEMENT_3D('',#13165,#13166,#13167);
#13165 = CARTESIAN_POINT('',(49.002998352051,-113.68654617,
    6.151838776043));
#13166 = DIRECTION('',(-1.,-0.,-0.));
#13167 = DIRECTION('',(0.,0.,-1.));
#13168 = ADVANCED_FACE('',(#13169),#13195,.F.);
#13169 = FACE_BOUND('',#13170,.F.);
#13170 = EDGE_LOOP('',(#13171,#13181,#13189));
#13171 = ORIENTED_EDGE('',*,*,#13172,.T.);
#13172 = EDGE_CURVE('',#13173,#13175,#13177,.T.);
#13173 = VERTEX_POINT('',#13174);
#13174 = CARTESIAN_POINT('',(49.002998352051,-116.3069992065,
    6.083000183105));
#13175 = VERTEX_POINT('',#13176);
#13176 = CARTESIAN_POINT('',(28.997999191284,-115.0009994506,
    5.998000144958));
#13177 = LINE('',#13178,#13179);
#13178 = CARTESIAN_POINT('',(49.002998352051,-116.3069992065,
    6.083000183105));
#13179 = VECTOR('',#13180,1.);
#13180 = DIRECTION('',(-0.997866839522,6.514440907107E-02,
    -4.239876180114E-03));
#13181 = ORIENTED_EDGE('',*,*,#13182,.T.);
#13182 = EDGE_CURVE('',#13175,#13183,#13185,.T.);
#13183 = VERTEX_POINT('',#13184);
#13184 = CARTESIAN_POINT('',(28.997999191284,-116.3069992065,
    6.083000183105));
#13185 = LINE('',#13186,#13187);
#13186 = CARTESIAN_POINT('',(28.997999191284,-115.0009994506,
    5.998000144958));
#13187 = VECTOR('',#13188,1.);
#13188 = DIRECTION('',(0.,-0.997888724128,6.494685717728E-02));
#13189 = ORIENTED_EDGE('',*,*,#13190,.T.);
#13190 = EDGE_CURVE('',#13183,#13173,#13191,.T.);
#13191 = LINE('',#13192,#13193);
#13192 = CARTESIAN_POINT('',(28.997999191284,-116.3069992065,
    6.083000183105));
#13193 = VECTOR('',#13194,1.);
#13194 = DIRECTION('',(1.,0.,0.));
#13195 = PLANE('',#13196);
#13196 = AXIS2_PLACEMENT_3D('',#13197,#13198,#13199);
#13197 = CARTESIAN_POINT('',(38.683999317411,-115.9698305652,
    6.061055808884));
#13198 = DIRECTION('',(0.,6.494685717728E-02,0.997888724128));
#13199 = DIRECTION('',(0.,0.997888724128,-6.494685717728E-02));
#13200 = ADVANCED_FACE('',(#13201),#13216,.F.);
#13201 = FACE_BOUND('',#13202,.F.);
#13202 = EDGE_LOOP('',(#13203,#13209,#13210));
#13203 = ORIENTED_EDGE('',*,*,#13204,.T.);
#13204 = EDGE_CURVE('',#13150,#13175,#13205,.T.);
#13205 = LINE('',#13206,#13207);
#13206 = CARTESIAN_POINT('',(49.002998352051,-115.0009994506,
    5.998000144958));
#13207 = VECTOR('',#13208,1.);
#13208 = DIRECTION('',(-1.,0.,0.));
#13209 = ORIENTED_EDGE('',*,*,#13172,.F.);
#13210 = ORIENTED_EDGE('',*,*,#13211,.T.);
#13211 = EDGE_CURVE('',#13173,#13150,#13212,.T.);
#13212 = LINE('',#13213,#13214);
#13213 = CARTESIAN_POINT('',(49.002998352051,-116.3069992065,
    6.083000183105));
#13214 = VECTOR('',#13215,1.);
#13215 = DIRECTION('',(0.,0.997888724128,-6.494685717728E-02));
#13216 = PLANE('',#13217);
#13217 = AXIS2_PLACEMENT_3D('',#13218,#13219,#13220);
#13218 = CARTESIAN_POINT('',(39.316998225924,-115.338168092,
    6.01994451918));
#13219 = DIRECTION('',(0.,6.494685717728E-02,0.997888724128));
#13220 = DIRECTION('',(0.,0.997888724128,-6.494685717728E-02));
#13221 = ADVANCED_FACE('',(#13222),#13239,.F.);
#13222 = FACE_BOUND('',#13223,.F.);
#13223 = EDGE_LOOP('',(#13224,#13232,#13233));
#13224 = ORIENTED_EDGE('',*,*,#13225,.T.);
#13225 = EDGE_CURVE('',#13226,#13173,#13228,.T.);
#13226 = VERTEX_POINT('',#13227);
#13227 = CARTESIAN_POINT('',(49.002998352051,-117.5899963378,
    6.337999820709));
#13228 = LINE('',#13229,#13230);
#13229 = CARTESIAN_POINT('',(49.002998352051,-117.5899963378,
    6.337999820709));
#13230 = VECTOR('',#13231,1.);
#13231 = DIRECTION('',(0.,0.980815161594,-0.194940038954));
#13232 = ORIENTED_EDGE('',*,*,#13190,.F.);
#13233 = ORIENTED_EDGE('',*,*,#13234,.T.);
#13234 = EDGE_CURVE('',#13183,#13226,#13235,.T.);
#13235 = LINE('',#13236,#13237);
#13236 = CARTESIAN_POINT('',(28.997999191284,-116.3069992065,
    6.083000183105));
#13237 = VECTOR('',#13238,1.);
#13238 = DIRECTION('',(0.997869016833,-6.399715769888E-02,
    1.271963250903E-02));
#13239 = PLANE('',#13240);
#13240 = AXIS2_PLACEMENT_3D('',#13241,#13242,#13243);
#13241 = CARTESIAN_POINT('',(39.316841602427,-116.6382239275,
    6.148832118156));
#13242 = DIRECTION('',(0.,0.194940038954,0.980815161594));
#13243 = DIRECTION('',(0.,0.980815161594,-0.194940038954));
#13244 = ADVANCED_FACE('',(#13245),#13255,.F.);
#13245 = FACE_BOUND('',#13246,.F.);
#13246 = EDGE_LOOP('',(#13247,#13248,#13254));
#13247 = ORIENTED_EDGE('',*,*,#13158,.T.);
#13248 = ORIENTED_EDGE('',*,*,#13249,.T.);
#13249 = EDGE_CURVE('',#13118,#13175,#13250,.T.);
#13250 = LINE('',#13251,#13252);
#13251 = CARTESIAN_POINT('',(49.002998352051,-113.6959991455,
    6.083000183105));
#13252 = VECTOR('',#13253,1.);
#13253 = DIRECTION('',(-0.997870079045,-6.50947669237E-02,
    -4.239889944652E-03));
#13254 = ORIENTED_EDGE('',*,*,#13204,.F.);
#13255 = PLANE('',#13256);
#13256 = AXIS2_PLACEMENT_3D('',#13257,#13258,#13259);
#13257 = CARTESIAN_POINT('',(39.316765162139,-114.664096943,
    6.019943991169));
#13258 = DIRECTION('',(0.,-6.499638748449E-02,0.99788549925));
#13259 = DIRECTION('',(0.,0.99788549925,6.499638748449E-02));
#13260 = ADVANCED_FACE('',(#13261),#13271,.F.);
#13261 = FACE_BOUND('',#13262,.F.);
#13262 = EDGE_LOOP('',(#13263,#13269,#13270));
#13263 = ORIENTED_EDGE('',*,*,#13264,.T.);
#13264 = EDGE_CURVE('',#13173,#13120,#13265,.T.);
#13265 = LINE('',#13266,#13267);
#13266 = CARTESIAN_POINT('',(49.002998352051,-116.3069992065,
    6.083000183105));
#13267 = VECTOR('',#13268,1.);
#13268 = DIRECTION('',(0.,0.997698948397,6.779976672321E-02));
#13269 = ORIENTED_EDGE('',*,*,#13149,.F.);
#13270 = ORIENTED_EDGE('',*,*,#13211,.F.);
#13271 = PLANE('',#13272);
#13272 = AXIS2_PLACEMENT_3D('',#13273,#13274,#13275);
#13273 = CARTESIAN_POINT('',(49.002998352051,-114.3410126766,
    6.173068615019));
#13274 = DIRECTION('',(-1.,-0.,-0.));
#13275 = DIRECTION('',(0.,0.,-1.));
#13276 = ADVANCED_FACE('',(#13277),#13287,.F.);
#13277 = FACE_BOUND('',#13278,.F.);
#13278 = EDGE_LOOP('',(#13279,#13285,#13286));
#13279 = ORIENTED_EDGE('',*,*,#13280,.T.);
#13280 = EDGE_CURVE('',#13226,#13120,#13281,.T.);
#13281 = LINE('',#13282,#13283);
#13282 = CARTESIAN_POINT('',(49.002998352051,-117.5899963378,
    6.337999820709));
#13283 = VECTOR('',#13284,1.);
#13284 = DIRECTION('',(0.,0.999997349497,2.302390014286E-03));
#13285 = ORIENTED_EDGE('',*,*,#13264,.F.);
#13286 = ORIENTED_EDGE('',*,*,#13225,.F.);
#13287 = PLANE('',#13288);
#13288 = AXIS2_PLACEMENT_3D('',#13289,#13290,#13291);
#13289 = CARTESIAN_POINT('',(49.002998352051,-114.9881555453,
    6.279291348315));
#13290 = DIRECTION('',(-1.,-0.,-0.));
#13291 = DIRECTION('',(0.,0.,-1.));
#13292 = ADVANCED_FACE('',(#13293),#13310,.F.);
#13293 = FACE_BOUND('',#13294,.F.);
#13294 = EDGE_LOOP('',(#13295,#13303,#13304));
#13295 = ORIENTED_EDGE('',*,*,#13296,.T.);
#13296 = EDGE_CURVE('',#13297,#13120,#13299,.T.);
#13297 = VERTEX_POINT('',#13298);
#13298 = CARTESIAN_POINT('',(49.002998352051,-117.625,6.349999904633));
#13299 = LINE('',#13300,#13301);
#13300 = CARTESIAN_POINT('',(49.002998352051,-117.625,6.349999904633));
#13301 = VECTOR('',#13302,1.);
#13302 = DIRECTION('',(0.,1.,0.));
#13303 = ORIENTED_EDGE('',*,*,#13280,.F.);
#13304 = ORIENTED_EDGE('',*,*,#13305,.T.);
#13305 = EDGE_CURVE('',#13226,#13297,#13306,.T.);
#13306 = LINE('',#13307,#13308);
#13307 = CARTESIAN_POINT('',(49.002998352051,-117.5899963378,
    6.337999820709));
#13308 = VECTOR('',#13309,1.);
#13309 = DIRECTION('',(0.,-0.945955659646,0.324295991318));
#13310 = PLANE('',#13311);
#13311 = AXIS2_PLACEMENT_3D('',#13312,#13313,#13314);
#13312 = CARTESIAN_POINT('',(49.002998352051,-115.0019956797,
    6.346999308103));
#13313 = DIRECTION('',(-1.,-0.,-0.));
#13314 = DIRECTION('',(0.,0.,-1.));
#13315 = ADVANCED_FACE('',(#13316),#13333,.F.);
#13316 = FACE_BOUND('',#13317,.F.);
#13317 = EDGE_LOOP('',(#13318,#13319,#13327));
#13318 = ORIENTED_EDGE('',*,*,#13127,.F.);
#13319 = ORIENTED_EDGE('',*,*,#13320,.T.);
#13320 = EDGE_CURVE('',#13120,#13321,#13323,.T.);
#13321 = VERTEX_POINT('',#13322);
#13322 = CARTESIAN_POINT('',(28.997999191284,-112.377998352,
    6.349999904633));
#13323 = LINE('',#13324,#13325);
#13324 = CARTESIAN_POINT('',(49.002998352051,-112.377998352,
    6.349999904633));
#13325 = VECTOR('',#13326,1.);
#13326 = DIRECTION('',(-1.,0.,0.));
#13327 = ORIENTED_EDGE('',*,*,#13328,.F.);
#13328 = EDGE_CURVE('',#13128,#13321,#13329,.T.);
#13329 = LINE('',#13330,#13331);
#13330 = CARTESIAN_POINT('',(49.002998352051,-112.4130020141,
    6.337999820709));
#13331 = VECTOR('',#13332,1.);
#13332 = DIRECTION('',(-0.999998289287,1.749742749142E-03,
    5.998532315948E-04));
#13333 = PLANE('',#13334);
#13334 = AXIS2_PLACEMENT_3D('',#13335,#13336,#13337);
#13335 = CARTESIAN_POINT('',(39.009741088797,-112.3867573609,
    6.346997109066));
#13336 = DIRECTION('',(0.,-0.324295991318,0.945955659646));
#13337 = DIRECTION('',(0.,0.945955659646,0.324295991318));
#13338 = ADVANCED_FACE('',(#13339),#13356,.F.);
#13339 = FACE_BOUND('',#13340,.F.);
#13340 = EDGE_LOOP('',(#13341,#13349,#13355));
#13341 = ORIENTED_EDGE('',*,*,#13342,.T.);
#13342 = EDGE_CURVE('',#13321,#13343,#13345,.T.);
#13343 = VERTEX_POINT('',#13344);
#13344 = CARTESIAN_POINT('',(28.997999191284,-112.4130020141,
    6.337999820709));
#13345 = LINE('',#13346,#13347);
#13346 = CARTESIAN_POINT('',(28.997999191284,-112.377998352,
    6.349999904633));
#13347 = VECTOR('',#13348,1.);
#13348 = DIRECTION('',(0.,-0.945955659646,-0.324295991318));
#13349 = ORIENTED_EDGE('',*,*,#13350,.T.);
#13350 = EDGE_CURVE('',#13343,#13128,#13351,.T.);
#13351 = LINE('',#13352,#13353);
#13352 = CARTESIAN_POINT('',(28.997999191284,-112.4130020141,
    6.337999820709));
#13353 = VECTOR('',#13354,1.);
#13354 = DIRECTION('',(1.,0.,0.));
#13355 = ORIENTED_EDGE('',*,*,#13328,.T.);
#13356 = PLANE('',#13357);
#13357 = AXIS2_PLACEMENT_3D('',#13358,#13359,#13360);
#13358 = CARTESIAN_POINT('',(38.991256454538,-112.4042430053,
    6.341002616275));
#13359 = DIRECTION('',(0.,-0.324295991318,0.945955659646));
#13360 = DIRECTION('',(0.,0.945955659646,0.324295991318));
#13361 = ADVANCED_FACE('',(#13362),#13379,.F.);
#13362 = FACE_BOUND('',#13363,.F.);
#13363 = EDGE_LOOP('',(#13364,#13372,#13373));
#13364 = ORIENTED_EDGE('',*,*,#13365,.T.);
#13365 = EDGE_CURVE('',#13366,#13128,#13368,.T.);
#13366 = VERTEX_POINT('',#13367);
#13367 = CARTESIAN_POINT('',(28.997999191284,-113.6959991455,
    6.083000183105));
#13368 = LINE('',#13369,#13370);
#13369 = CARTESIAN_POINT('',(28.997999191284,-113.6959991455,
    6.083000183105));
#13370 = VECTOR('',#13371,1.);
#13371 = DIRECTION('',(0.997869016833,6.399715769888E-02,
    1.271963250903E-02));
#13372 = ORIENTED_EDGE('',*,*,#13350,.F.);
#13373 = ORIENTED_EDGE('',*,*,#13374,.T.);
#13374 = EDGE_CURVE('',#13343,#13366,#13375,.T.);
#13375 = LINE('',#13376,#13377);
#13376 = CARTESIAN_POINT('',(28.997999191284,-112.4130020141,
    6.337999820709));
#13377 = VECTOR('',#13378,1.);
#13378 = DIRECTION('',(0.,-0.980815161594,-0.194940038954));
#13379 = PLANE('',#13380);
#13380 = AXIS2_PLACEMENT_3D('',#13381,#13382,#13383);
#13381 = CARTESIAN_POINT('',(38.684155940908,-112.7442267351,
    6.272167885658));
#13382 = DIRECTION('',(0.,-0.194940038954,0.980815161594));
#13383 = DIRECTION('',(0.,0.980815161594,0.194940038954));
#13384 = ADVANCED_FACE('',(#13385),#13395,.F.);
#13385 = FACE_BOUND('',#13386,.F.);
#13386 = EDGE_LOOP('',(#13387,#13388,#13389));
#13387 = ORIENTED_EDGE('',*,*,#13135,.F.);
#13388 = ORIENTED_EDGE('',*,*,#13365,.F.);
#13389 = ORIENTED_EDGE('',*,*,#13390,.T.);
#13390 = EDGE_CURVE('',#13366,#13118,#13391,.T.);
#13391 = LINE('',#13392,#13393);
#13392 = CARTESIAN_POINT('',(28.997999191284,-113.6959991455,
    6.083000183105));
#13393 = VECTOR('',#13394,1.);
#13394 = DIRECTION('',(1.,0.,0.));
#13395 = PLANE('',#13396);
#13396 = AXIS2_PLACEMENT_3D('',#13397,#13398,#13399);
#13397 = CARTESIAN_POINT('',(39.316841602427,-113.3647744245,
    6.148832118156));
#13398 = DIRECTION('',(0.,-0.194940038954,0.980815161594));
#13399 = DIRECTION('',(0.,0.980815161594,0.194940038954));
#13400 = ADVANCED_FACE('',(#13401),#13418,.F.);
#13401 = FACE_BOUND('',#13402,.F.);
#13402 = EDGE_LOOP('',(#13403,#13404,#13412));
#13403 = ORIENTED_EDGE('',*,*,#13234,.F.);
#13404 = ORIENTED_EDGE('',*,*,#13405,.T.);
#13405 = EDGE_CURVE('',#13183,#13406,#13408,.T.);
#13406 = VERTEX_POINT('',#13407);
#13407 = CARTESIAN_POINT('',(28.997999191284,-117.5899963378,
    6.337999820709));
#13408 = LINE('',#13409,#13410);
#13409 = CARTESIAN_POINT('',(28.997999191284,-116.3069992065,
    6.083000183105));
#13410 = VECTOR('',#13411,1.);
#13411 = DIRECTION('',(0.,-0.980815161594,0.194940038954));
#13412 = ORIENTED_EDGE('',*,*,#13413,.T.);
#13413 = EDGE_CURVE('',#13406,#13226,#13414,.T.);
#13414 = LINE('',#13415,#13416);
#13415 = CARTESIAN_POINT('',(28.997999191284,-117.5899963378,
    6.337999820709));
#13416 = VECTOR('',#13417,1.);
#13417 = DIRECTION('',(1.,0.,0.));
#13418 = PLANE('',#13419);
#13419 = AXIS2_PLACEMENT_3D('',#13420,#13421,#13422);
#13420 = CARTESIAN_POINT('',(38.684155940908,-117.2587716168,
    6.272167885658));
#13421 = DIRECTION('',(0.,0.194940038954,0.980815161594));
#13422 = DIRECTION('',(0.,0.980815161594,-0.194940038954));
#13423 = ADVANCED_FACE('',(#13424),#13439,.F.);
#13424 = FACE_BOUND('',#13425,.F.);
#13425 = EDGE_LOOP('',(#13426,#13427,#13433));
#13426 = ORIENTED_EDGE('',*,*,#13296,.F.);
#13427 = ORIENTED_EDGE('',*,*,#13428,.T.);
#13428 = EDGE_CURVE('',#13297,#12118,#13429,.T.);
#13429 = LINE('',#13430,#13431);
#13430 = CARTESIAN_POINT('',(49.002998352051,-117.625,6.349999904633));
#13431 = VECTOR('',#13432,1.);
#13432 = DIRECTION('',(0.290159507668,-0.956978296572,0.));
#13433 = ORIENTED_EDGE('',*,*,#13434,.F.);
#13434 = EDGE_CURVE('',#13120,#12118,#13435,.T.);
#13435 = LINE('',#13436,#13437);
#13436 = CARTESIAN_POINT('',(49.002998352051,-112.377998352,
    6.349999904633));
#13437 = VECTOR('',#13438,1.);
#13438 = DIRECTION('',(0.245174988692,-0.969478841915,0.));
#13439 = PLANE('',#13440);
#13440 = AXIS2_PLACEMENT_3D('',#13441,#13442,#13443);
#13441 = CARTESIAN_POINT('',(52.680825663769,-128.2365451649,
    6.349999904633));
#13442 = DIRECTION('',(0.,0.,1.));
#13443 = DIRECTION('',(1.,0.,-0.));
#13444 = ADVANCED_FACE('',(#13445),#13455,.F.);
#13445 = FACE_BOUND('',#13446,.F.);
#13446 = EDGE_LOOP('',(#13447,#13453,#13454));
#13447 = ORIENTED_EDGE('',*,*,#13448,.T.);
#13448 = EDGE_CURVE('',#12484,#13120,#13449,.T.);
#13449 = LINE('',#13450,#13451);
#13450 = CARTESIAN_POINT('',(49.002998352051,-107.6240005493,
    6.349999904633));
#13451 = VECTOR('',#13452,1.);
#13452 = DIRECTION('',(0.,-1.,0.));
#13453 = ORIENTED_EDGE('',*,*,#13434,.T.);
#13454 = ORIENTED_EDGE('',*,*,#13102,.T.);
#13455 = PLANE('',#13456);
#13456 = AXIS2_PLACEMENT_3D('',#13457,#13458,#13459);
#13457 = CARTESIAN_POINT('',(52.746743963704,-125.8437140483,
    6.349999904633));
#13458 = DIRECTION('',(0.,0.,1.));
#13459 = DIRECTION('',(1.,0.,-0.));
#13460 = ADVANCED_FACE('',(#13461),#13466,.F.);
#13461 = FACE_BOUND('',#13462,.F.);
#13462 = EDGE_LOOP('',(#13463,#13464,#13465));
#13463 = ORIENTED_EDGE('',*,*,#7520,.F.);
#13464 = ORIENTED_EDGE('',*,*,#12663,.F.);
#13465 = ORIENTED_EDGE('',*,*,#12808,.F.);
#13466 = PLANE('',#13467);
#13467 = AXIS2_PLACEMENT_3D('',#13468,#13469,#13470);
#13468 = CARTESIAN_POINT('',(38.683999317411,-75.33616919065,
    6.01994451918));
#13469 = DIRECTION('',(0.,6.494685717728E-02,0.997888724128));
#13470 = DIRECTION('',(0.,0.997888724128,-6.494685717728E-02));
#13471 = ADVANCED_FACE('',(#13472),#13482,.F.);
#13472 = FACE_BOUND('',#13473,.F.);
#13473 = EDGE_LOOP('',(#13474,#13475,#13476));
#13474 = ORIENTED_EDGE('',*,*,#13305,.F.);
#13475 = ORIENTED_EDGE('',*,*,#13413,.F.);
#13476 = ORIENTED_EDGE('',*,*,#13477,.F.);
#13477 = EDGE_CURVE('',#13297,#13406,#13478,.T.);
#13478 = LINE('',#13479,#13480);
#13479 = CARTESIAN_POINT('',(49.002998352051,-117.625,6.349999904633));
#13480 = VECTOR('',#13481,1.);
#13481 = DIRECTION('',(-0.999998289287,1.749742749142E-03,
    -5.998532315948E-04));
#13482 = PLANE('',#13483);
#13483 = AXIS2_PLACEMENT_3D('',#13484,#13485,#13486);
#13484 = CARTESIAN_POINT('',(39.009741088797,-117.5987553467,
    6.341002616275));
#13485 = DIRECTION('',(0.,0.324295991318,0.945955659646));
#13486 = DIRECTION('',(0.,0.945955659646,-0.324295991318));
#13487 = ADVANCED_FACE('',(#13488),#13505,.F.);
#13488 = FACE_BOUND('',#13489,.F.);
#13489 = EDGE_LOOP('',(#13490,#13498,#13504));
#13490 = ORIENTED_EDGE('',*,*,#13491,.T.);
#13491 = EDGE_CURVE('',#13406,#13492,#13494,.T.);
#13492 = VERTEX_POINT('',#13493);
#13493 = CARTESIAN_POINT('',(28.997999191284,-117.625,6.349999904633));
#13494 = LINE('',#13495,#13496);
#13495 = CARTESIAN_POINT('',(28.997999191284,-117.5899963378,
    6.337999820709));
#13496 = VECTOR('',#13497,1.);
#13497 = DIRECTION('',(0.,-0.945955659646,0.324295991318));
#13498 = ORIENTED_EDGE('',*,*,#13499,.T.);
#13499 = EDGE_CURVE('',#13492,#13297,#13500,.T.);
#13500 = LINE('',#13501,#13502);
#13501 = CARTESIAN_POINT('',(28.997999191284,-117.625,6.349999904633));
#13502 = VECTOR('',#13503,1.);
#13503 = DIRECTION('',(1.,0.,0.));
#13504 = ORIENTED_EDGE('',*,*,#13477,.T.);
#13505 = PLANE('',#13506);
#13506 = AXIS2_PLACEMENT_3D('',#13507,#13508,#13509);
#13507 = CARTESIAN_POINT('',(38.991256454538,-117.6162409911,
    6.346997109066));
#13508 = DIRECTION('',(0.,0.324295991318,0.945955659646));
#13509 = DIRECTION('',(0.,0.945955659646,-0.324295991318));
#13510 = ADVANCED_FACE('',(#13511),#13516,.F.);
#13511 = FACE_BOUND('',#13512,.F.);
#13512 = EDGE_LOOP('',(#13513,#13514,#13515));
#13513 = ORIENTED_EDGE('',*,*,#10943,.F.);
#13514 = ORIENTED_EDGE('',*,*,#12946,.F.);
#13515 = ORIENTED_EDGE('',*,*,#13004,.F.);
#13516 = PLANE('',#13517);
#13517 = AXIS2_PLACEMENT_3D('',#13518,#13519,#13520);
#13518 = CARTESIAN_POINT('',(-49.31676611479,-73.66209804066,
    6.019943991235));
#13519 = DIRECTION('',(0.,-6.499638748449E-02,0.99788549925));
#13520 = DIRECTION('',(0.,0.99788549925,6.499638748449E-02));
#13521 = ADVANCED_FACE('',(#13522),#13532,.F.);
#13522 = FACE_BOUND('',#13523,.F.);
#13523 = EDGE_LOOP('',(#13524,#13525,#13531));
#13524 = ORIENTED_EDGE('',*,*,#12559,.F.);
#13525 = ORIENTED_EDGE('',*,*,#13526,.T.);
#13526 = EDGE_CURVE('',#7881,#12961,#13527,.T.);
#13527 = LINE('',#13528,#13529);
#13528 = CARTESIAN_POINT('',(-68.,-33.,6.349999904633));
#13529 = VECTOR('',#13530,1.);
#13530 = DIRECTION('',(0.,-1.,0.));
#13531 = ORIENTED_EDGE('',*,*,#12969,.F.);
#13532 = PLANE('',#13533);
#13533 = AXIS2_PLACEMENT_3D('',#13534,#13535,#13536);
#13534 = CARTESIAN_POINT('',(-65.73614751601,-88.48789317179,
    6.349999904633));
#13535 = DIRECTION('',(0.,0.,1.));
#13536 = DIRECTION('',(1.,0.,-0.));
#13537 = ADVANCED_FACE('',(#13538),#13548,.F.);
#13538 = FACE_BOUND('',#13539,.F.);
#13539 = EDGE_LOOP('',(#13540,#13546,#13547));
#13540 = ORIENTED_EDGE('',*,*,#13541,.T.);
#13541 = EDGE_CURVE('',#10632,#11098,#13542,.T.);
#13542 = LINE('',#13543,#13544);
#13543 = CARTESIAN_POINT('',(-59.00299835205,-81.37599945068,
    6.349999904633));
#13544 = VECTOR('',#13545,1.);
#13545 = DIRECTION('',(0.,-0.945955659646,-0.324295991318));
#13546 = ORIENTED_EDGE('',*,*,#11106,.F.);
#13547 = ORIENTED_EDGE('',*,*,#10639,.F.);
#13548 = PLANE('',#13549);
#13549 = AXIS2_PLACEMENT_3D('',#13550,#13551,#13552);
#13550 = CARTESIAN_POINT('',(-49.00974204247,-81.38475845954,
    6.346997109066));
#13551 = DIRECTION('',(0.,-0.324295991318,0.945955659646));
#13552 = DIRECTION('',(0.,0.945955659646,0.324295991318));
#13553 = ADVANCED_FACE('',(#13554),#13564,.F.);
#13554 = FACE_BOUND('',#13555,.F.);
#13555 = EDGE_LOOP('',(#13556,#13557,#13558));
#13556 = ORIENTED_EDGE('',*,*,#12686,.F.);
#13557 = ORIENTED_EDGE('',*,*,#10524,.F.);
#13558 = ORIENTED_EDGE('',*,*,#13559,.T.);
#13559 = EDGE_CURVE('',#10517,#12687,#13560,.T.);
#13560 = LINE('',#13561,#13562);
#13561 = CARTESIAN_POINT('',(49.002998352051,-72.41100311279,
    6.337999820709));
#13562 = VECTOR('',#13563,1.);
#13563 = DIRECTION('',(-0.997869016833,-6.399715769888E-02,
    -1.271963250903E-02));
#13564 = PLANE('',#13565);
#13565 = AXIS2_PLACEMENT_3D('',#13566,#13567,#13568);
#13566 = CARTESIAN_POINT('',(39.316841602427,-73.36277552313,
    6.148832118156));
#13567 = DIRECTION('',(0.,-0.194940038954,0.980815161594));
#13568 = DIRECTION('',(0.,0.980815161594,0.194940038954));
#13569 = ADVANCED_FACE('',(#13570),#13580,.F.);
#13570 = FACE_BOUND('',#13571,.F.);
#13571 = EDGE_LOOP('',(#13572,#13578,#13579));
#13572 = ORIENTED_EDGE('',*,*,#13573,.T.);
#13573 = EDGE_CURVE('',#10517,#12839,#13574,.T.);
#13574 = LINE('',#13575,#13576);
#13575 = CARTESIAN_POINT('',(49.002998352051,-72.41100311279,
    6.337999820709));
#13576 = VECTOR('',#13577,1.);
#13577 = DIRECTION('',(-1.,0.,0.));
#13578 = ORIENTED_EDGE('',*,*,#12847,.F.);
#13579 = ORIENTED_EDGE('',*,*,#13559,.F.);
#13580 = PLANE('',#13581);
#13581 = AXIS2_PLACEMENT_3D('',#13582,#13583,#13584);
#13582 = CARTESIAN_POINT('',(38.684155940908,-72.74222783379,
    6.272167885658));
#13583 = DIRECTION('',(0.,-0.194940038954,0.980815161594));
#13584 = DIRECTION('',(0.,0.980815161594,0.194940038954));
#13585 = ADVANCED_FACE('',(#13586),#13596,.F.);
#13586 = FACE_BOUND('',#13587,.F.);
#13587 = EDGE_LOOP('',(#13588,#13589,#13590));
#13588 = ORIENTED_EDGE('',*,*,#13249,.F.);
#13589 = ORIENTED_EDGE('',*,*,#13390,.F.);
#13590 = ORIENTED_EDGE('',*,*,#13591,.T.);
#13591 = EDGE_CURVE('',#13366,#13175,#13592,.T.);
#13592 = LINE('',#13593,#13594);
#13593 = CARTESIAN_POINT('',(28.997999191284,-113.6959991455,
    6.083000183105));
#13594 = VECTOR('',#13595,1.);
#13595 = DIRECTION('',(0.,-0.99788549925,-6.499638748449E-02));
#13596 = PLANE('',#13597);
#13597 = AXIS2_PLACEMENT_3D('',#13598,#13599,#13600);
#13598 = CARTESIAN_POINT('',(38.684232381196,-114.0329016531,
    6.061056336895));
#13599 = DIRECTION('',(0.,-6.499638748449E-02,0.99788549925));
#13600 = DIRECTION('',(0.,0.99788549925,6.499638748449E-02));
#13601 = ADVANCED_FACE('',(#13602),#13619,.F.);
#13602 = FACE_BOUND('',#13603,.F.);
#13603 = EDGE_LOOP('',(#13604,#13612,#13618));
#13604 = ORIENTED_EDGE('',*,*,#13605,.T.);
#13605 = EDGE_CURVE('',#13120,#13606,#13608,.T.);
#13606 = VERTEX_POINT('',#13607);
#13607 = CARTESIAN_POINT('',(28.997999191284,-107.6240005493,
    6.349999904633));
#13608 = LINE('',#13609,#13610);
#13609 = CARTESIAN_POINT('',(49.002998352051,-112.377998352,
    6.349999904633));
#13610 = VECTOR('',#13611,1.);
#13611 = DIRECTION('',(-0.972905813089,0.231201814133,0.));
#13612 = ORIENTED_EDGE('',*,*,#13613,.T.);
#13613 = EDGE_CURVE('',#13606,#13321,#13614,.T.);
#13614 = LINE('',#13615,#13616);
#13615 = CARTESIAN_POINT('',(28.997999191284,-107.6240005493,
    6.349999904633));
#13616 = VECTOR('',#13617,1.);
#13617 = DIRECTION('',(0.,-1.,0.));
#13618 = ORIENTED_EDGE('',*,*,#13320,.F.);
#13619 = PLANE('',#13620);
#13620 = AXIS2_PLACEMENT_3D('',#13621,#13622,#13623);
#13621 = CARTESIAN_POINT('',(37.951277753472,-111.0502204688,
    6.349999904633));
#13622 = DIRECTION('',(0.,0.,1.));
#13623 = DIRECTION('',(1.,0.,-0.));
#13624 = ADVANCED_FACE('',(#13625),#13642,.F.);
#13625 = FACE_BOUND('',#13626,.F.);
#13626 = EDGE_LOOP('',(#13627,#13635,#13636));
#13627 = ORIENTED_EDGE('',*,*,#13628,.T.);
#13628 = EDGE_CURVE('',#13629,#10983,#13631,.T.);
#13629 = VERTEX_POINT('',#13630);
#13630 = CARTESIAN_POINT('',(-59.00299835205,-82.69400024414,
    6.083000183105));
#13631 = LINE('',#13632,#13633);
#13632 = CARTESIAN_POINT('',(-59.00299835205,-82.69400024414,
    6.083000183105));
#13633 = VECTOR('',#13634,1.);
#13634 = DIRECTION('',(1.,0.,0.));
#13635 = ORIENTED_EDGE('',*,*,#11602,.F.);
#13636 = ORIENTED_EDGE('',*,*,#13637,.T.);
#13637 = EDGE_CURVE('',#11098,#13629,#13638,.T.);
#13638 = LINE('',#13639,#13640);
#13639 = CARTESIAN_POINT('',(-59.00299835205,-81.41100311279,
    6.337999820709));
#13640 = VECTOR('',#13641,1.);
#13641 = DIRECTION('',(0.,-0.980815161594,-0.194940038954));
#13642 = PLANE('',#13643);
#13643 = AXIS2_PLACEMENT_3D('',#13644,#13645,#13646);
#13644 = CARTESIAN_POINT('',(-49.31684255508,-82.36277552214,
    6.148832118354));
#13645 = DIRECTION('',(0.,-0.194940038954,0.980815161594));
#13646 = DIRECTION('',(0.,0.980815161594,0.194940038954));
#13647 = ADVANCED_FACE('',(#13648),#13658,.F.);
#13648 = FACE_BOUND('',#13649,.F.);
#13649 = EDGE_LOOP('',(#13650,#13656,#13657));
#13650 = ORIENTED_EDGE('',*,*,#13651,.T.);
#13651 = EDGE_CURVE('',#12839,#7537,#13652,.T.);
#13652 = LINE('',#13653,#13654);
#13653 = CARTESIAN_POINT('',(28.997999191284,-72.41100311279,
    6.337999820709));
#13654 = VECTOR('',#13655,1.);
#13655 = DIRECTION('',(0.999998289287,1.749742749142E-03,
    5.998532315948E-04));
#13656 = ORIENTED_EDGE('',*,*,#9766,.F.);
#13657 = ORIENTED_EDGE('',*,*,#12838,.F.);
#13658 = PLANE('',#13659);
#13659 = AXIS2_PLACEMENT_3D('',#13660,#13661,#13662);
#13660 = CARTESIAN_POINT('',(38.991256454538,-72.38475845954,
    6.346997109066));
#13661 = DIRECTION('',(0.,-0.324295991318,0.945955659646));
#13662 = DIRECTION('',(0.,0.945955659646,0.324295991318));
#13663 = ADVANCED_FACE('',(#13664),#13669,.F.);
#13664 = FACE_BOUND('',#13665,.F.);
#13665 = EDGE_LOOP('',(#13666,#13667,#13668));
#13666 = ORIENTED_EDGE('',*,*,#10516,.F.);
#13667 = ORIENTED_EDGE('',*,*,#13651,.F.);
#13668 = ORIENTED_EDGE('',*,*,#13573,.F.);
#13669 = PLANE('',#13670);
#13670 = AXIS2_PLACEMENT_3D('',#13671,#13672,#13673);
#13671 = CARTESIAN_POINT('',(39.009741088797,-72.40224410393,
    6.341002616275));
#13672 = DIRECTION('',(0.,-0.324295991318,0.945955659646));
#13673 = DIRECTION('',(0.,0.945955659646,0.324295991318));
#13674 = ADVANCED_FACE('',(#13675),#13692,.F.);
#13675 = FACE_BOUND('',#13676,.F.);
#13676 = EDGE_LOOP('',(#13677,#13685,#13686));
#13677 = ORIENTED_EDGE('',*,*,#13678,.T.);
#13678 = EDGE_CURVE('',#13679,#11029,#13681,.T.);
#13679 = VERTEX_POINT('',#13680);
#13680 = CARTESIAN_POINT('',(-59.00299835205,-85.30500030517,
    6.083000183105));
#13681 = LINE('',#13682,#13683);
#13682 = CARTESIAN_POINT('',(-59.00299835205,-85.30500030517,
    6.083000183105));
#13683 = VECTOR('',#13684,1.);
#13684 = DIRECTION('',(1.,0.,0.));
#13685 = ORIENTED_EDGE('',*,*,#11037,.F.);
#13686 = ORIENTED_EDGE('',*,*,#13687,.T.);
#13687 = EDGE_CURVE('',#11006,#13679,#13688,.T.);
#13688 = LINE('',#13689,#13690);
#13689 = CARTESIAN_POINT('',(-38.99800109863,-84.,5.998000144958));
#13690 = VECTOR('',#13691,1.);
#13691 = DIRECTION('',(-0.99787007864,-6.509477310366E-02,
    4.239890347178E-03));
#13692 = PLANE('',#13693);
#13693 = AXIS2_PLACEMENT_3D('',#13694,#13695,#13696);
#13694 = CARTESIAN_POINT('',(-48.68423333588,-84.96809779652,
    6.061056336829));
#13695 = DIRECTION('',(0.,6.499638748449E-02,0.99788549925));
#13696 = DIRECTION('',(0.,0.99788549925,-6.499638748449E-02));
#13697 = ADVANCED_FACE('',(#13698),#13715,.F.);
#13698 = FACE_BOUND('',#13699,.F.);
#13699 = EDGE_LOOP('',(#13700,#13708,#13714));
#13700 = ORIENTED_EDGE('',*,*,#13701,.T.);
#13701 = EDGE_CURVE('',#11006,#13702,#13704,.T.);
#13702 = VERTEX_POINT('',#13703);
#13703 = CARTESIAN_POINT('',(-59.00299835205,-84.,5.998000144958));
#13704 = LINE('',#13705,#13706);
#13705 = CARTESIAN_POINT('',(-38.99800109863,-84.,5.998000144958));
#13706 = VECTOR('',#13707,1.);
#13707 = DIRECTION('',(-1.,0.,0.));
#13708 = ORIENTED_EDGE('',*,*,#13709,.T.);
#13709 = EDGE_CURVE('',#13702,#13679,#13710,.T.);
#13710 = LINE('',#13711,#13712);
#13711 = CARTESIAN_POINT('',(-59.00299835205,-84.,5.998000144958));
#13712 = VECTOR('',#13713,1.);
#13713 = DIRECTION('',(0.,-0.99788549925,6.499638748449E-02));
#13714 = ORIENTED_EDGE('',*,*,#13687,.F.);
#13715 = PLANE('',#13716);
#13716 = AXIS2_PLACEMENT_3D('',#13717,#13718,#13719);
#13717 = CARTESIAN_POINT('',(-49.31676611479,-84.33690250865,
    6.019943991235));
#13718 = DIRECTION('',(0.,6.499638748449E-02,0.99788549925));
#13719 = DIRECTION('',(0.,0.99788549925,-6.499638748449E-02));
#13720 = ADVANCED_FACE('',(#13721),#13731,.F.);
#13721 = FACE_BOUND('',#13722,.F.);
#13722 = EDGE_LOOP('',(#13723,#13729,#13730));
#13723 = ORIENTED_EDGE('',*,*,#13724,.T.);
#13724 = EDGE_CURVE('',#6513,#12454,#13725,.T.);
#13725 = LINE('',#13726,#13727);
#13726 = CARTESIAN_POINT('',(28.997999191284,-106.3059997558,
    6.083000183105));
#13727 = VECTOR('',#13728,1.);
#13728 = DIRECTION('',(1.,0.,0.));
#13729 = ORIENTED_EDGE('',*,*,#12528,.F.);
#13730 = ORIENTED_EDGE('',*,*,#6551,.T.);
#13731 = PLANE('',#13732);
#13732 = AXIS2_PLACEMENT_3D('',#13733,#13734,#13735);
#13733 = CARTESIAN_POINT('',(39.316765162139,-105.9690972482,
    6.061056336895));
#13734 = DIRECTION('',(0.,6.499638748449E-02,0.99788549925));
#13735 = DIRECTION('',(0.,0.99788549925,-6.499638748449E-02));
#13736 = ADVANCED_FACE('',(#13737),#13747,.F.);
#13737 = FACE_BOUND('',#13738,.F.);
#13738 = EDGE_LOOP('',(#13739,#13740,#13741));
#13739 = ORIENTED_EDGE('',*,*,#11014,.F.);
#13740 = ORIENTED_EDGE('',*,*,#13628,.F.);
#13741 = ORIENTED_EDGE('',*,*,#13742,.T.);
#13742 = EDGE_CURVE('',#13629,#11006,#13743,.T.);
#13743 = LINE('',#13744,#13745);
#13744 = CARTESIAN_POINT('',(-59.00299835205,-82.69400024414,
    6.083000183105));
#13745 = VECTOR('',#13746,1.);
#13746 = DIRECTION('',(0.997866839116,-6.51444152557E-02,
    -4.239876582636E-03));
#13747 = PLANE('',#13748);
#13748 = AXIS2_PLACEMENT_3D('',#13749,#13750,#13751);
#13749 = CARTESIAN_POINT('',(-48.6840002721,-83.03116888649,
    6.061055808818));
#13750 = DIRECTION('',(0.,-6.494685717728E-02,0.997888724128));
#13751 = DIRECTION('',(0.,0.997888724128,6.494685717728E-02));
#13752 = ADVANCED_FACE('',(#13753),#13763,.F.);
#13753 = FACE_BOUND('',#13754,.F.);
#13754 = EDGE_LOOP('',(#13755,#13761,#13762));
#13755 = ORIENTED_EDGE('',*,*,#13756,.T.);
#13756 = EDGE_CURVE('',#13629,#13702,#13757,.T.);
#13757 = LINE('',#13758,#13759);
#13758 = CARTESIAN_POINT('',(-59.00299835205,-82.69400024414,
    6.083000183105));
#13759 = VECTOR('',#13760,1.);
#13760 = DIRECTION('',(0.,-0.997888724128,-6.494685717728E-02));
#13761 = ORIENTED_EDGE('',*,*,#13701,.F.);
#13762 = ORIENTED_EDGE('',*,*,#13742,.F.);
#13763 = PLANE('',#13764);
#13764 = AXIS2_PLACEMENT_3D('',#13765,#13766,#13767);
#13765 = CARTESIAN_POINT('',(-49.31699917858,-83.66283135765,
    6.019944519246));
#13766 = DIRECTION('',(0.,-6.494685717728E-02,0.997888724128));
#13767 = DIRECTION('',(0.,0.997888724128,6.494685717728E-02));
#13768 = ADVANCED_FACE('',(#13769),#13786,.F.);
#13769 = FACE_BOUND('',#13770,.F.);
#13770 = EDGE_LOOP('',(#13771,#13779,#13785));
#13771 = ORIENTED_EDGE('',*,*,#13772,.T.);
#13772 = EDGE_CURVE('',#7389,#13773,#13775,.T.);
#13773 = VERTEX_POINT('',#13774);
#13774 = CARTESIAN_POINT('',(28.997999191284,-87.58799743652,
    6.337999820709));
#13775 = LINE('',#13776,#13777);
#13776 = CARTESIAN_POINT('',(49.002998352051,-87.58799743652,
    6.337999820709));
#13777 = VECTOR('',#13778,1.);
#13778 = DIRECTION('',(-1.,0.,0.));
#13779 = ORIENTED_EDGE('',*,*,#13780,.T.);
#13780 = EDGE_CURVE('',#13773,#7359,#13781,.T.);
#13781 = LINE('',#13782,#13783);
#13782 = CARTESIAN_POINT('',(28.997999191284,-87.58799743652,
    6.337999820709));
#13783 = VECTOR('',#13784,1.);
#13784 = DIRECTION('',(0.,-0.945955659646,0.324295991318));
#13785 = ORIENTED_EDGE('',*,*,#7396,.F.);
#13786 = PLANE('',#13787);
#13787 = AXIS2_PLACEMENT_3D('',#13788,#13789,#13790);
#13788 = CARTESIAN_POINT('',(38.991256454538,-87.59675644538,
    6.341002616275));
#13789 = DIRECTION('',(0.,0.324295991318,0.945955659646));
#13790 = DIRECTION('',(0.,0.945955659646,-0.324295991318));
#13791 = ADVANCED_FACE('',(#13792),#13802,.F.);
#13792 = FACE_BOUND('',#13793,.F.);
#13793 = EDGE_LOOP('',(#13794,#13795,#13796));
#13794 = ORIENTED_EDGE('',*,*,#12461,.F.);
#13795 = ORIENTED_EDGE('',*,*,#13724,.F.);
#13796 = ORIENTED_EDGE('',*,*,#13797,.T.);
#13797 = EDGE_CURVE('',#6513,#12462,#13798,.T.);
#13798 = LINE('',#13799,#13800);
#13799 = CARTESIAN_POINT('',(28.997999191284,-106.3059997558,
    6.083000183105));
#13800 = VECTOR('',#13801,1.);
#13801 = DIRECTION('',(0.,-0.980815161594,0.194940038954));
#13802 = PLANE('',#13803);
#13803 = AXIS2_PLACEMENT_3D('',#13804,#13805,#13806);
#13804 = CARTESIAN_POINT('',(38.684155940908,-106.6372244768,
    6.148832118156));
#13805 = DIRECTION('',(0.,0.194940038954,0.980815161594));
#13806 = DIRECTION('',(0.,0.980815161594,-0.194940038954));
#13807 = ADVANCED_FACE('',(#13808),#13818,.F.);
#13808 = FACE_BOUND('',#13809,.F.);
#13809 = EDGE_LOOP('',(#13810,#13811,#13817));
#13810 = ORIENTED_EDGE('',*,*,#13448,.F.);
#13811 = ORIENTED_EDGE('',*,*,#13812,.T.);
#13812 = EDGE_CURVE('',#12484,#13606,#13813,.T.);
#13813 = LINE('',#13814,#13815);
#13814 = CARTESIAN_POINT('',(49.002998352051,-107.6240005493,
    6.349999904633));
#13815 = VECTOR('',#13816,1.);
#13816 = DIRECTION('',(-1.,0.,0.));
#13817 = ORIENTED_EDGE('',*,*,#13605,.F.);
#13818 = PLANE('',#13819);
#13819 = AXIS2_PLACEMENT_3D('',#13820,#13821,#13822);
#13820 = CARTESIAN_POINT('',(40.049719789863,-108.9517784324,
    6.349999904633));
#13821 = DIRECTION('',(0.,0.,1.));
#13822 = DIRECTION('',(1.,0.,-0.));
#13823 = ADVANCED_FACE('',(#13824),#13834,.F.);
#13824 = FACE_BOUND('',#13825,.F.);
#13825 = EDGE_LOOP('',(#13826,#13827,#13828));
#13826 = ORIENTED_EDGE('',*,*,#13541,.F.);
#13827 = ORIENTED_EDGE('',*,*,#12565,.F.);
#13828 = ORIENTED_EDGE('',*,*,#13829,.T.);
#13829 = EDGE_CURVE('',#7133,#11098,#13830,.T.);
#13830 = LINE('',#13831,#13832);
#13831 = CARTESIAN_POINT('',(-59.00299835205,-86.62300109863,
    6.349999904633));
#13832 = VECTOR('',#13833,1.);
#13833 = DIRECTION('',(0.,0.999997349497,-2.302390014286E-03));
#13834 = PLANE('',#13835);
#13835 = AXIS2_PLACEMENT_3D('',#13836,#13837,#13838);
#13836 = CARTESIAN_POINT('',(-59.00299835205,-83.99900377095,
    6.346999308103));
#13837 = DIRECTION('',(1.,0.,0.));
#13838 = DIRECTION('',(-0.,0.,1.));
#13839 = ADVANCED_FACE('',(#13840),#13850,.F.);
#13840 = FACE_BOUND('',#13841,.F.);
#13841 = EDGE_LOOP('',(#13842,#13848,#13849));
#13842 = ORIENTED_EDGE('',*,*,#13843,.T.);
#13843 = EDGE_CURVE('',#7133,#13629,#13844,.T.);
#13844 = LINE('',#13845,#13846);
#13845 = CARTESIAN_POINT('',(-59.00299835205,-86.62300109863,
    6.349999904633));
#13846 = VECTOR('',#13847,1.);
#13847 = DIRECTION('',(0.,0.997698948397,-6.779976672321E-02));
#13848 = ORIENTED_EDGE('',*,*,#13637,.F.);
#13849 = ORIENTED_EDGE('',*,*,#13829,.F.);
#13850 = PLANE('',#13851);
#13851 = AXIS2_PLACEMENT_3D('',#13852,#13853,#13854);
#13852 = CARTESIAN_POINT('',(-59.00299835205,-84.01284390532,
    6.279291348315));
#13853 = DIRECTION('',(1.,0.,0.));
#13854 = DIRECTION('',(-0.,0.,1.));
#13855 = ADVANCED_FACE('',(#13856),#13871,.F.);
#13856 = FACE_BOUND('',#13857,.F.);
#13857 = EDGE_LOOP('',(#13858,#13859,#13865));
#13858 = ORIENTED_EDGE('',*,*,#12733,.F.);
#13859 = ORIENTED_EDGE('',*,*,#13860,.T.);
#13860 = EDGE_CURVE('',#12710,#13679,#13861,.T.);
#13861 = LINE('',#13862,#13863);
#13862 = CARTESIAN_POINT('',(-59.00299835205,-86.58799743652,
    6.337999820709));
#13863 = VECTOR('',#13864,1.);
#13864 = DIRECTION('',(0.,0.980815161594,-0.194940038954));
#13865 = ORIENTED_EDGE('',*,*,#13866,.T.);
#13866 = EDGE_CURVE('',#13679,#7133,#13867,.T.);
#13867 = LINE('',#13868,#13869);
#13868 = CARTESIAN_POINT('',(-59.00299835205,-85.30500030517,
    6.083000183105));
#13869 = VECTOR('',#13870,1.);
#13870 = DIRECTION('',(0.,-0.980091512459,0.198546284795));
#13871 = PLANE('',#13872);
#13872 = AXIS2_PLACEMENT_3D('',#13873,#13874,#13875);
#13873 = CARTESIAN_POINT('',(-59.00299835205,-85.96431434895,
    6.21533616857));
#13874 = DIRECTION('',(1.,0.,0.));
#13875 = DIRECTION('',(-0.,0.,1.));
#13876 = ADVANCED_FACE('',(#13877),#13887,.F.);
#13877 = FACE_BOUND('',#13878,.F.);
#13878 = EDGE_LOOP('',(#13879,#13880,#13886));
#13879 = ORIENTED_EDGE('',*,*,#13709,.F.);
#13880 = ORIENTED_EDGE('',*,*,#13881,.T.);
#13881 = EDGE_CURVE('',#13702,#7133,#13882,.T.);
#13882 = LINE('',#13883,#13884);
#13883 = CARTESIAN_POINT('',(-59.00299835205,-84.,5.998000144958));
#13884 = VECTOR('',#13885,1.);
#13885 = DIRECTION('',(0.,-0.991115361117,0.133005041098));
#13886 = ORIENTED_EDGE('',*,*,#13866,.F.);
#13887 = PLANE('',#13888);
#13888 = AXIS2_PLACEMENT_3D('',#13889,#13890,#13891);
#13889 = CARTESIAN_POINT('',(-59.00299835205,-85.31445328065,
    6.151838776043));
#13890 = DIRECTION('',(1.,0.,0.));
#13891 = DIRECTION('',(-0.,0.,1.));
#13892 = ADVANCED_FACE('',(#13893),#13898,.F.);
#13893 = FACE_BOUND('',#13894,.F.);
#13894 = EDGE_LOOP('',(#13895,#13896,#13897));
#13895 = ORIENTED_EDGE('',*,*,#13756,.F.);
#13896 = ORIENTED_EDGE('',*,*,#13843,.F.);
#13897 = ORIENTED_EDGE('',*,*,#13881,.F.);
#13898 = PLANE('',#13899);
#13899 = AXIS2_PLACEMENT_3D('',#13900,#13901,#13902);
#13900 = CARTESIAN_POINT('',(-59.00299835205,-84.659986774,
    6.173068615019));
#13901 = DIRECTION('',(1.,0.,0.));
#13902 = DIRECTION('',(-0.,0.,1.));
#13903 = ADVANCED_FACE('',(#13904),#13921,.F.);
#13904 = FACE_BOUND('',#13905,.F.);
#13905 = EDGE_LOOP('',(#13906,#13914,#13915));
#13906 = ORIENTED_EDGE('',*,*,#13907,.T.);
#13907 = EDGE_CURVE('',#13908,#10708,#13910,.T.);
#13908 = VERTEX_POINT('',#13909);
#13909 = CARTESIAN_POINT('',(28.997999191284,-86.30500030517,
    6.083000183105));
#13910 = LINE('',#13911,#13912);
#13911 = CARTESIAN_POINT('',(28.997999191284,-86.30500030517,
    6.083000183105));
#13912 = VECTOR('',#13913,1.);
#13913 = DIRECTION('',(1.,0.,0.));
#13914 = ORIENTED_EDGE('',*,*,#10730,.F.);
#13915 = ORIENTED_EDGE('',*,*,#13916,.T.);
#13916 = EDGE_CURVE('',#10731,#13908,#13917,.T.);
#13917 = LINE('',#13918,#13919);
#13918 = CARTESIAN_POINT('',(49.002998352051,-85.,5.998000144958));
#13919 = VECTOR('',#13920,1.);
#13920 = DIRECTION('',(-0.997870079045,-6.50947669237E-02,
    4.239889944652E-03));
#13921 = PLANE('',#13922);
#13922 = AXIS2_PLACEMENT_3D('',#13923,#13924,#13925);
#13923 = CARTESIAN_POINT('',(39.316765162139,-85.96809779754,
    6.061056336895));
#13924 = DIRECTION('',(0.,6.499638748449E-02,0.99788549925));
#13925 = DIRECTION('',(0.,0.99788549925,-6.499638748449E-02));
#13926 = ADVANCED_FACE('',(#13927),#13944,.F.);
#13927 = FACE_BOUND('',#13928,.F.);
#13928 = EDGE_LOOP('',(#13929,#13937,#13943));
#13929 = ORIENTED_EDGE('',*,*,#13930,.T.);
#13930 = EDGE_CURVE('',#10731,#13931,#13933,.T.);
#13931 = VERTEX_POINT('',#13932);
#13932 = CARTESIAN_POINT('',(28.997999191284,-85.,5.998000144958));
#13933 = LINE('',#13934,#13935);
#13934 = CARTESIAN_POINT('',(49.002998352051,-85.,5.998000144958));
#13935 = VECTOR('',#13936,1.);
#13936 = DIRECTION('',(-1.,0.,0.));
#13937 = ORIENTED_EDGE('',*,*,#13938,.T.);
#13938 = EDGE_CURVE('',#13931,#13908,#13939,.T.);
#13939 = LINE('',#13940,#13941);
#13940 = CARTESIAN_POINT('',(28.997999191284,-85.,5.998000144958));
#13941 = VECTOR('',#13942,1.);
#13942 = DIRECTION('',(0.,-0.99788549925,6.499638748449E-02));
#13943 = ORIENTED_EDGE('',*,*,#13916,.F.);
#13944 = PLANE('',#13945);
#13945 = AXIS2_PLACEMENT_3D('',#13946,#13947,#13948);
#13946 = CARTESIAN_POINT('',(38.684232381196,-85.33690250763,
    6.019943991169));
#13947 = DIRECTION('',(0.,6.499638748449E-02,0.99788549925));
#13948 = DIRECTION('',(0.,0.99788549925,-6.499638748449E-02));
#13949 = ADVANCED_FACE('',(#13950),#13960,.F.);
#13950 = FACE_BOUND('',#13951,.F.);
#13951 = EDGE_LOOP('',(#13952,#13953,#13959));
#13952 = ORIENTED_EDGE('',*,*,#12492,.F.);
#13953 = ORIENTED_EDGE('',*,*,#13954,.T.);
#13954 = EDGE_CURVE('',#12462,#13606,#13955,.T.);
#13955 = LINE('',#13956,#13957);
#13956 = CARTESIAN_POINT('',(28.997999191284,-107.5889968872,
    6.337999820709));
#13957 = VECTOR('',#13958,1.);
#13958 = DIRECTION('',(0.,-0.945955659646,0.324295991318));
#13959 = ORIENTED_EDGE('',*,*,#13812,.F.);
#13960 = PLANE('',#13961);
#13961 = AXIS2_PLACEMENT_3D('',#13962,#13963,#13964);
#13962 = CARTESIAN_POINT('',(38.991256454538,-107.6152415404,
    6.346997109066));
#13963 = DIRECTION('',(0.,0.324295991318,0.945955659646));
#13964 = DIRECTION('',(0.,0.945955659646,-0.324295991318));
#13965 = ADVANCED_FACE('',(#13966),#13971,.F.);
#13966 = FACE_BOUND('',#13967,.F.);
#13967 = EDGE_LOOP('',(#13968,#13969,#13970));
#13968 = ORIENTED_EDGE('',*,*,#12718,.F.);
#13969 = ORIENTED_EDGE('',*,*,#13678,.F.);
#13970 = ORIENTED_EDGE('',*,*,#13860,.F.);
#13971 = PLANE('',#13972);
#13972 = AXIS2_PLACEMENT_3D('',#13973,#13974,#13975);
#13973 = CARTESIAN_POINT('',(-49.31684255508,-85.63622502717,
    6.148832118354));
#13974 = DIRECTION('',(0.,0.194940038954,0.980815161594));
#13975 = DIRECTION('',(0.,0.980815161594,-0.194940038954));
#13976 = ADVANCED_FACE('',(#13977),#13992,.F.);
#13977 = FACE_BOUND('',#13978,.F.);
#13978 = EDGE_LOOP('',(#13979,#13985,#13986));
#13979 = ORIENTED_EDGE('',*,*,#13980,.T.);
#13980 = EDGE_CURVE('',#6511,#7184,#13981,.T.);
#13981 = LINE('',#13982,#13983);
#13982 = CARTESIAN_POINT('',(28.997999191284,-102.3769989013,
    6.349999904633));
#13983 = VECTOR('',#13984,1.);
#13984 = DIRECTION('',(-0.932202083077,0.361938221672,0.));
#13985 = ORIENTED_EDGE('',*,*,#7183,.F.);
#13986 = ORIENTED_EDGE('',*,*,#13987,.F.);
#13987 = EDGE_CURVE('',#6511,#6488,#13988,.T.);
#13988 = LINE('',#13989,#13990);
#13989 = CARTESIAN_POINT('',(28.997999191284,-102.3769989013,
    6.349999904633));
#13990 = VECTOR('',#13991,1.);
#13991 = DIRECTION('',(-0.952488633086,0.304574135214,0.));
#13992 = PLANE('',#13993);
#13993 = AXIS2_PLACEMENT_3D('',#13994,#13995,#13996);
#13994 = CARTESIAN_POINT('',(12.376144219064,-96.4868716825,
    6.349999904633));
#13995 = DIRECTION('',(0.,0.,1.));
#13996 = DIRECTION('',(1.,0.,-0.));
#13997 = ADVANCED_FACE('',(#13998),#14008,.F.);
#13998 = FACE_BOUND('',#13999,.F.);
#13999 = EDGE_LOOP('',(#14000,#14001,#14002));
#14000 = ORIENTED_EDGE('',*,*,#13987,.T.);
#14001 = ORIENTED_EDGE('',*,*,#6496,.T.);
#14002 = ORIENTED_EDGE('',*,*,#14003,.T.);
#14003 = EDGE_CURVE('',#6456,#6511,#14004,.T.);
#14004 = LINE('',#14005,#14006);
#14005 = CARTESIAN_POINT('',(-3.237999916077,-103.816001892,
    6.349999904633));
#14006 = VECTOR('',#14007,1.);
#14007 = DIRECTION('',(0.999005138427,4.459521720283E-02,0.));
#14008 = PLANE('',#14009);
#14009 = AXIS2_PLACEMENT_3D('',#14010,#14011,#14012);
#14010 = CARTESIAN_POINT('',(10.448193634567,-99.76578220942,
    6.349999904633));
#14011 = DIRECTION('',(0.,0.,1.));
#14012 = DIRECTION('',(1.,0.,-0.));
#14013 = ADVANCED_FACE('',(#14014),#14024,.F.);
#14014 = FACE_BOUND('',#14015,.F.);
#14015 = EDGE_LOOP('',(#14016,#14017,#14023));
#14016 = ORIENTED_EDGE('',*,*,#12376,.F.);
#14017 = ORIENTED_EDGE('',*,*,#14018,.F.);
#14018 = EDGE_CURVE('',#7184,#10318,#14019,.T.);
#14019 = LINE('',#14020,#14021);
#14020 = CARTESIAN_POINT('',(-3.237999916077,-89.86100006103,
    6.349999904633));
#14021 = VECTOR('',#14022,1.);
#14022 = DIRECTION('',(0.889726777664,0.456493440377,0.));
#14023 = ORIENTED_EDGE('',*,*,#13980,.F.);
#14024 = PLANE('',#14025);
#14025 = AXIS2_PLACEMENT_3D('',#14026,#14027,#14028);
#14026 = CARTESIAN_POINT('',(13.047855145596,-94.03754570933,
    6.349999904633));
#14027 = DIRECTION('',(0.,0.,1.));
#14028 = DIRECTION('',(1.,0.,-0.));
#14029 = ADVANCED_FACE('',(#14030),#14047,.F.);
#14030 = FACE_BOUND('',#14031,.F.);
#14031 = EDGE_LOOP('',(#14032,#14040,#14041));
#14032 = ORIENTED_EDGE('',*,*,#14033,.T.);
#14033 = EDGE_CURVE('',#14034,#7184,#14036,.T.);
#14034 = VERTEX_POINT('',#14035);
#14035 = CARTESIAN_POINT('',(-3.237999916077,-85.24900054931,
    6.349999904633));
#14036 = LINE('',#14037,#14038);
#14037 = CARTESIAN_POINT('',(-3.237999916077,-85.24900054931,
    6.349999904633));
#14038 = VECTOR('',#14039,1.);
#14039 = DIRECTION('',(0.,-1.,0.));
#14040 = ORIENTED_EDGE('',*,*,#14018,.T.);
#14041 = ORIENTED_EDGE('',*,*,#14042,.T.);
#14042 = EDGE_CURVE('',#10318,#14034,#14043,.T.);
#14043 = LINE('',#14044,#14045);
#14044 = CARTESIAN_POINT('',(5.750999927521,-85.24900054931,
    6.349999904633));
#14045 = VECTOR('',#14046,1.);
#14046 = DIRECTION('',(-1.,0.,0.));
#14047 = PLANE('',#14048);
#14048 = AXIS2_PLACEMENT_3D('',#14049,#14050,#14051);
#14049 = CARTESIAN_POINT('',(0.38202551424,-86.68052581369,
    6.349999904633));
#14050 = DIRECTION('',(0.,0.,1.));
#14051 = DIRECTION('',(1.,0.,-0.));
#14052 = ADVANCED_FACE('',(#14053),#14068,.F.);
#14053 = FACE_BOUND('',#14054,.F.);
#14054 = EDGE_LOOP('',(#14055,#14061,#14062));
#14055 = ORIENTED_EDGE('',*,*,#14056,.T.);
#14056 = EDGE_CURVE('',#6456,#13321,#14057,.T.);
#14057 = LINE('',#14058,#14059);
#14058 = CARTESIAN_POINT('',(-3.237999916077,-103.816001892,
    6.349999904633));
#14059 = VECTOR('',#14060,1.);
#14060 = DIRECTION('',(0.966490265629,-0.256703265357,0.));
#14061 = ORIENTED_EDGE('',*,*,#13613,.F.);
#14062 = ORIENTED_EDGE('',*,*,#14063,.T.);
#14063 = EDGE_CURVE('',#13606,#6456,#14064,.T.);
#14064 = LINE('',#14065,#14066);
#14065 = CARTESIAN_POINT('',(28.997999191284,-107.6240005493,
    6.349999904633));
#14066 = VECTOR('',#14067,1.);
#14067 = DIRECTION('',(-0.993094980944,0.117313080365,0.));
#14068 = PLANE('',#14069);
#14069 = AXIS2_PLACEMENT_3D('',#14070,#14071,#14072);
#14070 = CARTESIAN_POINT('',(13.96583379051,-107.1318843757,
    6.349999904633));
#14071 = DIRECTION('',(0.,0.,1.));
#14072 = DIRECTION('',(1.,0.,-0.));
#14073 = ADVANCED_FACE('',(#14074),#14089,.F.);
#14074 = FACE_BOUND('',#14075,.F.);
#14075 = EDGE_LOOP('',(#14076,#14082,#14088));
#14076 = ORIENTED_EDGE('',*,*,#14077,.T.);
#14077 = EDGE_CURVE('',#6456,#13492,#14078,.T.);
#14078 = LINE('',#14079,#14080);
#14079 = CARTESIAN_POINT('',(-3.237999916077,-103.816001892,
    6.349999904633));
#14080 = VECTOR('',#14081,1.);
#14081 = DIRECTION('',(0.919211403807,-0.393764390353,0.));
#14082 = ORIENTED_EDGE('',*,*,#14083,.T.);
#14083 = EDGE_CURVE('',#13492,#13321,#14084,.T.);
#14084 = LINE('',#14085,#14086);
#14085 = CARTESIAN_POINT('',(28.997999191284,-117.625,6.349999904633));
#14086 = VECTOR('',#14087,1.);
#14087 = DIRECTION('',(0.,1.,0.));
#14088 = ORIENTED_EDGE('',*,*,#14056,.F.);
#14089 = PLANE('',#14090);
#14090 = AXIS2_PLACEMENT_3D('',#14091,#14092,#14093);
#14091 = CARTESIAN_POINT('',(14.027974760704,-109.8376300152,
    6.349999904633));
#14092 = DIRECTION('',(0.,0.,1.));
#14093 = DIRECTION('',(1.,0.,-0.));
#14094 = ADVANCED_FACE('',(#14095),#14110,.F.);
#14095 = FACE_BOUND('',#14096,.F.);
#14096 = EDGE_LOOP('',(#14097,#14103,#14104));
#14097 = ORIENTED_EDGE('',*,*,#14098,.T.);
#14098 = EDGE_CURVE('',#13908,#13773,#14099,.T.);
#14099 = LINE('',#14100,#14101);
#14100 = CARTESIAN_POINT('',(28.997999191284,-86.30500030517,
    6.083000183105));
#14101 = VECTOR('',#14102,1.);
#14102 = DIRECTION('',(0.,-0.980815161594,0.194940038954));
#14103 = ORIENTED_EDGE('',*,*,#13772,.F.);
#14104 = ORIENTED_EDGE('',*,*,#14105,.T.);
#14105 = EDGE_CURVE('',#7389,#13908,#14106,.T.);
#14106 = LINE('',#14107,#14108);
#14107 = CARTESIAN_POINT('',(49.002998352051,-87.58799743652,
    6.337999820709));
#14108 = VECTOR('',#14109,1.);
#14109 = DIRECTION('',(-0.997869016833,6.399715769888E-02,
    -1.271963250903E-02));
#14110 = PLANE('',#14111);
#14111 = AXIS2_PLACEMENT_3D('',#14112,#14113,#14114);
#14112 = CARTESIAN_POINT('',(38.684155940908,-87.25677271552,
    6.272167885658));
#14113 = DIRECTION('',(0.,0.194940038954,0.980815161594));
#14114 = DIRECTION('',(0.,0.980815161594,-0.194940038954));
#14115 = ADVANCED_FACE('',(#14116),#14121,.F.);
#14116 = FACE_BOUND('',#14117,.F.);
#14117 = EDGE_LOOP('',(#14118,#14119,#14120));
#14118 = ORIENTED_EDGE('',*,*,#10707,.F.);
#14119 = ORIENTED_EDGE('',*,*,#13907,.F.);
#14120 = ORIENTED_EDGE('',*,*,#14105,.F.);
#14121 = PLANE('',#14122);
#14122 = AXIS2_PLACEMENT_3D('',#14123,#14124,#14125);
#14123 = CARTESIAN_POINT('',(39.316841602427,-86.63622502617,
    6.148832118156));
#14124 = DIRECTION('',(0.,0.194940038954,0.980815161594));
#14125 = DIRECTION('',(0.,0.980815161594,-0.194940038954));
#14126 = ADVANCED_FACE('',(#14127),#14137,.F.);
#14127 = FACE_BOUND('',#14128,.F.);
#14128 = EDGE_LOOP('',(#14129,#14130,#14136));
#14129 = ORIENTED_EDGE('',*,*,#12319,.F.);
#14130 = ORIENTED_EDGE('',*,*,#14131,.T.);
#14131 = EDGE_CURVE('',#12274,#6521,#14132,.T.);
#14132 = LINE('',#14133,#14134);
#14133 = CARTESIAN_POINT('',(28.997999191284,-103.6949996948,
    6.083000183105));
#14134 = VECTOR('',#14135,1.);
#14135 = DIRECTION('',(0.,-0.997888724128,-6.494685717728E-02));
#14136 = ORIENTED_EDGE('',*,*,#6542,.F.);
#14137 = PLANE('',#14138);
#14138 = AXIS2_PLACEMENT_3D('',#14139,#14140,#14141);
#14139 = CARTESIAN_POINT('',(38.683999317411,-104.6638308093,
    6.01994451918));
#14140 = DIRECTION('',(0.,-6.494685717728E-02,0.997888724128));
#14141 = DIRECTION('',(0.,0.997888724128,6.494685717728E-02));
#14142 = ADVANCED_FACE('',(#14143),#14153,.F.);
#14143 = FACE_BOUND('',#14144,.F.);
#14144 = EDGE_LOOP('',(#14145,#14151,#14152));
#14145 = ORIENTED_EDGE('',*,*,#14146,.T.);
#14146 = EDGE_CURVE('',#7064,#6466,#14147,.T.);
#14147 = LINE('',#14148,#14149);
#14148 = CARTESIAN_POINT('',(-9.239000320435,-109.8170013427,
    6.349999904633));
#14149 = VECTOR('',#14150,1.);
#14150 = DIRECTION('',(0.657666472757,0.657666368241,-0.3673550853));
#14151 = ORIENTED_EDGE('',*,*,#7043,.F.);
#14152 = ORIENTED_EDGE('',*,*,#7071,.F.);
#14153 = PLANE('',#14154);
#14154 = AXIS2_PLACEMENT_3D('',#14155,#14156,#14157);
#14155 = CARTESIAN_POINT('',(-6.718273690391,-107.2962751133,
    3.995497666918));
#14156 = DIRECTION('',(-0.707106725,0.707106837373,0.));
#14157 = DIRECTION('',(0.707106837373,0.707106725,0.));
#14158 = ADVANCED_FACE('',(#14159),#14176,.F.);
#14159 = FACE_BOUND('',#14160,.F.);
#14160 = EDGE_LOOP('',(#14161,#14162,#14170));
#14161 = ORIENTED_EDGE('',*,*,#11588,.F.);
#14162 = ORIENTED_EDGE('',*,*,#14163,.F.);
#14163 = EDGE_CURVE('',#14164,#11581,#14166,.T.);
#14164 = VERTEX_POINT('',#14165);
#14165 = CARTESIAN_POINT('',(-38.99800109863,-116.625,6.349999904633));
#14166 = LINE('',#14167,#14168);
#14167 = CARTESIAN_POINT('',(-38.99800109863,-116.625,6.349999904633));
#14168 = VECTOR('',#14169,1.);
#14169 = DIRECTION('',(0.,1.,0.));
#14170 = ORIENTED_EDGE('',*,*,#14171,.T.);
#14171 = EDGE_CURVE('',#14164,#7064,#14172,.T.);
#14172 = LINE('',#14173,#14174);
#14173 = CARTESIAN_POINT('',(-38.99800109863,-116.625,6.349999904633));
#14174 = VECTOR('',#14175,1.);
#14175 = DIRECTION('',(0.974816213048,0.223009754895,0.));
#14176 = PLANE('',#14177);
#14177 = AXIS2_PLACEMENT_3D('',#14178,#14179,#14180);
#14178 = CARTESIAN_POINT('',(-25.30909307725,-112.0912235466,
    6.349999904633));
#14179 = DIRECTION('',(0.,0.,1.));
#14180 = DIRECTION('',(1.,0.,-0.));
#14181 = ADVANCED_FACE('',(#14182),#14206,.F.);
#14182 = FACE_BOUND('',#14183,.F.);
#14183 = EDGE_LOOP('',(#14184,#14192,#14200));
#14184 = ORIENTED_EDGE('',*,*,#14185,.T.);
#14185 = EDGE_CURVE('',#14186,#11581,#14188,.T.);
#14186 = VERTEX_POINT('',#14187);
#14187 = CARTESIAN_POINT('',(-38.99800109863,-111.4130020141,
    6.337999820709));
#14188 = LINE('',#14189,#14190);
#14189 = CARTESIAN_POINT('',(-38.99800109863,-111.4130020141,
    6.337999820709));
#14190 = VECTOR('',#14191,1.);
#14191 = DIRECTION('',(0.,0.945955659646,0.324295991318));
#14192 = ORIENTED_EDGE('',*,*,#14193,.T.);
#14193 = EDGE_CURVE('',#11581,#14194,#14196,.T.);
#14194 = VERTEX_POINT('',#14195);
#14195 = CARTESIAN_POINT('',(-59.00299835205,-111.4130020141,
    6.337999820709));
#14196 = LINE('',#14197,#14198);
#14197 = CARTESIAN_POINT('',(-38.99800109863,-111.377998352,
    6.349999904633));
#14198 = VECTOR('',#14199,1.);
#14199 = DIRECTION('',(-0.999998289286,-1.749742915968E-03,
    -5.998532887868E-04));
#14200 = ORIENTED_EDGE('',*,*,#14201,.T.);
#14201 = EDGE_CURVE('',#14194,#14186,#14202,.T.);
#14202 = LINE('',#14203,#14204);
#14203 = CARTESIAN_POINT('',(-59.00299835205,-111.4130020141,
    6.337999820709));
#14204 = VECTOR('',#14205,1.);
#14205 = DIRECTION('',(1.,0.,0.));
#14206 = PLANE('',#14207);
#14207 = AXIS2_PLACEMENT_3D('',#14208,#14209,#14210);
#14208 = CARTESIAN_POINT('',(-48.99125740821,-111.4042430053,
    6.341002616276));
#14209 = DIRECTION('',(0.,-0.324295991318,0.945955659646));
#14210 = DIRECTION('',(0.,0.945955659646,0.324295991318));
#14211 = ADVANCED_FACE('',(#14212),#14229,.F.);
#14212 = FACE_BOUND('',#14213,.F.);
#14213 = EDGE_LOOP('',(#14214,#14222,#14223));
#14214 = ORIENTED_EDGE('',*,*,#14215,.T.);
#14215 = EDGE_CURVE('',#14216,#14186,#14218,.T.);
#14216 = VERTEX_POINT('',#14217);
#14217 = CARTESIAN_POINT('',(-38.99800109863,-112.6959991455,
    6.083000183105));
#14218 = LINE('',#14219,#14220);
#14219 = CARTESIAN_POINT('',(-38.99800109863,-112.6959991455,
    6.083000183105));
#14220 = VECTOR('',#14221,1.);
#14221 = DIRECTION('',(0.,0.980815161594,0.194940038954));
#14222 = ORIENTED_EDGE('',*,*,#14201,.F.);
#14223 = ORIENTED_EDGE('',*,*,#14224,.T.);
#14224 = EDGE_CURVE('',#14194,#14216,#14225,.T.);
#14225 = LINE('',#14226,#14227);
#14226 = CARTESIAN_POINT('',(-59.00299835205,-111.4130020141,
    6.337999820709));
#14227 = VECTOR('',#14228,1.);
#14228 = DIRECTION('',(0.997869016428,-6.399716377462E-02,
    -1.27196337166E-02));
#14229 = PLANE('',#14230);
#14230 = AXIS2_PLACEMENT_3D('',#14231,#14232,#14233);
#14231 = CARTESIAN_POINT('',(-48.68415689559,-111.7442267361,
    6.27216788546));
#14232 = DIRECTION('',(0.,-0.194940038954,0.980815161594));
#14233 = DIRECTION('',(0.,0.980815161594,0.194940038954));
#14234 = ADVANCED_FACE('',(#14235),#14245,.F.);
#14235 = FACE_BOUND('',#14236,.F.);
#14236 = EDGE_LOOP('',(#14237,#14243,#14244));
#14237 = ORIENTED_EDGE('',*,*,#14238,.T.);
#14238 = EDGE_CURVE('',#14186,#14164,#14239,.T.);
#14239 = LINE('',#14240,#14241);
#14240 = CARTESIAN_POINT('',(-38.99800109863,-111.4130020141,
    6.337999820709));
#14241 = VECTOR('',#14242,1.);
#14242 = DIRECTION('',(0.,-0.999997349497,2.302390014286E-03));
#14243 = ORIENTED_EDGE('',*,*,#14163,.T.);
#14244 = ORIENTED_EDGE('',*,*,#14185,.F.);
#14245 = PLANE('',#14246);
#14246 = AXIS2_PLACEMENT_3D('',#14247,#14248,#14249);
#14247 = CARTESIAN_POINT('',(-38.99800109863,-114.0010026723,
    6.346999308103));
#14248 = DIRECTION('',(-1.,-0.,-0.));
#14249 = DIRECTION('',(0.,0.,-1.));
#14250 = ADVANCED_FACE('',(#14251),#14261,.F.);
#14251 = FACE_BOUND('',#14252,.F.);
#14252 = EDGE_LOOP('',(#14253,#14259,#14260));
#14253 = ORIENTED_EDGE('',*,*,#14254,.T.);
#14254 = EDGE_CURVE('',#14216,#14164,#14255,.T.);
#14255 = LINE('',#14256,#14257);
#14256 = CARTESIAN_POINT('',(-38.99800109863,-112.6959991455,
    6.083000183105));
#14257 = VECTOR('',#14258,1.);
#14258 = DIRECTION('',(0.,-0.997698948397,6.779976672321E-02));
#14259 = ORIENTED_EDGE('',*,*,#14238,.F.);
#14260 = ORIENTED_EDGE('',*,*,#14215,.F.);
#14261 = PLANE('',#14262);
#14262 = AXIS2_PLACEMENT_3D('',#14263,#14264,#14265);
#14263 = CARTESIAN_POINT('',(-38.99800109863,-114.0148428066,
    6.279291348315));
#14264 = DIRECTION('',(-1.,-0.,-0.));
#14265 = DIRECTION('',(0.,0.,-1.));
#14266 = ADVANCED_FACE('',(#14267),#14284,.F.);
#14267 = FACE_BOUND('',#14268,.F.);
#14268 = EDGE_LOOP('',(#14269,#14277,#14278));
#14269 = ORIENTED_EDGE('',*,*,#14270,.T.);
#14270 = EDGE_CURVE('',#14271,#14164,#14273,.T.);
#14271 = VERTEX_POINT('',#14272);
#14272 = CARTESIAN_POINT('',(-38.99800109863,-114.0009994506,
    5.998000144958));
#14273 = LINE('',#14274,#14275);
#14274 = CARTESIAN_POINT('',(-38.99800109863,-114.0009994506,
    5.998000144958));
#14275 = VECTOR('',#14276,1.);
#14276 = DIRECTION('',(0.,-0.991122038089,0.132955276746));
#14277 = ORIENTED_EDGE('',*,*,#14254,.F.);
#14278 = ORIENTED_EDGE('',*,*,#14279,.T.);
#14279 = EDGE_CURVE('',#14216,#14271,#14280,.T.);
#14280 = LINE('',#14281,#14282);
#14281 = CARTESIAN_POINT('',(-38.99800109863,-112.6959991455,
    6.083000183105));
#14282 = VECTOR('',#14283,1.);
#14283 = DIRECTION('',(0.,-0.99788549925,-6.499638748449E-02));
#14284 = PLANE('',#14285);
#14285 = AXIS2_PLACEMENT_3D('',#14286,#14287,#14288);
#14286 = CARTESIAN_POINT('',(-38.99800109863,-114.6619829283,
    6.173085482204));
#14287 = DIRECTION('',(-1.,-0.,-0.));
#14288 = DIRECTION('',(0.,0.,-1.));
#14289 = ADVANCED_FACE('',(#14290),#14307,.F.);
#14290 = FACE_BOUND('',#14291,.F.);
#14291 = EDGE_LOOP('',(#14292,#14300,#14301));
#14292 = ORIENTED_EDGE('',*,*,#14293,.T.);
#14293 = EDGE_CURVE('',#14294,#14164,#14296,.T.);
#14294 = VERTEX_POINT('',#14295);
#14295 = CARTESIAN_POINT('',(-38.99800109863,-115.3069992065,
    6.083000183105));
#14296 = LINE('',#14297,#14298);
#14297 = CARTESIAN_POINT('',(-38.99800109863,-115.3069992065,
    6.083000183105));
#14298 = VECTOR('',#14299,1.);
#14299 = DIRECTION('',(0.,-0.980091512459,0.198546284795));
#14300 = ORIENTED_EDGE('',*,*,#14270,.F.);
#14301 = ORIENTED_EDGE('',*,*,#14302,.T.);
#14302 = EDGE_CURVE('',#14271,#14294,#14303,.T.);
#14303 = LINE('',#14304,#14305);
#14304 = CARTESIAN_POINT('',(-38.99800109863,-114.0009994506,
    5.998000144958));
#14305 = VECTOR('',#14306,1.);
#14306 = DIRECTION('',(0.,-0.997888724128,6.494685717728E-02));
#14307 = PLANE('',#14308);
#14308 = AXIS2_PLACEMENT_3D('',#14309,#14310,#14311);
#14309 = CARTESIAN_POINT('',(-38.99800109863,-115.3159541357,
    6.151821969916));
#14310 = DIRECTION('',(-1.,-0.,-0.));
#14311 = DIRECTION('',(0.,0.,-1.));
#14312 = ADVANCED_FACE('',(#14313),#14330,.F.);
#14313 = FACE_BOUND('',#14314,.F.);
#14314 = EDGE_LOOP('',(#14315,#14323,#14324));
#14315 = ORIENTED_EDGE('',*,*,#14316,.T.);
#14316 = EDGE_CURVE('',#14317,#14164,#14319,.T.);
#14317 = VERTEX_POINT('',#14318);
#14318 = CARTESIAN_POINT('',(-38.99800109863,-116.5899963378,
    6.337999820709));
#14319 = LINE('',#14320,#14321);
#14320 = CARTESIAN_POINT('',(-38.99800109863,-116.5899963378,
    6.337999820709));
#14321 = VECTOR('',#14322,1.);
#14322 = DIRECTION('',(0.,-0.945955659646,0.324295991318));
#14323 = ORIENTED_EDGE('',*,*,#14293,.F.);
#14324 = ORIENTED_EDGE('',*,*,#14325,.T.);
#14325 = EDGE_CURVE('',#14294,#14317,#14326,.T.);
#14326 = LINE('',#14327,#14328);
#14327 = CARTESIAN_POINT('',(-38.99800109863,-115.3069992065,
    6.083000183105));
#14328 = VECTOR('',#14329,1.);
#14329 = DIRECTION('',(0.,-0.980815161594,0.194940038954));
#14330 = PLANE('',#14331);
#14331 = AXIS2_PLACEMENT_3D('',#14332,#14333,#14334);
#14332 = CARTESIAN_POINT('',(-38.99800109863,-115.9663132503,
    6.21533616857));
#14333 = DIRECTION('',(-1.,-0.,-0.));
#14334 = DIRECTION('',(0.,0.,-1.));
#14335 = ADVANCED_FACE('',(#14336),#14353,.F.);
#14336 = FACE_BOUND('',#14337,.F.);
#14337 = EDGE_LOOP('',(#14338,#14346,#14347));
#14338 = ORIENTED_EDGE('',*,*,#14339,.T.);
#14339 = EDGE_CURVE('',#14340,#14294,#14342,.T.);
#14340 = VERTEX_POINT('',#14341);
#14341 = CARTESIAN_POINT('',(-59.00299835205,-115.3069992065,
    6.083000183105));
#14342 = LINE('',#14343,#14344);
#14343 = CARTESIAN_POINT('',(-59.00299835205,-115.3069992065,
    6.083000183105));
#14344 = VECTOR('',#14345,1.);
#14345 = DIRECTION('',(1.,0.,0.));
#14346 = ORIENTED_EDGE('',*,*,#14302,.F.);
#14347 = ORIENTED_EDGE('',*,*,#14348,.T.);
#14348 = EDGE_CURVE('',#14271,#14340,#14349,.T.);
#14349 = LINE('',#14350,#14351);
#14350 = CARTESIAN_POINT('',(-38.99800109863,-114.0009994506,
    5.998000144958));
#14351 = VECTOR('',#14352,1.);
#14352 = DIRECTION('',(-0.997866839116,-6.51444152557E-02,
    4.239876582636E-03));
#14353 = PLANE('',#14354);
#14354 = AXIS2_PLACEMENT_3D('',#14355,#14356,#14357);
#14355 = CARTESIAN_POINT('',(-48.6840002721,-114.9698305641,
    6.061055808818));
#14356 = DIRECTION('',(0.,6.494685717728E-02,0.997888724128));
#14357 = DIRECTION('',(0.,0.997888724128,-6.494685717728E-02));
#14358 = ADVANCED_FACE('',(#14359),#14376,.F.);
#14359 = FACE_BOUND('',#14360,.F.);
#14360 = EDGE_LOOP('',(#14361,#14362,#14370));
#14361 = ORIENTED_EDGE('',*,*,#14316,.F.);
#14362 = ORIENTED_EDGE('',*,*,#14363,.T.);
#14363 = EDGE_CURVE('',#14317,#14364,#14366,.T.);
#14364 = VERTEX_POINT('',#14365);
#14365 = CARTESIAN_POINT('',(-59.00299835205,-116.625,6.349999904633));
#14366 = LINE('',#14367,#14368);
#14367 = CARTESIAN_POINT('',(-38.99800109863,-116.5899963378,
    6.337999820709));
#14368 = VECTOR('',#14369,1.);
#14369 = DIRECTION('',(-0.999998289286,-1.749742915968E-03,
    5.998532887868E-04));
#14370 = ORIENTED_EDGE('',*,*,#14371,.T.);
#14371 = EDGE_CURVE('',#14364,#14164,#14372,.T.);
#14372 = LINE('',#14373,#14374);
#14373 = CARTESIAN_POINT('',(-59.00299835205,-116.625,6.349999904633));
#14374 = VECTOR('',#14375,1.);
#14375 = DIRECTION('',(1.,0.,0.));
#14376 = PLANE('',#14377);
#14377 = AXIS2_PLACEMENT_3D('',#14378,#14379,#14380);
#14378 = CARTESIAN_POINT('',(-48.99125740821,-116.6162409911,
    6.346997109066));
#14379 = DIRECTION('',(0.,0.324295991318,0.945955659646));
#14380 = DIRECTION('',(0.,0.945955659646,-0.324295991318));
#14381 = ADVANCED_FACE('',(#14382),#14392,.F.);
#14382 = FACE_BOUND('',#14383,.F.);
#14383 = EDGE_LOOP('',(#14384,#14390,#14391));
#14384 = ORIENTED_EDGE('',*,*,#14385,.T.);
#14385 = EDGE_CURVE('',#14340,#14317,#14386,.T.);
#14386 = LINE('',#14387,#14388);
#14387 = CARTESIAN_POINT('',(-59.00299835205,-115.3069992065,
    6.083000183105));
#14388 = VECTOR('',#14389,1.);
#14389 = DIRECTION('',(0.997869016428,-6.399716377462E-02,
    1.27196337166E-02));
#14390 = ORIENTED_EDGE('',*,*,#14325,.F.);
#14391 = ORIENTED_EDGE('',*,*,#14339,.F.);
#14392 = PLANE('',#14393);
#14393 = AXIS2_PLACEMENT_3D('',#14394,#14395,#14396);
#14394 = CARTESIAN_POINT('',(-48.68415689559,-115.6382239285,
    6.148832118354));
#14395 = DIRECTION('',(0.,0.194940038954,0.980815161594));
#14396 = DIRECTION('',(0.,0.980815161594,-0.194940038954));
#14397 = ADVANCED_FACE('',(#14398),#14408,.F.);
#14398 = FACE_BOUND('',#14399,.F.);
#14399 = EDGE_LOOP('',(#14400,#14406,#14407));
#14400 = ORIENTED_EDGE('',*,*,#14401,.T.);
#14401 = EDGE_CURVE('',#9919,#11075,#14402,.T.);
#14402 = LINE('',#14403,#14404);
#14403 = CARTESIAN_POINT('',(28.997999191284,-82.37599945068,
    6.349999904633));
#14404 = VECTOR('',#14405,1.);
#14405 = DIRECTION('',(0.,-0.945955659646,-0.324295991318));
#14406 = ORIENTED_EDGE('',*,*,#11083,.F.);
#14407 = ORIENTED_EDGE('',*,*,#9926,.F.);
#14408 = PLANE('',#14409);
#14409 = AXIS2_PLACEMENT_3D('',#14410,#14411,#14412);
#14410 = CARTESIAN_POINT('',(38.991256454538,-82.38475845954,
    6.346997109066));
#14411 = DIRECTION('',(0.,-0.324295991318,0.945955659646));
#14412 = DIRECTION('',(0.,0.945955659646,0.324295991318));
#14413 = ADVANCED_FACE('',(#14414),#14431,.F.);
#14414 = FACE_BOUND('',#14415,.F.);
#14415 = EDGE_LOOP('',(#14416,#14417,#14425));
#14416 = ORIENTED_EDGE('',*,*,#14371,.F.);
#14417 = ORIENTED_EDGE('',*,*,#14418,.F.);
#14418 = EDGE_CURVE('',#14419,#14364,#14421,.T.);
#14419 = VERTEX_POINT('',#14420);
#14420 = CARTESIAN_POINT('',(-38.99800109863,-121.3789978027,
    6.349999904633));
#14421 = LINE('',#14422,#14423);
#14422 = CARTESIAN_POINT('',(-38.99800109863,-121.3789978027,
    6.349999904633));
#14423 = VECTOR('',#14424,1.);
#14424 = DIRECTION('',(-0.97290580813,0.231201834998,0.));
#14425 = ORIENTED_EDGE('',*,*,#14426,.T.);
#14426 = EDGE_CURVE('',#14419,#14164,#14427,.T.);
#14427 = LINE('',#14428,#14429);
#14428 = CARTESIAN_POINT('',(-38.99800109863,-121.3789978027,
    6.349999904633));
#14429 = VECTOR('',#14430,1.);
#14430 = DIRECTION('',(0.,1.,0.));
#14431 = PLANE('',#14432);
#14432 = AXIS2_PLACEMENT_3D('',#14433,#14434,#14435);
#14433 = CARTESIAN_POINT('',(-47.95127872006,-117.952777896,
    6.349999904633));
#14434 = DIRECTION('',(0.,0.,1.));
#14435 = DIRECTION('',(1.,0.,-0.));
#14436 = ADVANCED_FACE('',(#14437),#14459,.F.);
#14437 = FACE_BOUND('',#14438,.F.);
#14438 = EDGE_LOOP('',(#14439,#14447,#14453));
#14439 = ORIENTED_EDGE('',*,*,#14440,.T.);
#14440 = EDGE_CURVE('',#14441,#12961,#14443,.T.);
#14441 = VERTEX_POINT('',#14442);
#14442 = CARTESIAN_POINT('',(-59.00299835205,-111.377998352,
    6.349999904633));
#14443 = LINE('',#14444,#14445);
#14444 = CARTESIAN_POINT('',(-59.00299835205,-111.377998352,
    6.349999904633));
#14445 = VECTOR('',#14446,1.);
#14446 = DIRECTION('',(-0.265869373515,-0.96400906439,0.));
#14447 = ORIENTED_EDGE('',*,*,#14448,.T.);
#14448 = EDGE_CURVE('',#12961,#14364,#14449,.T.);
#14449 = LINE('',#14450,#14451);
#14450 = CARTESIAN_POINT('',(-68.,-144.,6.349999904633));
#14451 = VECTOR('',#14452,1.);
#14452 = DIRECTION('',(0.312227170012,0.950007470658,0.));
#14453 = ORIENTED_EDGE('',*,*,#14454,.T.);
#14454 = EDGE_CURVE('',#14364,#14441,#14455,.T.);
#14455 = LINE('',#14456,#14457);
#14456 = CARTESIAN_POINT('',(-59.00299835205,-116.625,6.349999904633));
#14457 = VECTOR('',#14458,1.);
#14458 = DIRECTION('',(0.,1.,0.));
#14459 = PLANE('',#14460);
#14460 = AXIS2_PLACEMENT_3D('',#14461,#14462,#14463);
#14461 = CARTESIAN_POINT('',(-63.15388837701,-127.7446571864,
    6.349999904633));
#14462 = DIRECTION('',(0.,0.,1.));
#14463 = DIRECTION('',(1.,0.,-0.));
#14464 = ADVANCED_FACE('',(#14465),#14482,.F.);
#14465 = FACE_BOUND('',#14466,.F.);
#14466 = EDGE_LOOP('',(#14467,#14468,#14476));
#14467 = ORIENTED_EDGE('',*,*,#14448,.F.);
#14468 = ORIENTED_EDGE('',*,*,#14469,.F.);
#14469 = EDGE_CURVE('',#14470,#12961,#14472,.T.);
#14470 = VERTEX_POINT('',#14471);
#14471 = CARTESIAN_POINT('',(-59.00299835205,-121.3789978027,
    6.349999904633));
#14472 = LINE('',#14473,#14474);
#14473 = CARTESIAN_POINT('',(-59.00299835205,-121.3789978027,
    6.349999904633));
#14474 = VECTOR('',#14475,1.);
#14475 = DIRECTION('',(-0.369569853869,-0.929202950443,0.));
#14476 = ORIENTED_EDGE('',*,*,#14477,.F.);
#14477 = EDGE_CURVE('',#14364,#14470,#14478,.T.);
#14478 = LINE('',#14479,#14480);
#14479 = CARTESIAN_POINT('',(-59.00299835205,-116.625,6.349999904633));
#14480 = VECTOR('',#14481,1.);
#14481 = DIRECTION('',(0.,-1.,0.));
#14482 = PLANE('',#14483);
#14483 = AXIS2_PLACEMENT_3D('',#14484,#14485,#14486);
#14484 = CARTESIAN_POINT('',(-63.13223039311,-130.3832393745,
    6.349999904633));
#14485 = DIRECTION('',(0.,0.,1.));
#14486 = DIRECTION('',(1.,0.,-0.));
#14487 = ADVANCED_FACE('',(#14488),#14505,.F.);
#14488 = FACE_BOUND('',#14489,.F.);
#14489 = EDGE_LOOP('',(#14490,#14491,#14499));
#14490 = ORIENTED_EDGE('',*,*,#14469,.T.);
#14491 = ORIENTED_EDGE('',*,*,#14492,.T.);
#14492 = EDGE_CURVE('',#12961,#14493,#14495,.T.);
#14493 = VERTEX_POINT('',#14494);
#14494 = CARTESIAN_POINT('',(-59.00299835205,-126.625,6.349999904633));
#14495 = LINE('',#14496,#14497);
#14496 = CARTESIAN_POINT('',(-68.,-144.,6.349999904633));
#14497 = VECTOR('',#14498,1.);
#14498 = DIRECTION('',(0.459823368538,0.888010399571,0.));
#14499 = ORIENTED_EDGE('',*,*,#14500,.T.);
#14500 = EDGE_CURVE('',#14493,#14470,#14501,.T.);
#14501 = LINE('',#14502,#14503);
#14502 = CARTESIAN_POINT('',(-59.00299835205,-126.625,6.349999904633));
#14503 = VECTOR('',#14504,1.);
#14504 = DIRECTION('',(0.,1.,0.));
#14505 = PLANE('',#14506);
#14506 = AXIS2_PLACEMENT_3D('',#14507,#14508,#14509);
#14507 = CARTESIAN_POINT('',(-63.02141960571,-132.8064218829,
    6.349999904633));
#14508 = DIRECTION('',(0.,0.,1.));
#14509 = DIRECTION('',(1.,0.,-0.));
#14510 = ADVANCED_FACE('',(#14511),#14528,.F.);
#14511 = FACE_BOUND('',#14512,.F.);
#14512 = EDGE_LOOP('',(#14513,#14514,#14522));
#14513 = ORIENTED_EDGE('',*,*,#14492,.F.);
#14514 = ORIENTED_EDGE('',*,*,#14515,.T.);
#14515 = EDGE_CURVE('',#12961,#14516,#14518,.T.);
#14516 = VERTEX_POINT('',#14517);
#14517 = CARTESIAN_POINT('',(-38.99800109863,-126.625,6.349999904633));
#14518 = LINE('',#14519,#14520);
#14519 = CARTESIAN_POINT('',(-68.,-144.,6.349999904633));
#14520 = VECTOR('',#14521,1.);
#14521 = DIRECTION('',(0.857834620053,0.513925835737,0.));
#14522 = ORIENTED_EDGE('',*,*,#14523,.T.);
#14523 = EDGE_CURVE('',#14516,#14493,#14524,.T.);
#14524 = LINE('',#14525,#14526);
#14525 = CARTESIAN_POINT('',(-38.99800109863,-126.625,6.349999904633));
#14526 = VECTOR('',#14527,1.);
#14527 = DIRECTION('',(-1.,0.,0.));
#14528 = PLANE('',#14529);
#14529 = AXIS2_PLACEMENT_3D('',#14530,#14531,#14532);
#14530 = CARTESIAN_POINT('',(-54.93970791086,-132.9440837352,
    6.349999904633));
#14531 = DIRECTION('',(0.,0.,1.));
#14532 = DIRECTION('',(1.,0.,-0.));
#14533 = ADVANCED_FACE('',(#14534),#14544,.F.);
#14534 = FACE_BOUND('',#14535,.F.);
#14535 = EDGE_LOOP('',(#14536,#14542,#14543));
#14536 = ORIENTED_EDGE('',*,*,#14537,.T.);
#14537 = EDGE_CURVE('',#14470,#14419,#14538,.T.);
#14538 = LINE('',#14539,#14540);
#14539 = CARTESIAN_POINT('',(-59.00299835205,-121.3789978027,
    6.349999904633));
#14540 = VECTOR('',#14541,1.);
#14541 = DIRECTION('',(1.,0.,0.));
#14542 = ORIENTED_EDGE('',*,*,#14418,.T.);
#14543 = ORIENTED_EDGE('',*,*,#14477,.T.);
#14544 = PLANE('',#14545);
#14545 = AXIS2_PLACEMENT_3D('',#14546,#14547,#14548);
#14546 = CARTESIAN_POINT('',(-50.04972073061,-120.0512199066,
    6.349999904633));
#14547 = DIRECTION('',(0.,0.,1.));
#14548 = DIRECTION('',(1.,0.,-0.));
#14549 = ADVANCED_FACE('',(#14550),#14567,.F.);
#14550 = FACE_BOUND('',#14551,.F.);
#14551 = EDGE_LOOP('',(#14552,#14560,#14561));
#14552 = ORIENTED_EDGE('',*,*,#14553,.T.);
#14553 = EDGE_CURVE('',#14554,#14516,#14556,.T.);
#14554 = VERTEX_POINT('',#14555);
#14555 = CARTESIAN_POINT('',(28.997999191284,-127.625,6.349999904633));
#14556 = LINE('',#14557,#14558);
#14557 = CARTESIAN_POINT('',(28.997999191284,-127.625,6.349999904633));
#14558 = VECTOR('',#14559,1.);
#14559 = DIRECTION('',(-0.99989187333,1.470515720141E-02,0.));
#14560 = ORIENTED_EDGE('',*,*,#14515,.F.);
#14561 = ORIENTED_EDGE('',*,*,#14562,.T.);
#14562 = EDGE_CURVE('',#12961,#14554,#14563,.T.);
#14563 = LINE('',#14564,#14565);
#14564 = CARTESIAN_POINT('',(-68.,-144.,6.349999904633));
#14565 = VECTOR('',#14566,1.);
#14566 = DIRECTION('',(0.98604778074,0.166462530611,0.));
#14567 = PLANE('',#14568);
#14568 = AXIS2_PLACEMENT_3D('',#14569,#14570,#14571);
#14569 = CARTESIAN_POINT('',(-20.3167607852,-132.7768491607,
    6.349999904633));
#14570 = DIRECTION('',(0.,0.,1.));
#14571 = DIRECTION('',(1.,0.,-0.));
#14572 = ADVANCED_FACE('',(#14573),#14588,.F.);
#14573 = FACE_BOUND('',#14574,.F.);
#14574 = EDGE_LOOP('',(#14575,#14581,#14587));
#14575 = ORIENTED_EDGE('',*,*,#14576,.T.);
#14576 = EDGE_CURVE('',#12961,#12118,#14577,.T.);
#14577 = LINE('',#14578,#14579);
#14578 = CARTESIAN_POINT('',(-68.,-144.,6.349999904633));
#14579 = VECTOR('',#14580,1.);
#14580 = DIRECTION('',(1.,0.,0.));
#14581 = ORIENTED_EDGE('',*,*,#14582,.T.);
#14582 = EDGE_CURVE('',#12118,#14554,#14583,.T.);
#14583 = LINE('',#14584,#14585);
#14584 = CARTESIAN_POINT('',(57.,-144.,6.349999904633));
#14585 = VECTOR('',#14586,1.);
#14586 = DIRECTION('',(-0.863235008254,0.504802258835,0.));
#14587 = ORIENTED_EDGE('',*,*,#14562,.F.);
#14588 = PLANE('',#14589);
#14589 = AXIS2_PLACEMENT_3D('',#14590,#14591,#14592);
#14590 = CARTESIAN_POINT('',(-4.734010751832,-139.8132887892,
    6.349999904633));
#14591 = DIRECTION('',(0.,0.,1.));
#14592 = DIRECTION('',(1.,0.,-0.));
#14593 = ADVANCED_FACE('',(#14594),#14604,.F.);
#14594 = FACE_BOUND('',#14595,.F.);
#14595 = EDGE_LOOP('',(#14596,#14602,#14603));
#14596 = ORIENTED_EDGE('',*,*,#14597,.T.);
#14597 = EDGE_CURVE('',#13183,#13492,#14598,.T.);
#14598 = LINE('',#14599,#14600);
#14599 = CARTESIAN_POINT('',(28.997999191284,-116.3069992065,
    6.083000183105));
#14600 = VECTOR('',#14601,1.);
#14601 = DIRECTION('',(0.,-0.980091512459,0.198546284795));
#14602 = ORIENTED_EDGE('',*,*,#13491,.F.);
#14603 = ORIENTED_EDGE('',*,*,#13405,.F.);
#14604 = PLANE('',#14605);
#14605 = AXIS2_PLACEMENT_3D('',#14606,#14607,#14608);
#14606 = CARTESIAN_POINT('',(28.997999191284,-116.9663132503,
    6.21533616857));
#14607 = DIRECTION('',(1.,0.,0.));
#14608 = DIRECTION('',(-0.,0.,1.));
#14609 = ADVANCED_FACE('',(#14610),#14620,.F.);
#14610 = FACE_BOUND('',#14611,.F.);
#14611 = EDGE_LOOP('',(#14612,#14618,#14619));
#14612 = ORIENTED_EDGE('',*,*,#14613,.T.);
#14613 = EDGE_CURVE('',#13175,#13492,#14614,.T.);
#14614 = LINE('',#14615,#14616);
#14615 = CARTESIAN_POINT('',(28.997999191284,-115.0009994506,
    5.998000144958));
#14616 = VECTOR('',#14617,1.);
#14617 = DIRECTION('',(0.,-0.991122038089,0.132955276746));
#14618 = ORIENTED_EDGE('',*,*,#14597,.F.);
#14619 = ORIENTED_EDGE('',*,*,#13182,.F.);
#14620 = PLANE('',#14621);
#14621 = AXIS2_PLACEMENT_3D('',#14622,#14623,#14624);
#14622 = CARTESIAN_POINT('',(28.997999191284,-116.3159541357,
    6.151821969916));
#14623 = DIRECTION('',(1.,0.,0.));
#14624 = DIRECTION('',(-0.,0.,1.));
#14625 = ADVANCED_FACE('',(#14626),#14636,.F.);
#14626 = FACE_BOUND('',#14627,.F.);
#14627 = EDGE_LOOP('',(#14628,#14634,#14635));
#14628 = ORIENTED_EDGE('',*,*,#14629,.T.);
#14629 = EDGE_CURVE('',#13366,#13492,#14630,.T.);
#14630 = LINE('',#14631,#14632);
#14631 = CARTESIAN_POINT('',(28.997999191284,-113.6959991455,
    6.083000183105));
#14632 = VECTOR('',#14633,1.);
#14633 = DIRECTION('',(0.,-0.997698948397,6.779976672321E-02));
#14634 = ORIENTED_EDGE('',*,*,#14613,.F.);
#14635 = ORIENTED_EDGE('',*,*,#13591,.F.);
#14636 = PLANE('',#14637);
#14637 = AXIS2_PLACEMENT_3D('',#14638,#14639,#14640);
#14638 = CARTESIAN_POINT('',(28.997999191284,-115.6619829283,
    6.173085482204));
#14639 = DIRECTION('',(1.,0.,0.));
#14640 = DIRECTION('',(-0.,0.,1.));
#14641 = ADVANCED_FACE('',(#14642),#14652,.F.);
#14642 = FACE_BOUND('',#14643,.F.);
#14643 = EDGE_LOOP('',(#14644,#14650,#14651));
#14644 = ORIENTED_EDGE('',*,*,#14645,.T.);
#14645 = EDGE_CURVE('',#13343,#13492,#14646,.T.);
#14646 = LINE('',#14647,#14648);
#14647 = CARTESIAN_POINT('',(28.997999191284,-112.4130020141,
    6.337999820709));
#14648 = VECTOR('',#14649,1.);
#14649 = DIRECTION('',(0.,-0.999997349497,2.302390014286E-03));
#14650 = ORIENTED_EDGE('',*,*,#14629,.F.);
#14651 = ORIENTED_EDGE('',*,*,#13374,.F.);
#14652 = PLANE('',#14653);
#14653 = AXIS2_PLACEMENT_3D('',#14654,#14655,#14656);
#14654 = CARTESIAN_POINT('',(28.997999191284,-115.0148428066,
    6.279291348315));
#14655 = DIRECTION('',(1.,0.,0.));
#14656 = DIRECTION('',(-0.,0.,1.));
#14657 = ADVANCED_FACE('',(#14658),#14663,.F.);
#14658 = FACE_BOUND('',#14659,.F.);
#14659 = EDGE_LOOP('',(#14660,#14661,#14662));
#14660 = ORIENTED_EDGE('',*,*,#14083,.F.);
#14661 = ORIENTED_EDGE('',*,*,#14645,.F.);
#14662 = ORIENTED_EDGE('',*,*,#13342,.F.);
#14663 = PLANE('',#14664);
#14664 = AXIS2_PLACEMENT_3D('',#14665,#14666,#14667);
#14665 = CARTESIAN_POINT('',(28.997999191284,-115.0010026723,
    6.346999308103));
#14666 = DIRECTION('',(1.,0.,0.));
#14667 = DIRECTION('',(-0.,0.,1.));
#14668 = ADVANCED_FACE('',(#14669),#14679,.F.);
#14669 = FACE_BOUND('',#14670,.F.);
#14670 = EDGE_LOOP('',(#14671,#14672,#14673));
#14671 = ORIENTED_EDGE('',*,*,#14171,.F.);
#14672 = ORIENTED_EDGE('',*,*,#14426,.F.);
#14673 = ORIENTED_EDGE('',*,*,#14674,.F.);
#14674 = EDGE_CURVE('',#7064,#14419,#14675,.T.);
#14675 = LINE('',#14676,#14677);
#14676 = CARTESIAN_POINT('',(-9.239000320435,-109.8170013427,
    6.349999904633));
#14677 = VECTOR('',#14678,1.);
#14678 = DIRECTION('',(-0.932120464751,-0.362148366272,0.));
#14679 = PLANE('',#14680);
#14680 = AXIS2_PLACEMENT_3D('',#14681,#14682,#14683);
#14681 = CARTESIAN_POINT('',(-25.1710120086,-114.7590814246,
    6.349999904633));
#14682 = DIRECTION('',(0.,0.,1.));
#14683 = DIRECTION('',(1.,0.,-0.));
#14684 = ADVANCED_FACE('',(#14685),#14700,.F.);
#14685 = FACE_BOUND('',#14686,.F.);
#14686 = EDGE_LOOP('',(#14687,#14688,#14694));
#14687 = ORIENTED_EDGE('',*,*,#14674,.T.);
#14688 = ORIENTED_EDGE('',*,*,#14689,.T.);
#14689 = EDGE_CURVE('',#14419,#14516,#14690,.T.);
#14690 = LINE('',#14691,#14692);
#14691 = CARTESIAN_POINT('',(-38.99800109863,-121.3789978027,
    6.349999904633));
#14692 = VECTOR('',#14693,1.);
#14693 = DIRECTION('',(0.,-1.,0.));
#14694 = ORIENTED_EDGE('',*,*,#14695,.T.);
#14695 = EDGE_CURVE('',#14516,#7064,#14696,.T.);
#14696 = LINE('',#14697,#14698);
#14697 = CARTESIAN_POINT('',(-38.99800109863,-126.625,6.349999904633));
#14698 = VECTOR('',#14699,1.);
#14699 = DIRECTION('',(0.870717035582,0.491784346993,0.));
#14700 = PLANE('',#14701);
#14701 = AXIS2_PLACEMENT_3D('',#14702,#14703,#14704);
#14702 = CARTESIAN_POINT('',(-25.21251900136,-117.4723620767,
    6.349999904633));
#14703 = DIRECTION('',(0.,0.,1.));
#14704 = DIRECTION('',(1.,0.,-0.));
#14705 = ADVANCED_FACE('',(#14706),#14723,.F.);
#14706 = FACE_BOUND('',#14707,.F.);
#14707 = EDGE_LOOP('',(#14708,#14716,#14717));
#14708 = ORIENTED_EDGE('',*,*,#14709,.T.);
#14709 = EDGE_CURVE('',#14710,#14554,#14712,.T.);
#14710 = VERTEX_POINT('',#14711);
#14711 = CARTESIAN_POINT('',(49.002998352051,-127.625,6.349999904633));
#14712 = LINE('',#14713,#14714);
#14713 = CARTESIAN_POINT('',(49.002998352051,-127.625,6.349999904633));
#14714 = VECTOR('',#14715,1.);
#14715 = DIRECTION('',(-1.,0.,0.));
#14716 = ORIENTED_EDGE('',*,*,#14582,.F.);
#14717 = ORIENTED_EDGE('',*,*,#14718,.F.);
#14718 = EDGE_CURVE('',#14710,#12118,#14719,.T.);
#14719 = LINE('',#14720,#14721);
#14720 = CARTESIAN_POINT('',(49.002998352051,-127.625,6.349999904633));
#14721 = VECTOR('',#14722,1.);
#14722 = DIRECTION('',(0.43883124994,-0.898569493181,0.));
#14723 = PLANE('',#14724);
#14724 = AXIS2_PLACEMENT_3D('',#14725,#14726,#14727);
#14725 = CARTESIAN_POINT('',(44.446490708865,-133.4947099308,
    6.349999904633));
#14726 = DIRECTION('',(0.,0.,1.));
#14727 = DIRECTION('',(1.,0.,-0.));
#14728 = ADVANCED_FACE('',(#14729),#14746,.F.);
#14729 = FACE_BOUND('',#14730,.F.);
#14730 = EDGE_LOOP('',(#14731,#14732,#14740));
#14731 = ORIENTED_EDGE('',*,*,#14718,.T.);
#14732 = ORIENTED_EDGE('',*,*,#14733,.T.);
#14733 = EDGE_CURVE('',#12118,#14734,#14736,.T.);
#14734 = VERTEX_POINT('',#14735);
#14735 = CARTESIAN_POINT('',(49.002998352051,-122.3789978027,
    6.349999904633));
#14736 = LINE('',#14737,#14738);
#14737 = CARTESIAN_POINT('',(57.,-144.,6.349999904633));
#14738 = VECTOR('',#14739,1.);
#14739 = DIRECTION('',(-0.346903220292,0.93790093067,0.));
#14740 = ORIENTED_EDGE('',*,*,#14741,.T.);
#14741 = EDGE_CURVE('',#14734,#14710,#14742,.T.);
#14742 = LINE('',#14743,#14744);
#14743 = CARTESIAN_POINT('',(49.002998352051,-122.3789978027,
    6.349999904633));
#14744 = VECTOR('',#14745,1.);
#14745 = DIRECTION('',(0.,-1.,0.));
#14746 = PLANE('',#14747);
#14747 = AXIS2_PLACEMENT_3D('',#14748,#14749,#14750);
#14748 = CARTESIAN_POINT('',(52.550612194923,-133.2937159438,
    6.349999904633));
#14749 = DIRECTION('',(0.,0.,1.));
#14750 = DIRECTION('',(1.,0.,-0.));
#14751 = ADVANCED_FACE('',(#14752),#14767,.F.);
#14752 = FACE_BOUND('',#14753,.F.);
#14753 = EDGE_LOOP('',(#14754,#14760,#14766));
#14754 = ORIENTED_EDGE('',*,*,#14755,.T.);
#14755 = EDGE_CURVE('',#12462,#6511,#14756,.T.);
#14756 = LINE('',#14757,#14758);
#14757 = CARTESIAN_POINT('',(28.997999191284,-107.5889968872,
    6.337999820709));
#14758 = VECTOR('',#14759,1.);
#14759 = DIRECTION('',(0.,0.999997349497,2.302390014286E-03));
#14760 = ORIENTED_EDGE('',*,*,#14761,.T.);
#14761 = EDGE_CURVE('',#6511,#13606,#14762,.T.);
#14762 = LINE('',#14763,#14764);
#14763 = CARTESIAN_POINT('',(28.997999191284,-102.3769989013,
    6.349999904633));
#14764 = VECTOR('',#14765,1.);
#14765 = DIRECTION('',(0.,-1.,0.));
#14766 = ORIENTED_EDGE('',*,*,#13954,.F.);
#14767 = PLANE('',#14768);
#14768 = AXIS2_PLACEMENT_3D('',#14769,#14770,#14771);
#14769 = CARTESIAN_POINT('',(28.997999191284,-105.000996229,
    6.346999308103));
#14770 = DIRECTION('',(1.,0.,0.));
#14771 = DIRECTION('',(-0.,0.,1.));
#14772 = ADVANCED_FACE('',(#14773),#14778,.F.);
#14773 = FACE_BOUND('',#14774,.F.);
#14774 = EDGE_LOOP('',(#14775,#14776,#14777));
#14775 = ORIENTED_EDGE('',*,*,#6510,.F.);
#14776 = ORIENTED_EDGE('',*,*,#14755,.F.);
#14777 = ORIENTED_EDGE('',*,*,#13797,.F.);
#14778 = PLANE('',#14779);
#14779 = AXIS2_PLACEMENT_3D('',#14780,#14781,#14782);
#14780 = CARTESIAN_POINT('',(28.997999191284,-104.9871560946,
    6.279291348315));
#14781 = DIRECTION('',(1.,0.,0.));
#14782 = DIRECTION('',(-0.,0.,1.));
#14783 = ADVANCED_FACE('',(#14784),#14794,.F.);
#14784 = FACE_BOUND('',#14785,.F.);
#14785 = EDGE_LOOP('',(#14786,#14787,#14788));
#14786 = ORIENTED_EDGE('',*,*,#12282,.F.);
#14787 = ORIENTED_EDGE('',*,*,#12250,.F.);
#14788 = ORIENTED_EDGE('',*,*,#14789,.T.);
#14789 = EDGE_CURVE('',#6511,#12274,#14790,.T.);
#14790 = LINE('',#14791,#14792);
#14791 = CARTESIAN_POINT('',(28.997999191284,-102.3769989013,
    6.349999904633));
#14792 = VECTOR('',#14793,1.);
#14793 = DIRECTION('',(0.,-0.980091512459,-0.198546284795));
#14794 = PLANE('',#14795);
#14795 = AXIS2_PLACEMENT_3D('',#14796,#14797,#14798);
#14796 = CARTESIAN_POINT('',(28.997999191284,-103.035685651,
    6.21533616857));
#14797 = DIRECTION('',(1.,0.,0.));
#14798 = DIRECTION('',(-0.,0.,1.));
#14799 = ADVANCED_FACE('',(#14800),#14805,.F.);
#14800 = FACE_BOUND('',#14801,.F.);
#14801 = EDGE_LOOP('',(#14802,#14803,#14804));
#14802 = ORIENTED_EDGE('',*,*,#6528,.F.);
#14803 = ORIENTED_EDGE('',*,*,#14131,.F.);
#14804 = ORIENTED_EDGE('',*,*,#14789,.F.);
#14805 = PLANE('',#14806);
#14806 = AXIS2_PLACEMENT_3D('',#14807,#14808,#14809);
#14807 = CARTESIAN_POINT('',(28.997999191284,-103.6860447656,
    6.151821969916));
#14808 = DIRECTION('',(1.,0.,0.));
#14809 = DIRECTION('',(-0.,0.,1.));
#14810 = ADVANCED_FACE('',(#14811),#14816,.F.);
#14811 = FACE_BOUND('',#14812,.F.);
#14812 = EDGE_LOOP('',(#14813,#14814,#14815));
#14813 = ORIENTED_EDGE('',*,*,#13065,.F.);
#14814 = ORIENTED_EDGE('',*,*,#12863,.F.);
#14815 = ORIENTED_EDGE('',*,*,#13042,.F.);
#14816 = PLANE('',#14817);
#14817 = AXIS2_PLACEMENT_3D('',#14818,#14819,#14820);
#14818 = CARTESIAN_POINT('',(-63.2800176755,-120.3351210556,
    6.349999904633));
#14819 = DIRECTION('',(0.,0.,1.));
#14820 = DIRECTION('',(1.,0.,-0.));
#14821 = ADVANCED_FACE('',(#14822),#14832,.F.);
#14822 = FACE_BOUND('',#14823,.F.);
#14823 = EDGE_LOOP('',(#14824,#14830,#14831));
#14824 = ORIENTED_EDGE('',*,*,#14825,.T.);
#14825 = EDGE_CURVE('',#14441,#11446,#14826,.T.);
#14826 = LINE('',#14827,#14828);
#14827 = CARTESIAN_POINT('',(-59.00299835205,-111.377998352,
    6.349999904633));
#14828 = VECTOR('',#14829,1.);
#14829 = DIRECTION('',(0.,1.,0.));
#14830 = ORIENTED_EDGE('',*,*,#13058,.F.);
#14831 = ORIENTED_EDGE('',*,*,#14440,.F.);
#14832 = PLANE('',#14833);
#14833 = AXIS2_PLACEMENT_3D('',#14834,#14835,#14836);
#14834 = CARTESIAN_POINT('',(-63.22389604712,-125.3495796174,
    6.349999904633));
#14835 = DIRECTION('',(0.,0.,1.));
#14836 = DIRECTION('',(1.,0.,-0.));
#14837 = ADVANCED_FACE('',(#14838),#14848,.F.);
#14838 = FACE_BOUND('',#14839,.F.);
#14839 = EDGE_LOOP('',(#14840,#14846,#14847));
#14840 = ORIENTED_EDGE('',*,*,#14841,.T.);
#14841 = EDGE_CURVE('',#11620,#13931,#14842,.T.);
#14842 = LINE('',#14843,#14844);
#14843 = CARTESIAN_POINT('',(28.997999191284,-83.69400024414,
    6.083000183105));
#14844 = VECTOR('',#14845,1.);
#14845 = DIRECTION('',(0.,-0.997888724128,-6.494685717728E-02));
#14846 = ORIENTED_EDGE('',*,*,#13930,.F.);
#14847 = ORIENTED_EDGE('',*,*,#12392,.F.);
#14848 = PLANE('',#14849);
#14849 = AXIS2_PLACEMENT_3D('',#14850,#14851,#14852);
#14850 = CARTESIAN_POINT('',(38.683999317411,-84.66283135866,
    6.01994451918));
#14851 = DIRECTION('',(0.,-6.494685717728E-02,0.997888724128));
#14852 = DIRECTION('',(0.,0.997888724128,6.494685717728E-02));
#14853 = ADVANCED_FACE('',(#14854),#14869,.F.);
#14854 = FACE_BOUND('',#14855,.F.);
#14855 = EDGE_LOOP('',(#14856,#14857,#14863));
#14856 = ORIENTED_EDGE('',*,*,#13499,.F.);
#14857 = ORIENTED_EDGE('',*,*,#14858,.T.);
#14858 = EDGE_CURVE('',#13492,#14734,#14859,.T.);
#14859 = LINE('',#14860,#14861);
#14860 = CARTESIAN_POINT('',(28.997999191284,-117.625,6.349999904633));
#14861 = VECTOR('',#14862,1.);
#14862 = DIRECTION('',(0.972905813089,-0.231201814133,0.));
#14863 = ORIENTED_EDGE('',*,*,#14864,.T.);
#14864 = EDGE_CURVE('',#14734,#13297,#14865,.T.);
#14865 = LINE('',#14866,#14867);
#14866 = CARTESIAN_POINT('',(49.002998352051,-122.3789978027,
    6.349999904633));
#14867 = VECTOR('',#14868,1.);
#14868 = DIRECTION('',(0.,1.,0.));
#14869 = PLANE('',#14870);
#14870 = AXIS2_PLACEMENT_3D('',#14871,#14872,#14873);
#14871 = CARTESIAN_POINT('',(40.049719789863,-118.9527778831,
    6.349999904633));
#14872 = DIRECTION('',(0.,0.,1.));
#14873 = DIRECTION('',(1.,0.,-0.));
#14874 = ADVANCED_FACE('',(#14875),#14892,.F.);
#14875 = FACE_BOUND('',#14876,.F.);
#14876 = EDGE_LOOP('',(#14877,#14885,#14891));
#14877 = ORIENTED_EDGE('',*,*,#14878,.T.);
#14878 = EDGE_CURVE('',#13492,#14879,#14881,.T.);
#14879 = VERTEX_POINT('',#14880);
#14880 = CARTESIAN_POINT('',(28.997999191284,-122.3789978027,
    6.349999904633));
#14881 = LINE('',#14882,#14883);
#14882 = CARTESIAN_POINT('',(28.997999191284,-117.625,6.349999904633));
#14883 = VECTOR('',#14884,1.);
#14884 = DIRECTION('',(0.,-1.,0.));
#14885 = ORIENTED_EDGE('',*,*,#14886,.T.);
#14886 = EDGE_CURVE('',#14879,#14734,#14887,.T.);
#14887 = LINE('',#14888,#14889);
#14888 = CARTESIAN_POINT('',(28.997999191284,-122.3789978027,
    6.349999904633));
#14889 = VECTOR('',#14890,1.);
#14890 = DIRECTION('',(1.,0.,0.));
#14891 = ORIENTED_EDGE('',*,*,#14858,.F.);
#14892 = PLANE('',#14893);
#14893 = AXIS2_PLACEMENT_3D('',#14894,#14895,#14896);
#14894 = CARTESIAN_POINT('',(37.951277753472,-121.0512199195,
    6.349999904633));
#14895 = DIRECTION('',(0.,0.,1.));
#14896 = DIRECTION('',(1.,0.,-0.));
#14897 = ADVANCED_FACE('',(#14898),#14903,.F.);
#14898 = FACE_BOUND('',#14899,.F.);
#14899 = EDGE_LOOP('',(#14900,#14901,#14902));
#14900 = ORIENTED_EDGE('',*,*,#14733,.F.);
#14901 = ORIENTED_EDGE('',*,*,#13428,.F.);
#14902 = ORIENTED_EDGE('',*,*,#14864,.F.);
#14903 = PLANE('',#14904);
#14904 = AXIS2_PLACEMENT_3D('',#14905,#14906,#14907);
#14905 = CARTESIAN_POINT('',(52.658175928396,-130.8739582192,
    6.349999904633));
#14906 = DIRECTION('',(0.,0.,1.));
#14907 = DIRECTION('',(1.,0.,-0.));
#14908 = ADVANCED_FACE('',(#14909),#14926,.F.);
#14909 = FACE_BOUND('',#14910,.F.);
#14910 = EDGE_LOOP('',(#14911,#14919,#14920));
#14911 = ORIENTED_EDGE('',*,*,#14912,.T.);
#14912 = EDGE_CURVE('',#14913,#12961,#14915,.T.);
#14913 = VERTEX_POINT('',#14914);
#14914 = CARTESIAN_POINT('',(-68.,-144.,1.965094753587E-14));
#14915 = LINE('',#14916,#14917);
#14916 = CARTESIAN_POINT('',(-68.,-144.,1.965094753587E-14));
#14917 = VECTOR('',#14918,1.);
#14918 = DIRECTION('',(0.,0.,1.));
#14919 = ORIENTED_EDGE('',*,*,#13526,.F.);
#14920 = ORIENTED_EDGE('',*,*,#14921,.T.);
#14921 = EDGE_CURVE('',#7881,#14913,#14922,.T.);
#14922 = LINE('',#14923,#14924);
#14923 = CARTESIAN_POINT('',(-68.,-33.,6.349999904633));
#14924 = VECTOR('',#14925,1.);
#14925 = DIRECTION('',(0.,-0.998367673223,-5.711382549331E-02));
#14926 = PLANE('',#14927);
#14927 = AXIS2_PLACEMENT_3D('',#14928,#14929,#14930);
#14928 = CARTESIAN_POINT('',(-68.,-90.0421288476,4.717128799916));
#14929 = DIRECTION('',(-1.,-0.,-0.));
#14930 = DIRECTION('',(0.,0.,-1.));
#14931 = ADVANCED_FACE('',(#14932),#14942,.F.);
#14932 = FACE_BOUND('',#14933,.F.);
#14933 = EDGE_LOOP('',(#14934,#14935,#14936));
#14934 = ORIENTED_EDGE('',*,*,#14921,.F.);
#14935 = ORIENTED_EDGE('',*,*,#8335,.F.);
#14936 = ORIENTED_EDGE('',*,*,#14937,.T.);
#14937 = EDGE_CURVE('',#8336,#14913,#14938,.T.);
#14938 = LINE('',#14939,#14940);
#14939 = CARTESIAN_POINT('',(-68.,-33.,1.965094753587E-14));
#14940 = VECTOR('',#14941,1.);
#14941 = DIRECTION('',(0.,-1.,0.));
#14942 = PLANE('',#14943);
#14943 = AXIS2_PLACEMENT_3D('',#14944,#14945,#14946);
#14944 = CARTESIAN_POINT('',(-68.,-86.9578711524,1.632871104717));
#14945 = DIRECTION('',(-1.,-0.,-0.));
#14946 = DIRECTION('',(0.,0.,-1.));
#14947 = ADVANCED_FACE('',(#14948),#14958,.F.);
#14948 = FACE_BOUND('',#14949,.F.);
#14949 = EDGE_LOOP('',(#14950,#14951,#14952));
#14950 = ORIENTED_EDGE('',*,*,#14401,.F.);
#14951 = ORIENTED_EDGE('',*,*,#10237,.F.);
#14952 = ORIENTED_EDGE('',*,*,#14953,.T.);
#14953 = EDGE_CURVE('',#7359,#11075,#14954,.T.);
#14954 = LINE('',#14955,#14956);
#14955 = CARTESIAN_POINT('',(28.997999191284,-87.62300109863,
    6.349999904633));
#14956 = VECTOR('',#14957,1.);
#14957 = DIRECTION('',(0.,0.999997349497,-2.302390014286E-03));
#14958 = PLANE('',#14959);
#14959 = AXIS2_PLACEMENT_3D('',#14960,#14961,#14962);
#14960 = CARTESIAN_POINT('',(28.997999191284,-84.99900377095,
    6.346999308103));
#14961 = DIRECTION('',(1.,0.,0.));
#14962 = DIRECTION('',(-0.,0.,1.));
#14963 = ADVANCED_FACE('',(#14964),#14974,.F.);
#14964 = FACE_BOUND('',#14965,.F.);
#14965 = EDGE_LOOP('',(#14966,#14972,#14973));
#14966 = ORIENTED_EDGE('',*,*,#14967,.T.);
#14967 = EDGE_CURVE('',#7359,#11620,#14968,.T.);
#14968 = LINE('',#14969,#14970);
#14969 = CARTESIAN_POINT('',(28.997999191284,-87.62300109863,
    6.349999904633));
#14970 = VECTOR('',#14971,1.);
#14971 = DIRECTION('',(0.,0.997698948397,-6.779976672321E-02));
#14972 = ORIENTED_EDGE('',*,*,#11619,.F.);
#14973 = ORIENTED_EDGE('',*,*,#14953,.F.);
#14974 = PLANE('',#14975);
#14975 = AXIS2_PLACEMENT_3D('',#14976,#14977,#14978);
#14976 = CARTESIAN_POINT('',(28.997999191284,-85.01284390532,
    6.279291348315));
#14977 = DIRECTION('',(1.,0.,0.));
#14978 = DIRECTION('',(-0.,0.,1.));
#14979 = ADVANCED_FACE('',(#14980),#14990,.F.);
#14980 = FACE_BOUND('',#14981,.F.);
#14981 = EDGE_LOOP('',(#14982,#14983,#14984));
#14982 = ORIENTED_EDGE('',*,*,#13780,.F.);
#14983 = ORIENTED_EDGE('',*,*,#14098,.F.);
#14984 = ORIENTED_EDGE('',*,*,#14985,.T.);
#14985 = EDGE_CURVE('',#13908,#7359,#14986,.T.);
#14986 = LINE('',#14987,#14988);
#14987 = CARTESIAN_POINT('',(28.997999191284,-86.30500030517,
    6.083000183105));
#14988 = VECTOR('',#14989,1.);
#14989 = DIRECTION('',(0.,-0.980091512459,0.198546284795));
#14990 = PLANE('',#14991);
#14991 = AXIS2_PLACEMENT_3D('',#14992,#14993,#14994);
#14992 = CARTESIAN_POINT('',(28.997999191284,-86.96431434895,
    6.21533616857));
#14993 = DIRECTION('',(1.,0.,0.));
#14994 = DIRECTION('',(-0.,0.,1.));
#14995 = ADVANCED_FACE('',(#14996),#15006,.F.);
#14996 = FACE_BOUND('',#14997,.F.);
#14997 = EDGE_LOOP('',(#14998,#14999,#15005));
#14998 = ORIENTED_EDGE('',*,*,#13938,.F.);
#14999 = ORIENTED_EDGE('',*,*,#15000,.T.);
#15000 = EDGE_CURVE('',#13931,#7359,#15001,.T.);
#15001 = LINE('',#15002,#15003);
#15002 = CARTESIAN_POINT('',(28.997999191284,-85.,5.998000144958));
#15003 = VECTOR('',#15004,1.);
#15004 = DIRECTION('',(0.,-0.991115361117,0.133005041098));
#15005 = ORIENTED_EDGE('',*,*,#14985,.F.);
#15006 = PLANE('',#15007);
#15007 = AXIS2_PLACEMENT_3D('',#15008,#15009,#15010);
#15008 = CARTESIAN_POINT('',(28.997999191284,-86.31445328065,
    6.151838776043));
#15009 = DIRECTION('',(1.,0.,0.));
#15010 = DIRECTION('',(-0.,0.,1.));
#15011 = ADVANCED_FACE('',(#15012),#15017,.F.);
#15012 = FACE_BOUND('',#15013,.F.);
#15013 = EDGE_LOOP('',(#15014,#15015,#15016));
#15014 = ORIENTED_EDGE('',*,*,#14841,.F.);
#15015 = ORIENTED_EDGE('',*,*,#14967,.F.);
#15016 = ORIENTED_EDGE('',*,*,#15000,.F.);
#15017 = PLANE('',#15018);
#15018 = AXIS2_PLACEMENT_3D('',#15019,#15020,#15021);
#15019 = CARTESIAN_POINT('',(28.997999191284,-85.659986774,
    6.173068615019));
#15020 = DIRECTION('',(1.,0.,0.));
#15021 = DIRECTION('',(-0.,0.,1.));
#15022 = ADVANCED_FACE('',(#15023),#15038,.F.);
#15023 = FACE_BOUND('',#15024,.F.);
#15024 = EDGE_LOOP('',(#15025,#15026,#15032));
#15025 = ORIENTED_EDGE('',*,*,#14077,.F.);
#15026 = ORIENTED_EDGE('',*,*,#15027,.T.);
#15027 = EDGE_CURVE('',#6456,#7064,#15028,.T.);
#15028 = LINE('',#15029,#15030);
#15029 = CARTESIAN_POINT('',(-3.237999916077,-103.816001892,
    6.349999904633));
#15030 = VECTOR('',#15031,1.);
#15031 = DIRECTION('',(-0.707106837373,-0.707106725,0.));
#15032 = ORIENTED_EDGE('',*,*,#15033,.T.);
#15033 = EDGE_CURVE('',#7064,#13492,#15034,.T.);
#15034 = LINE('',#15035,#15036);
#15035 = CARTESIAN_POINT('',(-9.239000320435,-109.8170013427,
    6.349999904633));
#15036 = VECTOR('',#15037,1.);
#15037 = DIRECTION('',(0.979781313755,-0.200071430286,0.));
#15038 = PLANE('',#15039);
#15039 = AXIS2_PLACEMENT_3D('',#15040,#15041,#15042);
#15040 = CARTESIAN_POINT('',(9.497291859379,-111.7372561079,
    6.349999904633));
#15041 = DIRECTION('',(0.,0.,1.));
#15042 = DIRECTION('',(1.,0.,-0.));
#15043 = ADVANCED_FACE('',(#15044),#15049,.F.);
#15044 = FACE_BOUND('',#15045,.F.);
#15045 = EDGE_LOOP('',(#15046,#15047,#15048));
#15046 = ORIENTED_EDGE('',*,*,#14063,.F.);
#15047 = ORIENTED_EDGE('',*,*,#14761,.F.);
#15048 = ORIENTED_EDGE('',*,*,#14003,.F.);
#15049 = PLANE('',#15050);
#15050 = AXIS2_PLACEMENT_3D('',#15051,#15052,#15053);
#15051 = CARTESIAN_POINT('',(14.088586706319,-104.4562597012,
    6.349999904633));
#15052 = DIRECTION('',(0.,0.,1.));
#15053 = DIRECTION('',(1.,0.,-0.));
#15054 = ADVANCED_FACE('',(#15055),#15065,.F.);
#15055 = FACE_BOUND('',#15056,.F.);
#15056 = EDGE_LOOP('',(#15057,#15058,#15059));
#15057 = ORIENTED_EDGE('',*,*,#11580,.F.);
#15058 = ORIENTED_EDGE('',*,*,#11548,.F.);
#15059 = ORIENTED_EDGE('',*,*,#15060,.T.);
#15060 = EDGE_CURVE('',#11446,#11581,#15061,.T.);
#15061 = LINE('',#15062,#15063);
#15062 = CARTESIAN_POINT('',(-59.00299835205,-106.6240005493,
    6.349999904633));
#15063 = VECTOR('',#15064,1.);
#15064 = DIRECTION('',(0.97290580813,-0.231201834998,0.));
#15065 = PLANE('',#15066);
#15066 = AXIS2_PLACEMENT_3D('',#15067,#15068,#15069);
#15067 = CARTESIAN_POINT('',(-47.95127872006,-107.9517784454,
    6.349999904633));
#15068 = DIRECTION('',(0.,0.,1.));
#15069 = DIRECTION('',(1.,0.,-0.));
#15070 = ADVANCED_FACE('',(#15071),#15081,.F.);
#15071 = FACE_BOUND('',#15072,.F.);
#15072 = EDGE_LOOP('',(#15073,#15074,#15080));
#15073 = ORIENTED_EDGE('',*,*,#14825,.F.);
#15074 = ORIENTED_EDGE('',*,*,#15075,.T.);
#15075 = EDGE_CURVE('',#14441,#11581,#15076,.T.);
#15076 = LINE('',#15077,#15078);
#15077 = CARTESIAN_POINT('',(-59.00299835205,-111.377998352,
    6.349999904633));
#15078 = VECTOR('',#15079,1.);
#15079 = DIRECTION('',(1.,0.,0.));
#15080 = ORIENTED_EDGE('',*,*,#15060,.F.);
#15081 = PLANE('',#15082);
#15082 = AXIS2_PLACEMENT_3D('',#15083,#15084,#15085);
#15083 = CARTESIAN_POINT('',(-50.04972073061,-110.0502204559,
    6.349999904633));
#15084 = DIRECTION('',(0.,0.,1.));
#15085 = DIRECTION('',(1.,0.,-0.));
#15086 = ADVANCED_FACE('',(#15087),#15102,.F.);
#15087 = FACE_BOUND('',#15088,.F.);
#15088 = EDGE_LOOP('',(#15089,#15095,#15096));
#15089 = ORIENTED_EDGE('',*,*,#15090,.T.);
#15090 = EDGE_CURVE('',#14913,#12641,#15091,.T.);
#15091 = LINE('',#15092,#15093);
#15092 = CARTESIAN_POINT('',(-68.,-144.,1.965094753587E-14));
#15093 = VECTOR('',#15094,1.);
#15094 = DIRECTION('',(1.,0.,0.));
#15095 = ORIENTED_EDGE('',*,*,#12640,.F.);
#15096 = ORIENTED_EDGE('',*,*,#15097,.T.);
#15097 = EDGE_CURVE('',#12118,#14913,#15098,.T.);
#15098 = LINE('',#15099,#15100);
#15099 = CARTESIAN_POINT('',(57.,-144.,6.349999904633));
#15100 = VECTOR('',#15101,1.);
#15101 = DIRECTION('',(-0.998712172069,0.,-5.073457757912E-02));
#15102 = PLANE('',#15103);
#15103 = AXIS2_PLACEMENT_3D('',#15104,#15105,#15106);
#15104 = CARTESIAN_POINT('',(-3.952796541681,-144.,1.627796493997));
#15105 = DIRECTION('',(-0.,-1.,-0.));
#15106 = DIRECTION('',(0.,0.,-1.));
#15107 = ADVANCED_FACE('',(#15108),#15113,.F.);
#15108 = FACE_BOUND('',#15109,.F.);
#15109 = EDGE_LOOP('',(#15110,#15111,#15112));
#15110 = ORIENTED_EDGE('',*,*,#14576,.F.);
#15111 = ORIENTED_EDGE('',*,*,#14912,.F.);
#15112 = ORIENTED_EDGE('',*,*,#15097,.F.);
#15113 = PLANE('',#15114);
#15114 = AXIS2_PLACEMENT_3D('',#15115,#15116,#15117);
#15115 = CARTESIAN_POINT('',(-7.047203458319,-144.,4.722203410635));
#15116 = DIRECTION('',(-0.,-1.,-0.));
#15117 = DIRECTION('',(0.,0.,-1.));
#15118 = ADVANCED_FACE('',(#15119),#15134,.F.);
#15119 = FACE_BOUND('',#15120,.F.);
#15120 = EDGE_LOOP('',(#15121,#15122,#15128));
#15121 = ORIENTED_EDGE('',*,*,#14033,.F.);
#15122 = ORIENTED_EDGE('',*,*,#15123,.T.);
#15123 = EDGE_CURVE('',#14034,#10259,#15124,.T.);
#15124 = LINE('',#15125,#15126);
#15125 = CARTESIAN_POINT('',(-3.237999916077,-85.24900054931,
    6.349999904633));
#15126 = VECTOR('',#15127,1.);
#15127 = DIRECTION('',(0.,0.,-1.));
#15128 = ORIENTED_EDGE('',*,*,#15129,.T.);
#15129 = EDGE_CURVE('',#10259,#7184,#15130,.T.);
#15130 = LINE('',#15131,#15132);
#15131 = CARTESIAN_POINT('',(-3.237999916077,-85.24900054931,
    2.99799990654));
#15132 = VECTOR('',#15133,1.);
#15133 = DIRECTION('',(0.,-0.808918046872,0.587921417746));
#15134 = PLANE('',#15135);
#15135 = AXIS2_PLACEMENT_3D('',#15136,#15137,#15138);
#15136 = CARTESIAN_POINT('',(-3.237999916077,-86.98936098481,
    5.23963922595));
#15137 = DIRECTION('',(-1.,-0.,-0.));
#15138 = DIRECTION('',(0.,0.,-1.));
#15139 = ADVANCED_FACE('',(#15140),#15157,.F.);
#15140 = FACE_BOUND('',#15141,.F.);
#15141 = EDGE_LOOP('',(#15142,#15150,#15151));
#15142 = ORIENTED_EDGE('',*,*,#15143,.T.);
#15143 = EDGE_CURVE('',#15144,#14710,#15146,.T.);
#15144 = VERTEX_POINT('',#15145);
#15145 = CARTESIAN_POINT('',(49.002998352051,-122.4140014648,
    6.337999820709));
#15146 = LINE('',#15147,#15148);
#15147 = CARTESIAN_POINT('',(49.002998352051,-122.4140014648,
    6.337999820709));
#15148 = VECTOR('',#15149,1.);
#15149 = DIRECTION('',(0.,-0.99999734848,2.302831602027E-03));
#15150 = ORIENTED_EDGE('',*,*,#14741,.F.);
#15151 = ORIENTED_EDGE('',*,*,#15152,.T.);
#15152 = EDGE_CURVE('',#14734,#15144,#15153,.T.);
#15153 = LINE('',#15154,#15155);
#15154 = CARTESIAN_POINT('',(49.002998352051,-122.3789978027,
    6.349999904633));
#15155 = VECTOR('',#15156,1.);
#15156 = DIRECTION('',(0.,-0.945955659646,-0.324295991318));
#15157 = PLANE('',#15158);
#15158 = AXIS2_PLACEMENT_3D('',#15159,#15160,#15161);
#15159 = CARTESIAN_POINT('',(49.002998352051,-125.0015023983,
    6.346999307992));
#15160 = DIRECTION('',(-1.,-0.,-0.));
#15161 = DIRECTION('',(0.,0.,-1.));
#15162 = ADVANCED_FACE('',(#15163),#15180,.F.);
#15163 = FACE_BOUND('',#15164,.F.);
#15164 = EDGE_LOOP('',(#15165,#15173,#15174));
#15165 = ORIENTED_EDGE('',*,*,#15166,.T.);
#15166 = EDGE_CURVE('',#15167,#14710,#15169,.T.);
#15167 = VERTEX_POINT('',#15168);
#15168 = CARTESIAN_POINT('',(49.002998352051,-123.6969985961,
    6.083000183105));
#15169 = LINE('',#15170,#15171);
#15170 = CARTESIAN_POINT('',(49.002998352051,-123.6969985961,
    6.083000183105));
#15171 = VECTOR('',#15172,1.);
#15172 = DIRECTION('',(0.,-0.997697781318,6.781693853823E-02));
#15173 = ORIENTED_EDGE('',*,*,#15143,.F.);
#15174 = ORIENTED_EDGE('',*,*,#15175,.T.);
#15175 = EDGE_CURVE('',#15144,#15167,#15176,.T.);
#15176 = LINE('',#15177,#15178);
#15177 = CARTESIAN_POINT('',(49.002998352051,-122.4140014648,
    6.337999820709));
#15178 = VECTOR('',#15179,1.);
#15179 = DIRECTION('',(0.,-0.980815161594,-0.194940038954));
#15180 = PLANE('',#15181);
#15181 = AXIS2_PLACEMENT_3D('',#15182,#15183,#15184);
#15182 = CARTESIAN_POINT('',(49.002998352051,-125.0153430785,
    6.279291151262));
#15183 = DIRECTION('',(-1.,-0.,-0.));
#15184 = DIRECTION('',(0.,0.,-1.));
#15185 = ADVANCED_FACE('',(#15186),#15203,.F.);
#15186 = FACE_BOUND('',#15187,.F.);
#15187 = EDGE_LOOP('',(#15188,#15196,#15197));
#15188 = ORIENTED_EDGE('',*,*,#15189,.T.);
#15189 = EDGE_CURVE('',#15190,#14710,#15192,.T.);
#15190 = VERTEX_POINT('',#15191);
#15191 = CARTESIAN_POINT('',(49.002998352051,-125.0019989013,
    5.998000144958));
#15192 = LINE('',#15193,#15194);
#15193 = CARTESIAN_POINT('',(49.002998352051,-125.0019989013,
    5.998000144958));
#15194 = VECTOR('',#15195,1.);
#15195 = DIRECTION('',(0.,-0.991115361117,0.133005041098));
#15196 = ORIENTED_EDGE('',*,*,#15166,.F.);
#15197 = ORIENTED_EDGE('',*,*,#15198,.T.);
#15198 = EDGE_CURVE('',#15167,#15190,#15199,.T.);
#15199 = LINE('',#15200,#15201);
#15200 = CARTESIAN_POINT('',(49.002998352051,-123.6969985961,
    6.083000183105));
#15201 = VECTOR('',#15202,1.);
#15202 = DIRECTION('',(0.,-0.99788549925,-6.499638748449E-02));
#15203 = PLANE('',#15204);
#15204 = AXIS2_PLACEMENT_3D('',#15205,#15206,#15207);
#15205 = CARTESIAN_POINT('',(49.002998352051,-125.6624839363,
    6.173079881541));
#15206 = DIRECTION('',(-1.,-0.,-0.));
#15207 = DIRECTION('',(0.,0.,-1.));
#15208 = ADVANCED_FACE('',(#15209),#15226,.F.);
#15209 = FACE_BOUND('',#15210,.F.);
#15210 = EDGE_LOOP('',(#15211,#15219,#15220));
#15211 = ORIENTED_EDGE('',*,*,#15212,.T.);
#15212 = EDGE_CURVE('',#15213,#14710,#15215,.T.);
#15213 = VERTEX_POINT('',#15214);
#15214 = CARTESIAN_POINT('',(49.002998352051,-126.3069992065,
    6.083000183105));
#15215 = LINE('',#15216,#15217);
#15216 = CARTESIAN_POINT('',(49.002998352051,-126.3069992065,
    6.083000183105));
#15217 = VECTOR('',#15218,1.);
#15218 = DIRECTION('',(0.,-0.980091512459,0.198546284795));
#15219 = ORIENTED_EDGE('',*,*,#15189,.F.);
#15220 = ORIENTED_EDGE('',*,*,#15221,.T.);
#15221 = EDGE_CURVE('',#15190,#15213,#15222,.T.);
#15222 = LINE('',#15223,#15224);
#15223 = CARTESIAN_POINT('',(49.002998352051,-125.0019989013,
    5.998000144958));
#15224 = VECTOR('',#15225,1.);
#15225 = DIRECTION('',(0.,-0.99788549925,6.499638748449E-02));
#15226 = PLANE('',#15227);
#15227 = AXIS2_PLACEMENT_3D('',#15228,#15229,#15230);
#15228 = CARTESIAN_POINT('',(49.002998352051,-126.316452182,
    6.151838776043));
#15229 = DIRECTION('',(-1.,-0.,-0.));
#15230 = DIRECTION('',(0.,0.,-1.));
#15231 = ADVANCED_FACE('',(#15232),#15249,.F.);
#15232 = FACE_BOUND('',#15233,.F.);
#15233 = EDGE_LOOP('',(#15234,#15242,#15243));
#15234 = ORIENTED_EDGE('',*,*,#15235,.T.);
#15235 = EDGE_CURVE('',#15236,#14710,#15238,.T.);
#15236 = VERTEX_POINT('',#15237);
#15237 = CARTESIAN_POINT('',(49.002998352051,-127.5899963378,
    6.337999820709));
#15238 = LINE('',#15239,#15240);
#15239 = CARTESIAN_POINT('',(49.002998352051,-127.5899963378,
    6.337999820709));
#15240 = VECTOR('',#15241,1.);
#15241 = DIRECTION('',(0.,-0.945955659646,0.324295991318));
#15242 = ORIENTED_EDGE('',*,*,#15212,.F.);
#15243 = ORIENTED_EDGE('',*,*,#15244,.T.);
#15244 = EDGE_CURVE('',#15213,#15236,#15245,.T.);
#15245 = LINE('',#15246,#15247);
#15246 = CARTESIAN_POINT('',(49.002998352051,-126.3069992065,
    6.083000183105));
#15247 = VECTOR('',#15248,1.);
#15248 = DIRECTION('',(0.,-0.980815161594,0.194940038954));
#15249 = PLANE('',#15250);
#15250 = AXIS2_PLACEMENT_3D('',#15251,#15252,#15253);
#15251 = CARTESIAN_POINT('',(49.002998352051,-126.9663132503,
    6.21533616857));
#15252 = DIRECTION('',(-1.,-0.,-0.));
#15253 = DIRECTION('',(0.,0.,-1.));
#15254 = ADVANCED_FACE('',(#15255),#15265,.F.);
#15255 = FACE_BOUND('',#15256,.F.);
#15256 = EDGE_LOOP('',(#15257,#15263,#15264));
#15257 = ORIENTED_EDGE('',*,*,#15258,.T.);
#15258 = EDGE_CURVE('',#14034,#10290,#15259,.T.);
#15259 = LINE('',#15260,#15261);
#15260 = CARTESIAN_POINT('',(-3.237999916077,-85.24900054931,
    6.349999904633));
#15261 = VECTOR('',#15262,1.);
#15262 = DIRECTION('',(0.936974419165,0.,-0.349397964835));
#15263 = ORIENTED_EDGE('',*,*,#10289,.F.);
#15264 = ORIENTED_EDGE('',*,*,#15123,.F.);
#15265 = PLANE('',#15266);
#15266 = AXIS2_PLACEMENT_3D('',#15267,#15268,#15269);
#15267 = CARTESIAN_POINT('',(0.569661266496,-85.24900054931,
    3.987161166361));
#15268 = DIRECTION('',(0.,1.,0.));
#15269 = DIRECTION('',(0.,-0.,1.));
#15270 = ADVANCED_FACE('',(#15271),#15276,.F.);
#15271 = FACE_BOUND('',#15272,.F.);
#15272 = EDGE_LOOP('',(#15273,#15274,#15275));
#15273 = ORIENTED_EDGE('',*,*,#10317,.F.);
#15274 = ORIENTED_EDGE('',*,*,#15258,.F.);
#15275 = ORIENTED_EDGE('',*,*,#14042,.F.);
#15276 = PLANE('',#15277);
#15277 = AXIS2_PLACEMENT_3D('',#15278,#15279,#15280);
#15278 = CARTESIAN_POINT('',(1.943338744948,-85.24900054931,
    5.360838644812));
#15279 = DIRECTION('',(0.,1.,0.));
#15280 = DIRECTION('',(0.,-0.,1.));
#15281 = ADVANCED_FACE('',(#15282),#15292,.F.);
#15282 = FACE_BOUND('',#15283,.F.);
#15283 = EDGE_LOOP('',(#15284,#15285,#15286));
#15284 = ORIENTED_EDGE('',*,*,#14878,.F.);
#15285 = ORIENTED_EDGE('',*,*,#15033,.F.);
#15286 = ORIENTED_EDGE('',*,*,#15287,.F.);
#15287 = EDGE_CURVE('',#14879,#7064,#15288,.T.);
#15288 = LINE('',#15289,#15290);
#15289 = CARTESIAN_POINT('',(28.997999191284,-122.3789978027,
    6.349999904633));
#15290 = VECTOR('',#15291,1.);
#15291 = DIRECTION('',(-0.95004345725,0.312117653037,0.));
#15292 = PLANE('',#15293);
#15293 = AXIS2_PLACEMENT_3D('',#15294,#15295,#15296);
#15294 = CARTESIAN_POINT('',(10.961158484997,-115.2148943692,
    6.349999904633));
#15295 = DIRECTION('',(0.,0.,1.));
#15296 = DIRECTION('',(1.,0.,-0.));
#15297 = ADVANCED_FACE('',(#15298),#15320,.F.);
#15298 = FACE_BOUND('',#15299,.F.);
#15299 = EDGE_LOOP('',(#15300,#15308,#15314));
#15300 = ORIENTED_EDGE('',*,*,#15301,.T.);
#15301 = EDGE_CURVE('',#15302,#14879,#15304,.T.);
#15302 = VERTEX_POINT('',#15303);
#15303 = CARTESIAN_POINT('',(28.997999191284,-127.5899963378,
    6.337999820709));
#15304 = LINE('',#15305,#15306);
#15305 = CARTESIAN_POINT('',(28.997999191284,-127.5899963378,
    6.337999820709));
#15306 = VECTOR('',#15307,1.);
#15307 = DIRECTION('',(0.,0.99999734848,2.302831602027E-03));
#15308 = ORIENTED_EDGE('',*,*,#15309,.T.);
#15309 = EDGE_CURVE('',#14879,#14554,#15310,.T.);
#15310 = LINE('',#15311,#15312);
#15311 = CARTESIAN_POINT('',(28.997999191284,-122.3789978027,
    6.349999904633));
#15312 = VECTOR('',#15313,1.);
#15313 = DIRECTION('',(0.,-1.,0.));
#15314 = ORIENTED_EDGE('',*,*,#15315,.T.);
#15315 = EDGE_CURVE('',#14554,#15302,#15316,.T.);
#15316 = LINE('',#15317,#15318);
#15317 = CARTESIAN_POINT('',(28.997999191284,-127.625,6.349999904633));
#15318 = VECTOR('',#15319,1.);
#15319 = DIRECTION('',(0.,0.945955659646,-0.324295991318));
#15320 = PLANE('',#15321);
#15321 = AXIS2_PLACEMENT_3D('',#15322,#15323,#15324);
#15322 = CARTESIAN_POINT('',(28.997999191284,-125.0024954044,
    6.346999307992));
#15323 = DIRECTION('',(1.,0.,0.));
#15324 = DIRECTION('',(-0.,0.,1.));
#15325 = ADVANCED_FACE('',(#15326),#15343,.F.);
#15326 = FACE_BOUND('',#15327,.F.);
#15327 = EDGE_LOOP('',(#15328,#15336,#15337));
#15328 = ORIENTED_EDGE('',*,*,#15329,.T.);
#15329 = EDGE_CURVE('',#15330,#14879,#15332,.T.);
#15330 = VERTEX_POINT('',#15331);
#15331 = CARTESIAN_POINT('',(28.997999191284,-126.3069992065,
    6.083000183105));
#15332 = LINE('',#15333,#15334);
#15333 = CARTESIAN_POINT('',(28.997999191284,-126.3069992065,
    6.083000183105));
#15334 = VECTOR('',#15335,1.);
#15335 = DIRECTION('',(0.,0.997697781318,6.781693853823E-02));
#15336 = ORIENTED_EDGE('',*,*,#15301,.F.);
#15337 = ORIENTED_EDGE('',*,*,#15338,.T.);
#15338 = EDGE_CURVE('',#15302,#15330,#15339,.T.);
#15339 = LINE('',#15340,#15341);
#15340 = CARTESIAN_POINT('',(28.997999191284,-127.5899963378,
    6.337999820709));
#15341 = VECTOR('',#15342,1.);
#15342 = DIRECTION('',(0.,0.980815161594,-0.194940038954));
#15343 = PLANE('',#15344);
#15344 = AXIS2_PLACEMENT_3D('',#15345,#15346,#15347);
#15345 = CARTESIAN_POINT('',(28.997999191284,-124.9886547241,
    6.279291151262));
#15346 = DIRECTION('',(1.,0.,0.));
#15347 = DIRECTION('',(-0.,0.,1.));
#15348 = ADVANCED_FACE('',(#15349),#15366,.F.);
#15349 = FACE_BOUND('',#15350,.F.);
#15350 = EDGE_LOOP('',(#15351,#15359,#15360));
#15351 = ORIENTED_EDGE('',*,*,#15352,.T.);
#15352 = EDGE_CURVE('',#15353,#14879,#15355,.T.);
#15353 = VERTEX_POINT('',#15354);
#15354 = CARTESIAN_POINT('',(28.997999191284,-125.0019989013,
    5.998000144958));
#15355 = LINE('',#15356,#15357);
#15356 = CARTESIAN_POINT('',(28.997999191284,-125.0019989013,
    5.998000144958));
#15357 = VECTOR('',#15358,1.);
#15358 = DIRECTION('',(0.,0.991115361117,0.133005041098));
#15359 = ORIENTED_EDGE('',*,*,#15329,.F.);
#15360 = ORIENTED_EDGE('',*,*,#15361,.T.);
#15361 = EDGE_CURVE('',#15330,#15353,#15362,.T.);
#15362 = LINE('',#15363,#15364);
#15363 = CARTESIAN_POINT('',(28.997999191284,-126.3069992065,
    6.083000183105));
#15364 = VECTOR('',#15365,1.);
#15365 = DIRECTION('',(0.,0.99788549925,-6.499638748449E-02));
#15366 = PLANE('',#15367);
#15367 = AXIS2_PLACEMENT_3D('',#15368,#15369,#15370);
#15368 = CARTESIAN_POINT('',(28.997999191284,-124.3415138663,
    6.173079881541));
#15369 = DIRECTION('',(1.,0.,0.));
#15370 = DIRECTION('',(-0.,0.,1.));
#15371 = ADVANCED_FACE('',(#15372),#15389,.F.);
#15372 = FACE_BOUND('',#15373,.F.);
#15373 = EDGE_LOOP('',(#15374,#15382,#15383));
#15374 = ORIENTED_EDGE('',*,*,#15375,.T.);
#15375 = EDGE_CURVE('',#15376,#14879,#15378,.T.);
#15376 = VERTEX_POINT('',#15377);
#15377 = CARTESIAN_POINT('',(28.997999191284,-123.6969985961,
    6.083000183105));
#15378 = LINE('',#15379,#15380);
#15379 = CARTESIAN_POINT('',(28.997999191284,-123.6969985961,
    6.083000183105));
#15380 = VECTOR('',#15381,1.);
#15381 = DIRECTION('',(0.,0.980091512459,0.198546284795));
#15382 = ORIENTED_EDGE('',*,*,#15352,.F.);
#15383 = ORIENTED_EDGE('',*,*,#15384,.T.);
#15384 = EDGE_CURVE('',#15353,#15376,#15385,.T.);
#15385 = LINE('',#15386,#15387);
#15386 = CARTESIAN_POINT('',(28.997999191284,-125.0019989013,
    5.998000144958));
#15387 = VECTOR('',#15388,1.);
#15388 = DIRECTION('',(0.,0.99788549925,6.499638748449E-02));
#15389 = PLANE('',#15390);
#15390 = AXIS2_PLACEMENT_3D('',#15391,#15392,#15393);
#15391 = CARTESIAN_POINT('',(28.997999191284,-123.6875456207,
    6.151838776043));
#15392 = DIRECTION('',(1.,0.,0.));
#15393 = DIRECTION('',(-0.,0.,1.));
#15394 = ADVANCED_FACE('',(#15395),#15412,.F.);
#15395 = FACE_BOUND('',#15396,.F.);
#15396 = EDGE_LOOP('',(#15397,#15405,#15406));
#15397 = ORIENTED_EDGE('',*,*,#15398,.T.);
#15398 = EDGE_CURVE('',#15399,#14879,#15401,.T.);
#15399 = VERTEX_POINT('',#15400);
#15400 = CARTESIAN_POINT('',(28.997999191284,-122.4140014648,
    6.337999820709));
#15401 = LINE('',#15402,#15403);
#15402 = CARTESIAN_POINT('',(28.997999191284,-122.4140014648,
    6.337999820709));
#15403 = VECTOR('',#15404,1.);
#15404 = DIRECTION('',(0.,0.945955659646,0.324295991318));
#15405 = ORIENTED_EDGE('',*,*,#15375,.F.);
#15406 = ORIENTED_EDGE('',*,*,#15407,.T.);
#15407 = EDGE_CURVE('',#15376,#15399,#15408,.T.);
#15408 = LINE('',#15409,#15410);
#15409 = CARTESIAN_POINT('',(28.997999191284,-123.6969985961,
    6.083000183105));
#15410 = VECTOR('',#15411,1.);
#15411 = DIRECTION('',(0.,0.980815161594,0.194940038954));
#15412 = PLANE('',#15413);
#15413 = AXIS2_PLACEMENT_3D('',#15414,#15415,#15416);
#15414 = CARTESIAN_POINT('',(28.997999191284,-123.0376845524,
    6.21533616857));
#15415 = DIRECTION('',(1.,0.,0.));
#15416 = DIRECTION('',(-0.,0.,1.));
#15417 = ADVANCED_FACE('',(#15418),#15428,.F.);
#15418 = FACE_BOUND('',#15419,.F.);
#15419 = EDGE_LOOP('',(#15420,#15421,#15422));
#15420 = ORIENTED_EDGE('',*,*,#15309,.F.);
#15421 = ORIENTED_EDGE('',*,*,#15287,.T.);
#15422 = ORIENTED_EDGE('',*,*,#15423,.T.);
#15423 = EDGE_CURVE('',#7064,#14554,#15424,.T.);
#15424 = LINE('',#15425,#15426);
#15425 = CARTESIAN_POINT('',(-9.239000320435,-109.8170013427,
    6.349999904633));
#15426 = VECTOR('',#15427,1.);
#15427 = DIRECTION('',(0.906509336139,-0.422185768938,0.));
#15428 = PLANE('',#15429);
#15429 = AXIS2_PLACEMENT_3D('',#15430,#15431,#15432);
#15430 = CARTESIAN_POINT('',(11.023459563567,-117.8927122686,
    6.349999904633));
#15431 = DIRECTION('',(0.,0.,1.));
#15432 = DIRECTION('',(1.,0.,-0.));
#15433 = ADVANCED_FACE('',(#15434),#15439,.F.);
#15434 = FACE_BOUND('',#15435,.F.);
#15435 = EDGE_LOOP('',(#15436,#15437,#15438));
#15436 = ORIENTED_EDGE('',*,*,#15423,.F.);
#15437 = ORIENTED_EDGE('',*,*,#14695,.F.);
#15438 = ORIENTED_EDGE('',*,*,#14553,.F.);
#15439 = PLANE('',#15440);
#15440 = AXIS2_PLACEMENT_3D('',#15441,#15442,#15443);
#15441 = CARTESIAN_POINT('',(-5.178716082992,-122.5614406612,
    6.349999904633));
#15442 = DIRECTION('',(0.,0.,1.));
#15443 = DIRECTION('',(1.,0.,-0.));
#15444 = ADVANCED_FACE('',(#15445),#15460,.F.);
#15445 = FACE_BOUND('',#15446,.F.);
#15446 = EDGE_LOOP('',(#15447,#15453,#15454));
#15447 = ORIENTED_EDGE('',*,*,#15448,.T.);
#15448 = EDGE_CURVE('',#15167,#15399,#15449,.T.);
#15449 = LINE('',#15450,#15451);
#15450 = CARTESIAN_POINT('',(49.002998352051,-123.6969985961,
    6.083000183105));
#15451 = VECTOR('',#15452,1.);
#15452 = DIRECTION('',(-0.997869016833,6.399715769888E-02,
    1.271963250903E-02));
#15453 = ORIENTED_EDGE('',*,*,#15407,.F.);
#15454 = ORIENTED_EDGE('',*,*,#15455,.T.);
#15455 = EDGE_CURVE('',#15376,#15167,#15456,.T.);
#15456 = LINE('',#15457,#15458);
#15457 = CARTESIAN_POINT('',(28.997999191284,-123.6969985961,
    6.083000183105));
#15458 = VECTOR('',#15459,1.);
#15459 = DIRECTION('',(1.,0.,0.));
#15460 = PLANE('',#15461);
#15461 = AXIS2_PLACEMENT_3D('',#15462,#15463,#15464);
#15462 = CARTESIAN_POINT('',(38.684155940908,-123.3657738751,
    6.148832118156));
#15463 = DIRECTION('',(0.,-0.194940038954,0.980815161594));
#15464 = DIRECTION('',(0.,0.980815161594,0.194940038954));
#15465 = ADVANCED_FACE('',(#15466),#15476,.F.);
#15466 = FACE_BOUND('',#15467,.F.);
#15467 = EDGE_LOOP('',(#15468,#15474,#15475));
#15468 = ORIENTED_EDGE('',*,*,#15469,.T.);
#15469 = EDGE_CURVE('',#15144,#15399,#15470,.T.);
#15470 = LINE('',#15471,#15472);
#15471 = CARTESIAN_POINT('',(49.002998352051,-122.4140014648,
    6.337999820709));
#15472 = VECTOR('',#15473,1.);
#15473 = DIRECTION('',(-1.,0.,0.));
#15474 = ORIENTED_EDGE('',*,*,#15448,.F.);
#15475 = ORIENTED_EDGE('',*,*,#15175,.F.);
#15476 = PLANE('',#15477);
#15477 = AXIS2_PLACEMENT_3D('',#15478,#15479,#15480);
#15478 = CARTESIAN_POINT('',(39.316841602427,-122.7452261858,
    6.272167885658));
#15479 = DIRECTION('',(0.,-0.194940038954,0.980815161594));
#15480 = DIRECTION('',(0.,0.980815161594,0.194940038954));
#15481 = ADVANCED_FACE('',(#15482),#15492,.F.);
#15482 = FACE_BOUND('',#15483,.F.);
#15483 = EDGE_LOOP('',(#15484,#15490,#15491));
#15484 = ORIENTED_EDGE('',*,*,#15485,.T.);
#15485 = EDGE_CURVE('',#14710,#15302,#15486,.T.);
#15486 = LINE('',#15487,#15488);
#15487 = CARTESIAN_POINT('',(49.002998352051,-127.625,6.349999904633));
#15488 = VECTOR('',#15489,1.);
#15489 = DIRECTION('',(-0.999998289287,1.749742749142E-03,
    -5.998532315948E-04));
#15490 = ORIENTED_EDGE('',*,*,#15315,.F.);
#15491 = ORIENTED_EDGE('',*,*,#14709,.F.);
#15492 = PLANE('',#15493);
#15493 = AXIS2_PLACEMENT_3D('',#15494,#15495,#15496);
#15494 = CARTESIAN_POINT('',(38.991256454538,-127.6162409911,
    6.346997109066));
#15495 = DIRECTION('',(0.,0.324295991318,0.945955659646));
#15496 = DIRECTION('',(0.,0.945955659646,-0.324295991318));
#15497 = ADVANCED_FACE('',(#15498),#15508,.F.);
#15498 = FACE_BOUND('',#15499,.F.);
#15499 = EDGE_LOOP('',(#15500,#15506,#15507));
#15500 = ORIENTED_EDGE('',*,*,#15501,.T.);
#15501 = EDGE_CURVE('',#15236,#15302,#15502,.T.);
#15502 = LINE('',#15503,#15504);
#15503 = CARTESIAN_POINT('',(49.002998352051,-127.5899963378,
    6.337999820709));
#15504 = VECTOR('',#15505,1.);
#15505 = DIRECTION('',(-1.,0.,0.));
#15506 = ORIENTED_EDGE('',*,*,#15485,.F.);
#15507 = ORIENTED_EDGE('',*,*,#15235,.F.);
#15508 = PLANE('',#15509);
#15509 = AXIS2_PLACEMENT_3D('',#15510,#15511,#15512);
#15510 = CARTESIAN_POINT('',(39.009741088797,-127.5987553467,
    6.341002616275));
#15511 = DIRECTION('',(0.,0.324295991318,0.945955659646));
#15512 = DIRECTION('',(0.,0.945955659646,-0.324295991318));
#15513 = ADVANCED_FACE('',(#15514),#15524,.F.);
#15514 = FACE_BOUND('',#15515,.F.);
#15515 = EDGE_LOOP('',(#15516,#15517,#15518));
#15516 = ORIENTED_EDGE('',*,*,#10341,.F.);
#15517 = ORIENTED_EDGE('',*,*,#8902,.F.);
#15518 = ORIENTED_EDGE('',*,*,#15519,.T.);
#15519 = EDGE_CURVE('',#7763,#10261,#15520,.T.);
#15520 = LINE('',#15521,#15522);
#15521 = CARTESIAN_POINT('',(-16.96299934387,-79.24800109863,
    6.349999904633));
#15522 = VECTOR('',#15523,1.);
#15523 = DIRECTION('',(0.99369760279,0.,-0.112094041812));
#15524 = PLANE('',#15525);
#15525 = AXIS2_PLACEMENT_3D('',#15526,#15527,#15528);
#15526 = CARTESIAN_POINT('',(-1.314615619864,-79.24800109863,
    5.464884030137));
#15527 = DIRECTION('',(-0.,-1.,-0.));
#15528 = DIRECTION('',(0.,0.,-1.));
#15529 = ADVANCED_FACE('',(#15530),#15540,.F.);
#15530 = FACE_BOUND('',#15531,.F.);
#15531 = EDGE_LOOP('',(#15532,#15538,#15539));
#15532 = ORIENTED_EDGE('',*,*,#15533,.T.);
#15533 = EDGE_CURVE('',#15376,#15190,#15534,.T.);
#15534 = LINE('',#15535,#15536);
#15535 = CARTESIAN_POINT('',(28.997999191284,-123.6969985961,
    6.083000183105));
#15536 = VECTOR('',#15537,1.);
#15537 = DIRECTION('',(0.997870079045,-6.50947669237E-02,
    -4.239889944652E-03));
#15538 = ORIENTED_EDGE('',*,*,#15198,.F.);
#15539 = ORIENTED_EDGE('',*,*,#15455,.F.);
#15540 = PLANE('',#15541);
#15541 = AXIS2_PLACEMENT_3D('',#15542,#15543,#15544);
#15542 = CARTESIAN_POINT('',(39.316765162139,-124.0339011038,
    6.061056336895));
#15543 = DIRECTION('',(0.,-6.499638748449E-02,0.99788549925));
#15544 = DIRECTION('',(0.,0.99788549925,6.499638748449E-02));
#15545 = ADVANCED_FACE('',(#15546),#15556,.F.);
#15546 = FACE_BOUND('',#15547,.F.);
#15547 = EDGE_LOOP('',(#15548,#15554,#15555));
#15548 = ORIENTED_EDGE('',*,*,#15549,.T.);
#15549 = EDGE_CURVE('',#15353,#15190,#15550,.T.);
#15550 = LINE('',#15551,#15552);
#15551 = CARTESIAN_POINT('',(28.997999191284,-125.0019989013,
    5.998000144958));
#15552 = VECTOR('',#15553,1.);
#15553 = DIRECTION('',(1.,0.,0.));
#15554 = ORIENTED_EDGE('',*,*,#15533,.F.);
#15555 = ORIENTED_EDGE('',*,*,#15384,.F.);
#15556 = PLANE('',#15557);
#15557 = AXIS2_PLACEMENT_3D('',#15558,#15559,#15560);
#15558 = CARTESIAN_POINT('',(38.684232381196,-124.6650963937,
    6.019943991169));
#15559 = DIRECTION('',(0.,-6.499638748449E-02,0.99788549925));
#15560 = DIRECTION('',(0.,0.99788549925,6.499638748449E-02));
#15561 = ADVANCED_FACE('',(#15562),#15572,.F.);
#15562 = FACE_BOUND('',#15563,.F.);
#15563 = EDGE_LOOP('',(#15564,#15570,#15571));
#15564 = ORIENTED_EDGE('',*,*,#15565,.T.);
#15565 = EDGE_CURVE('',#15144,#14879,#15566,.T.);
#15566 = LINE('',#15567,#15568);
#15567 = CARTESIAN_POINT('',(49.002998352051,-122.4140014648,
    6.337999820709));
#15568 = VECTOR('',#15569,1.);
#15569 = DIRECTION('',(-0.999998289287,1.749742749142E-03,
    5.998532315948E-04));
#15570 = ORIENTED_EDGE('',*,*,#15398,.F.);
#15571 = ORIENTED_EDGE('',*,*,#15469,.F.);
#15572 = PLANE('',#15573);
#15573 = AXIS2_PLACEMENT_3D('',#15574,#15575,#15576);
#15574 = CARTESIAN_POINT('',(38.991256454538,-122.4052424559,
    6.341002616275));
#15575 = DIRECTION('',(0.,-0.324295991318,0.945955659646));
#15576 = DIRECTION('',(0.,0.945955659646,0.324295991318));
#15577 = ADVANCED_FACE('',(#15578),#15583,.F.);
#15578 = FACE_BOUND('',#15579,.F.);
#15579 = EDGE_LOOP('',(#15580,#15581,#15582));
#15580 = ORIENTED_EDGE('',*,*,#14886,.F.);
#15581 = ORIENTED_EDGE('',*,*,#15565,.F.);
#15582 = ORIENTED_EDGE('',*,*,#15152,.F.);
#15583 = PLANE('',#15584);
#15584 = AXIS2_PLACEMENT_3D('',#15585,#15586,#15587);
#15585 = CARTESIAN_POINT('',(39.009741088797,-122.3877568115,
    6.346997109066));
#15586 = DIRECTION('',(0.,-0.324295991318,0.945955659646));
#15587 = DIRECTION('',(0.,0.945955659646,0.324295991318));
#15588 = ADVANCED_FACE('',(#15589),#15599,.F.);
#15589 = FACE_BOUND('',#15590,.F.);
#15590 = EDGE_LOOP('',(#15591,#15597,#15598));
#15591 = ORIENTED_EDGE('',*,*,#15592,.T.);
#15592 = EDGE_CURVE('',#15353,#15213,#15593,.T.);
#15593 = LINE('',#15594,#15595);
#15594 = CARTESIAN_POINT('',(28.997999191284,-125.0019989013,
    5.998000144958));
#15595 = VECTOR('',#15596,1.);
#15596 = DIRECTION('',(0.997870079045,-6.50947669237E-02,
    4.239889944652E-03));
#15597 = ORIENTED_EDGE('',*,*,#15221,.F.);
#15598 = ORIENTED_EDGE('',*,*,#15549,.F.);
#15599 = PLANE('',#15600);
#15600 = AXIS2_PLACEMENT_3D('',#15601,#15602,#15603);
#15601 = CARTESIAN_POINT('',(39.316765162139,-125.338901409,
    6.019943991169));
#15602 = DIRECTION('',(0.,6.499638748449E-02,0.99788549925));
#15603 = DIRECTION('',(0.,0.99788549925,-6.499638748449E-02));
#15604 = ADVANCED_FACE('',(#15605),#15615,.F.);
#15605 = FACE_BOUND('',#15606,.F.);
#15606 = EDGE_LOOP('',(#15607,#15613,#15614));
#15607 = ORIENTED_EDGE('',*,*,#15608,.T.);
#15608 = EDGE_CURVE('',#15330,#15213,#15609,.T.);
#15609 = LINE('',#15610,#15611);
#15610 = CARTESIAN_POINT('',(28.997999191284,-126.3069992065,
    6.083000183105));
#15611 = VECTOR('',#15612,1.);
#15612 = DIRECTION('',(1.,0.,0.));
#15613 = ORIENTED_EDGE('',*,*,#15592,.F.);
#15614 = ORIENTED_EDGE('',*,*,#15361,.F.);
#15615 = PLANE('',#15616);
#15616 = AXIS2_PLACEMENT_3D('',#15617,#15618,#15619);
#15617 = CARTESIAN_POINT('',(38.684232381196,-125.9700966989,
    6.061056336895));
#15618 = DIRECTION('',(0.,6.499638748449E-02,0.99788549925));
#15619 = DIRECTION('',(0.,0.99788549925,-6.499638748449E-02));
#15620 = ADVANCED_FACE('',(#15621),#15631,.F.);
#15621 = FACE_BOUND('',#15622,.F.);
#15622 = EDGE_LOOP('',(#15623,#15629,#15630));
#15623 = ORIENTED_EDGE('',*,*,#15624,.T.);
#15624 = EDGE_CURVE('',#15330,#15236,#15625,.T.);
#15625 = LINE('',#15626,#15627);
#15626 = CARTESIAN_POINT('',(28.997999191284,-126.3069992065,
    6.083000183105));
#15627 = VECTOR('',#15628,1.);
#15628 = DIRECTION('',(0.997869016833,-6.399715769888E-02,
    1.271963250903E-02));
#15629 = ORIENTED_EDGE('',*,*,#15244,.F.);
#15630 = ORIENTED_EDGE('',*,*,#15608,.F.);
#15631 = PLANE('',#15632);
#15632 = AXIS2_PLACEMENT_3D('',#15633,#15634,#15635);
#15633 = CARTESIAN_POINT('',(39.316841602427,-126.6382239275,
    6.148832118156));
#15634 = DIRECTION('',(0.,0.194940038954,0.980815161594));
#15635 = DIRECTION('',(0.,0.980815161594,-0.194940038954));
#15636 = ADVANCED_FACE('',(#15637),#15642,.F.);
#15637 = FACE_BOUND('',#15638,.F.);
#15638 = EDGE_LOOP('',(#15639,#15640,#15641));
#15639 = ORIENTED_EDGE('',*,*,#15501,.F.);
#15640 = ORIENTED_EDGE('',*,*,#15624,.F.);
#15641 = ORIENTED_EDGE('',*,*,#15338,.F.);
#15642 = PLANE('',#15643);
#15643 = AXIS2_PLACEMENT_3D('',#15644,#15645,#15646);
#15644 = CARTESIAN_POINT('',(38.684155940908,-127.2587716168,
    6.272167885658));
#15645 = DIRECTION('',(0.,0.194940038954,0.980815161594));
#15646 = DIRECTION('',(0.,0.980815161594,-0.194940038954));
#15647 = ADVANCED_FACE('',(#15648),#15658,.F.);
#15648 = FACE_BOUND('',#15649,.F.);
#15649 = EDGE_LOOP('',(#15650,#15651,#15652));
#15650 = ORIENTED_EDGE('',*,*,#12588,.F.);
#15651 = ORIENTED_EDGE('',*,*,#12648,.F.);
#15652 = ORIENTED_EDGE('',*,*,#15653,.T.);
#15653 = EDGE_CURVE('',#12641,#8336,#15654,.T.);
#15654 = LINE('',#15655,#15656);
#15655 = CARTESIAN_POINT('',(57.,-144.,1.965094753587E-14));
#15656 = VECTOR('',#15657,1.);
#15657 = DIRECTION('',(-0.747739263101,0.663992465633,0.));
#15658 = PLANE('',#15659);
#15659 = AXIS2_PLACEMENT_3D('',#15660,#15661,#15662);
#15660 = CARTESIAN_POINT('',(11.707357106783,-71.29264289321,
    1.965094753587E-14));
#15661 = DIRECTION('',(-0.,-0.,-1.));
#15662 = DIRECTION('',(-1.,0.,0.));
#15663 = ADVANCED_FACE('',(#15664),#15669,.F.);
#15664 = FACE_BOUND('',#15665,.F.);
#15665 = EDGE_LOOP('',(#15666,#15667,#15668));
#15666 = ORIENTED_EDGE('',*,*,#14146,.F.);
#15667 = ORIENTED_EDGE('',*,*,#15027,.F.);
#15668 = ORIENTED_EDGE('',*,*,#6473,.F.);
#15669 = PLANE('',#15670);
#15670 = AXIS2_PLACEMENT_3D('',#15671,#15672,#15673);
#15671 = CARTESIAN_POINT('',(-5.758726546121,-106.3367281215,
    5.352502144254));
#15672 = DIRECTION('',(-0.707106725,0.707106837373,0.));
#15673 = DIRECTION('',(0.707106837373,0.707106725,0.));
#15674 = ADVANCED_FACE('',(#15675),#15685,.F.);
#15675 = FACE_BOUND('',#15676,.F.);
#15676 = EDGE_LOOP('',(#15677,#15678,#15679));
#15677 = ORIENTED_EDGE('',*,*,#7242,.F.);
#15678 = ORIENTED_EDGE('',*,*,#7095,.F.);
#15679 = ORIENTED_EDGE('',*,*,#15680,.T.);
#15680 = EDGE_CURVE('',#7034,#6488,#15681,.T.);
#15681 = LINE('',#15682,#15683);
#15682 = CARTESIAN_POINT('',(-9.239000320435,-94.86799621582,
    2.99799990654));
#15683 = VECTOR('',#15684,1.);
#15684 = DIRECTION('',(0.808570084169,0.377134520232,0.451645848686));
#15685 = PLANE('',#15686);
#15686 = AXIS2_PLACEMENT_3D('',#15687,#15688,#15689);
#15687 = CARTESIAN_POINT('',(-6.816680215059,-93.73817389283,
    5.311978892292));
#15688 = DIRECTION('',(0.422703048969,-0.906268245274,1.132767358977E-16
    ));
#15689 = DIRECTION('',(-0.906268245274,-0.422703048969,0.));
#15690 = ADVANCED_FACE('',(#15691),#15701,.F.);
#15691 = FACE_BOUND('',#15692,.F.);
#15692 = EDGE_LOOP('',(#15693,#15699,#15700));
#15693 = ORIENTED_EDGE('',*,*,#15694,.T.);
#15694 = EDGE_CURVE('',#7034,#6458,#15695,.T.);
#15695 = LINE('',#15696,#15697);
#15696 = CARTESIAN_POINT('',(-9.239000320435,-94.86799621582,
    2.99799990654));
#15697 = VECTOR('',#15698,1.);
#15698 = DIRECTION('',(0.906268245274,0.422703048969,0.));
#15699 = ORIENTED_EDGE('',*,*,#6487,.F.);
#15700 = ORIENTED_EDGE('',*,*,#15680,.F.);
#15701 = PLANE('',#15702);
#15702 = AXIS2_PLACEMENT_3D('',#15703,#15704,#15705);
#15703 = CARTESIAN_POINT('',(-5.660320021452,-93.19882256712,
    4.036020918881));
#15704 = DIRECTION('',(0.422703048969,-0.906268245274,-0.));
#15705 = DIRECTION('',(-0.906268245274,-0.422703048969,0.));
#15706 = ADVANCED_FACE('',(#15707),#15724,.F.);
#15707 = FACE_BOUND('',#15708,.F.);
#15708 = EDGE_LOOP('',(#15709,#15717,#15718));
#15709 = ORIENTED_EDGE('',*,*,#15710,.T.);
#15710 = EDGE_CURVE('',#15711,#7184,#15713,.T.);
#15711 = VERTEX_POINT('',#15712);
#15712 = CARTESIAN_POINT('',(-3.237999916077,-89.86100006103,
    2.99799990654));
#15713 = LINE('',#15714,#15715);
#15714 = CARTESIAN_POINT('',(-3.237999916077,-89.86100006103,
    2.99799990654));
#15715 = VECTOR('',#15716,1.);
#15716 = DIRECTION('',(0.,0.,1.));
#15717 = ORIENTED_EDGE('',*,*,#15129,.F.);
#15718 = ORIENTED_EDGE('',*,*,#15719,.T.);
#15719 = EDGE_CURVE('',#10259,#15711,#15720,.T.);
#15720 = LINE('',#15721,#15722);
#15721 = CARTESIAN_POINT('',(-3.237999916077,-85.24900054931,
    2.99799990654));
#15722 = VECTOR('',#15723,1.);
#15723 = DIRECTION('',(0.,-1.,0.));
#15724 = PLANE('',#15725);
#15725 = AXIS2_PLACEMENT_3D('',#15726,#15727,#15728);
#15726 = CARTESIAN_POINT('',(-3.237999916077,-88.12063962553,
    4.108360585223));
#15727 = DIRECTION('',(-1.,-0.,-0.));
#15728 = DIRECTION('',(0.,0.,-1.));
#15729 = ADVANCED_FACE('',(#15730),#15740,.F.);
#15730 = FACE_BOUND('',#15731,.F.);
#15731 = EDGE_LOOP('',(#15732,#15733,#15734));
#15732 = ORIENTED_EDGE('',*,*,#7222,.F.);
#15733 = ORIENTED_EDGE('',*,*,#15710,.F.);
#15734 = ORIENTED_EDGE('',*,*,#15735,.T.);
#15735 = EDGE_CURVE('',#15711,#7214,#15736,.T.);
#15736 = LINE('',#15737,#15738);
#15737 = CARTESIAN_POINT('',(-3.237999916077,-89.86100006103,
    2.99799990654));
#15738 = VECTOR('',#15739,1.);
#15739 = DIRECTION('',(-0.906267803891,-0.422703995285,0.));
#15740 = PLANE('',#15741);
#15741 = AXIS2_PLACEMENT_3D('',#15742,#15743,#15744);
#15742 = CARTESIAN_POINT('',(-5.660320224277,-90.99082555824,
    4.036020831966));
#15743 = DIRECTION('',(-0.422703995285,0.906267803891,1.132767462505E-16
    ));
#15744 = DIRECTION('',(0.906267803891,0.422703995285,0.));
#15745 = ADVANCED_FACE('',(#15746),#15751,.F.);
#15746 = FACE_BOUND('',#15747,.F.);
#15747 = EDGE_LOOP('',(#15748,#15749,#15750));
#15748 = ORIENTED_EDGE('',*,*,#15090,.F.);
#15749 = ORIENTED_EDGE('',*,*,#14937,.F.);
#15750 = ORIENTED_EDGE('',*,*,#15653,.F.);
#15751 = PLANE('',#15752);
#15752 = AXIS2_PLACEMENT_3D('',#15753,#15754,#15755);
#15753 = CARTESIAN_POINT('',(-22.70735710678,-105.7073571067,
    1.965094753587E-14));
#15754 = DIRECTION('',(-0.,-0.,-1.));
#15755 = DIRECTION('',(-1.,0.,0.));
#15756 = ADVANCED_FACE('',(#15757),#15762,.F.);
#15757 = FACE_BOUND('',#15758,.F.);
#15758 = EDGE_LOOP('',(#15759,#15760,#15761));
#15759 = ORIENTED_EDGE('',*,*,#7049,.F.);
#15760 = ORIENTED_EDGE('',*,*,#6465,.F.);
#15761 = ORIENTED_EDGE('',*,*,#15694,.F.);
#15762 = PLANE('',#15763);
#15763 = AXIS2_PLACEMENT_3D('',#15764,#15765,#15766);
#15764 = CARTESIAN_POINT('',(-5.029039712487,-97.44333051308,
    2.99799990654));
#15765 = DIRECTION('',(0.,0.,1.));
#15766 = DIRECTION('',(1.,0.,-0.));
#15767 = ADVANCED_FACE('',(#15768),#15783,.F.);
#15768 = FACE_BOUND('',#15769,.F.);
#15769 = EDGE_LOOP('',(#15770,#15771,#15777));
#15770 = ORIENTED_EDGE('',*,*,#15719,.F.);
#15771 = ORIENTED_EDGE('',*,*,#15772,.T.);
#15772 = EDGE_CURVE('',#10259,#7661,#15773,.T.);
#15773 = LINE('',#15774,#15775);
#15774 = CARTESIAN_POINT('',(-3.237999916077,-85.24900054931,
    2.99799990654));
#15775 = VECTOR('',#15776,1.);
#15776 = DIRECTION('',(-1.,0.,0.));
#15777 = ORIENTED_EDGE('',*,*,#15778,.T.);
#15778 = EDGE_CURVE('',#7661,#15711,#15779,.T.);
#15779 = LINE('',#15780,#15781);
#15780 = CARTESIAN_POINT('',(-9.239000320435,-85.24900054931,
    2.99799990654));
#15781 = VECTOR('',#15782,1.);
#15782 = DIRECTION('',(0.792889199808,-0.609365831688,0.));
#15783 = PLANE('',#15784);
#15784 = AXIS2_PLACEMENT_3D('',#15785,#15786,#15787);
#15785 = CARTESIAN_POINT('',(-5.477380970951,-86.79388115787,
    2.99799990654));
#15786 = DIRECTION('',(0.,0.,1.));
#15787 = DIRECTION('',(1.,0.,-0.));
#15788 = ADVANCED_FACE('',(#15789),#15794,.F.);
#15789 = FACE_BOUND('',#15790,.F.);
#15790 = EDGE_LOOP('',(#15791,#15792,#15793));
#15791 = ORIENTED_EDGE('',*,*,#10268,.F.);
#15792 = ORIENTED_EDGE('',*,*,#15519,.F.);
#15793 = ORIENTED_EDGE('',*,*,#7762,.F.);
#15794 = PLANE('',#15795);
#15795 = AXIS2_PLACEMENT_3D('',#15796,#15797,#15798);
#15796 = CARTESIAN_POINT('',(-2.896383868966,-79.24800109863,
    3.883115781035));
#15797 = DIRECTION('',(-0.,-1.,-0.));
#15798 = DIRECTION('',(0.,0.,-1.));
#15799 = ADVANCED_FACE('',(#15800),#15805,.F.);
#15800 = FACE_BOUND('',#15801,.F.);
#15801 = EDGE_LOOP('',(#15802,#15803,#15804));
#15802 = ORIENTED_EDGE('',*,*,#7668,.F.);
#15803 = ORIENTED_EDGE('',*,*,#15772,.F.);
#15804 = ORIENTED_EDGE('',*,*,#10274,.F.);
#15805 = PLANE('',#15806);
#15806 = AXIS2_PLACEMENT_3D('',#15807,#15808,#15809);
#15807 = CARTESIAN_POINT('',(-10.30116011312,-82.83383741896,
    2.99799990654));
#15808 = DIRECTION('',(0.,0.,1.));
#15809 = DIRECTION('',(1.,0.,-0.));
#15810 = ADVANCED_FACE('',(#15811),#15821,.F.);
#15811 = FACE_BOUND('',#15812,.F.);
#15812 = EDGE_LOOP('',(#15813,#15819,#15820));
#15813 = ORIENTED_EDGE('',*,*,#15814,.T.);
#15814 = EDGE_CURVE('',#7661,#7214,#15815,.T.);
#15815 = LINE('',#15816,#15817);
#15816 = CARTESIAN_POINT('',(-9.239000320435,-85.24900054931,
    2.99799990654));
#15817 = VECTOR('',#15818,1.);
#15818 = DIRECTION('',(0.,-1.,0.));
#15819 = ORIENTED_EDGE('',*,*,#15735,.F.);
#15820 = ORIENTED_EDGE('',*,*,#15778,.F.);
#15821 = PLANE('',#15822);
#15822 = AXIS2_PLACEMENT_3D('',#15823,#15824,#15825);
#15823 = CARTESIAN_POINT('',(-7.267921017702,-89.1710361173,
    2.99799990654));
#15824 = DIRECTION('',(0.,0.,1.));
#15825 = DIRECTION('',(1.,0.,-0.));
#15826 = ADVANCED_FACE('',(#15827),#15837,.F.);
#15827 = FACE_BOUND('',#15828,.F.);
#15828 = EDGE_LOOP('',(#15829,#15830,#15831));
#15829 = ORIENTED_EDGE('',*,*,#7722,.F.);
#15830 = ORIENTED_EDGE('',*,*,#7795,.F.);
#15831 = ORIENTED_EDGE('',*,*,#15832,.T.);
#15832 = EDGE_CURVE('',#7192,#7661,#15833,.T.);
#15833 = LINE('',#15834,#15835);
#15834 = CARTESIAN_POINT('',(-9.239000320435,-92.6600036621,
    6.349999904633));
#15835 = VECTOR('',#15836,1.);
#15836 = DIRECTION('',(0.,0.911135467418,-0.412106976419));
#15837 = PLANE('',#15838);
#15838 = AXIS2_PLACEMENT_3D('',#15839,#15840,#15841);
#15839 = CARTESIAN_POINT('',(-9.239000320435,-88.29720392033,
    5.331298090963));
#15840 = DIRECTION('',(1.,0.,0.));
#15841 = DIRECTION('',(-0.,0.,1.));
#15842 = ADVANCED_FACE('',(#15843),#15848,.F.);
#15843 = FACE_BOUND('',#15844,.F.);
#15844 = EDGE_LOOP('',(#15845,#15846,#15847));
#15845 = ORIENTED_EDGE('',*,*,#7213,.F.);
#15846 = ORIENTED_EDGE('',*,*,#15814,.F.);
#15847 = ORIENTED_EDGE('',*,*,#15832,.F.);
#15848 = PLANE('',#15849);
#15849 = AXIS2_PLACEMENT_3D('',#15850,#15851,#15852);
#15850 = CARTESIAN_POINT('',(-9.239000320435,-89.61180029108,
    4.01670172021));
#15851 = DIRECTION('',(1.,0.,0.));
#15852 = DIRECTION('',(-0.,0.,1.));
#15853 = ADVANCED_FACE('',(#15854),#15871,.F.);
#15854 = FACE_BOUND('',#15855,.F.);
#15855 = EDGE_LOOP('',(#15856,#15864,#15865));
#15856 = ORIENTED_EDGE('',*,*,#15857,.T.);
#15857 = EDGE_CURVE('',#15858,#14271,#15860,.T.);
#15858 = VERTEX_POINT('',#15859);
#15859 = CARTESIAN_POINT('',(-59.00299835205,-114.0009994506,
    5.998000144958));
#15860 = LINE('',#15861,#15862);
#15861 = CARTESIAN_POINT('',(-59.00299835205,-114.0009994506,
    5.998000144958));
#15862 = VECTOR('',#15863,1.);
#15863 = DIRECTION('',(1.,0.,0.));
#15864 = ORIENTED_EDGE('',*,*,#14279,.F.);
#15865 = ORIENTED_EDGE('',*,*,#15866,.T.);
#15866 = EDGE_CURVE('',#14216,#15858,#15867,.T.);
#15867 = LINE('',#15868,#15869);
#15868 = CARTESIAN_POINT('',(-38.99800109863,-112.6959991455,
    6.083000183105));
#15869 = VECTOR('',#15870,1.);
#15870 = DIRECTION('',(-0.99787007864,-6.509477310366E-02,
    -4.239890347178E-03));
#15871 = PLANE('',#15872);
#15872 = AXIS2_PLACEMENT_3D('',#15873,#15874,#15875);
#15873 = CARTESIAN_POINT('',(-48.68423333588,-113.664096942,
    6.019943991235));
#15874 = DIRECTION('',(0.,-6.499638748449E-02,0.99788549925));
#15875 = DIRECTION('',(0.,0.99788549925,6.499638748449E-02));
#15876 = ADVANCED_FACE('',(#15877),#15894,.F.);
#15877 = FACE_BOUND('',#15878,.F.);
#15878 = EDGE_LOOP('',(#15879,#15887,#15893));
#15879 = ORIENTED_EDGE('',*,*,#15880,.T.);
#15880 = EDGE_CURVE('',#14216,#15881,#15883,.T.);
#15881 = VERTEX_POINT('',#15882);
#15882 = CARTESIAN_POINT('',(-59.00299835205,-112.6959991455,
    6.083000183105));
#15883 = LINE('',#15884,#15885);
#15884 = CARTESIAN_POINT('',(-38.99800109863,-112.6959991455,
    6.083000183105));
#15885 = VECTOR('',#15886,1.);
#15886 = DIRECTION('',(-1.,0.,0.));
#15887 = ORIENTED_EDGE('',*,*,#15888,.T.);
#15888 = EDGE_CURVE('',#15881,#15858,#15889,.T.);
#15889 = LINE('',#15890,#15891);
#15890 = CARTESIAN_POINT('',(-59.00299835205,-112.6959991455,
    6.083000183105));
#15891 = VECTOR('',#15892,1.);
#15892 = DIRECTION('',(0.,-0.99788549925,-6.499638748449E-02));
#15893 = ORIENTED_EDGE('',*,*,#15866,.F.);
#15894 = PLANE('',#15895);
#15895 = AXIS2_PLACEMENT_3D('',#15896,#15897,#15898);
#15896 = CARTESIAN_POINT('',(-49.31676611479,-113.0329016541,
    6.061056336829));
#15897 = DIRECTION('',(0.,-6.499638748449E-02,0.99788549925));
#15898 = DIRECTION('',(0.,0.99788549925,6.499638748449E-02));
#15899 = ADVANCED_FACE('',(#15900),#15910,.F.);
#15900 = FACE_BOUND('',#15901,.F.);
#15901 = EDGE_LOOP('',(#15902,#15908,#15909));
#15902 = ORIENTED_EDGE('',*,*,#15903,.T.);
#15903 = EDGE_CURVE('',#14441,#14194,#15904,.T.);
#15904 = LINE('',#15905,#15906);
#15905 = CARTESIAN_POINT('',(-59.00299835205,-111.377998352,
    6.349999904633));
#15906 = VECTOR('',#15907,1.);
#15907 = DIRECTION('',(0.,-0.945955659646,-0.324295991318));
#15908 = ORIENTED_EDGE('',*,*,#14193,.F.);
#15909 = ORIENTED_EDGE('',*,*,#15075,.F.);
#15910 = PLANE('',#15911);
#15911 = AXIS2_PLACEMENT_3D('',#15912,#15913,#15914);
#15912 = CARTESIAN_POINT('',(-49.00974204247,-111.3867573609,
    6.346997109066));
#15913 = DIRECTION('',(0.,-0.324295991318,0.945955659646));
#15914 = DIRECTION('',(0.,0.945955659646,0.324295991318));
#15915 = ADVANCED_FACE('',(#15916),#15926,.F.);
#15916 = FACE_BOUND('',#15917,.F.);
#15917 = EDGE_LOOP('',(#15918,#15924,#15925));
#15918 = ORIENTED_EDGE('',*,*,#15919,.T.);
#15919 = EDGE_CURVE('',#14194,#15881,#15920,.T.);
#15920 = LINE('',#15921,#15922);
#15921 = CARTESIAN_POINT('',(-59.00299835205,-111.4130020141,
    6.337999820709));
#15922 = VECTOR('',#15923,1.);
#15923 = DIRECTION('',(0.,-0.980815161594,-0.194940038954));
#15924 = ORIENTED_EDGE('',*,*,#15880,.F.);
#15925 = ORIENTED_EDGE('',*,*,#14224,.F.);
#15926 = PLANE('',#15927);
#15927 = AXIS2_PLACEMENT_3D('',#15928,#15929,#15930);
#15928 = CARTESIAN_POINT('',(-49.31684255508,-112.3647744235,
    6.148832118354));
#15929 = DIRECTION('',(0.,-0.194940038954,0.980815161594));
#15930 = DIRECTION('',(0.,0.980815161594,0.194940038954));
#15931 = ADVANCED_FACE('',(#15932),#15949,.F.);
#15932 = FACE_BOUND('',#15933,.F.);
#15933 = EDGE_LOOP('',(#15934,#15935,#15943));
#15934 = ORIENTED_EDGE('',*,*,#15903,.F.);
#15935 = ORIENTED_EDGE('',*,*,#15936,.T.);
#15936 = EDGE_CURVE('',#14441,#15937,#15939,.T.);
#15937 = VERTEX_POINT('',#15938);
#15938 = CARTESIAN_POINT('',(-59.00299835205,-116.5899963378,
    6.337999820709));
#15939 = LINE('',#15940,#15941);
#15940 = CARTESIAN_POINT('',(-59.00299835205,-111.377998352,
    6.349999904633));
#15941 = VECTOR('',#15942,1.);
#15942 = DIRECTION('',(0.,-0.999997349497,-2.302390014286E-03));
#15943 = ORIENTED_EDGE('',*,*,#15944,.T.);
#15944 = EDGE_CURVE('',#15937,#14194,#15945,.T.);
#15945 = LINE('',#15946,#15947);
#15946 = CARTESIAN_POINT('',(-59.00299835205,-116.5899963378,
    6.337999820709));
#15947 = VECTOR('',#15948,1.);
#15948 = DIRECTION('',(0.,1.,0.));
#15949 = PLANE('',#15950);
#15950 = AXIS2_PLACEMENT_3D('',#15951,#15952,#15953);
#15951 = CARTESIAN_POINT('',(-59.00299835205,-113.9835008412,
    6.341020565286));
#15952 = DIRECTION('',(1.,0.,0.));
#15953 = DIRECTION('',(-0.,0.,1.));
#15954 = ADVANCED_FACE('',(#15955),#15965,.F.);
#15955 = FACE_BOUND('',#15956,.F.);
#15956 = EDGE_LOOP('',(#15957,#15963,#15964));
#15957 = ORIENTED_EDGE('',*,*,#15958,.T.);
#15958 = EDGE_CURVE('',#15937,#15881,#15959,.T.);
#15959 = LINE('',#15960,#15961);
#15960 = CARTESIAN_POINT('',(-59.00299835205,-116.5899963378,
    6.337999820709));
#15961 = VECTOR('',#15962,1.);
#15962 = DIRECTION('',(0.,0.997862708281,-6.534535502173E-02));
#15963 = ORIENTED_EDGE('',*,*,#15919,.F.);
#15964 = ORIENTED_EDGE('',*,*,#15944,.F.);
#15965 = PLANE('',#15966);
#15966 = AXIS2_PLACEMENT_3D('',#15967,#15968,#15969);
#15967 = CARTESIAN_POINT('',(-59.00299835205,-113.9973103978,
    6.274044707342));
#15968 = DIRECTION('',(1.,0.,0.));
#15969 = DIRECTION('',(-0.,0.,1.));
#15970 = ADVANCED_FACE('',(#15971),#15981,.F.);
#15971 = FACE_BOUND('',#15972,.F.);
#15972 = EDGE_LOOP('',(#15973,#15974,#15980));
#15973 = ORIENTED_EDGE('',*,*,#14454,.F.);
#15974 = ORIENTED_EDGE('',*,*,#15975,.T.);
#15975 = EDGE_CURVE('',#14364,#15937,#15976,.T.);
#15976 = LINE('',#15977,#15978);
#15977 = CARTESIAN_POINT('',(-59.00299835205,-116.625,6.349999904633));
#15978 = VECTOR('',#15979,1.);
#15979 = DIRECTION('',(0.,0.945955659646,-0.324295991318));
#15980 = ORIENTED_EDGE('',*,*,#15936,.F.);
#15981 = PLANE('',#15982);
#15982 = AXIS2_PLACEMENT_3D('',#15983,#15984,#15985);
#15983 = CARTESIAN_POINT('',(-59.00299835205,-114.0019956797,
    6.346999308103));
#15984 = DIRECTION('',(1.,0.,0.));
#15985 = DIRECTION('',(-0.,0.,1.));
#15986 = ADVANCED_FACE('',(#15987),#15997,.F.);
#15987 = FACE_BOUND('',#15988,.F.);
#15988 = EDGE_LOOP('',(#15989,#15995,#15996));
#15989 = ORIENTED_EDGE('',*,*,#15990,.T.);
#15990 = EDGE_CURVE('',#15937,#15858,#15991,.T.);
#15991 = LINE('',#15992,#15993);
#15992 = CARTESIAN_POINT('',(-59.00299835205,-116.5899963378,
    6.337999820709));
#15993 = VECTOR('',#15994,1.);
#15994 = DIRECTION('',(0.,0.991486847337,-0.130206879843));
#15995 = ORIENTED_EDGE('',*,*,#15888,.F.);
#15996 = ORIENTED_EDGE('',*,*,#15958,.F.);
#15997 = PLANE('',#15998);
#15998 = AXIS2_PLACEMENT_3D('',#15999,#16000,#16001);
#15999 = CARTESIAN_POINT('',(-59.00299835205,-114.6443946,6.167886133846
    ));
#16000 = DIRECTION('',(1.,0.,0.));
#16001 = DIRECTION('',(-0.,0.,1.));
#16002 = ADVANCED_FACE('',(#16003),#16018,.F.);
#16003 = FACE_BOUND('',#16004,.F.);
#16004 = EDGE_LOOP('',(#16005,#16011,#16012));
#16005 = ORIENTED_EDGE('',*,*,#16006,.T.);
#16006 = EDGE_CURVE('',#14340,#15858,#16007,.T.);
#16007 = LINE('',#16008,#16009);
#16008 = CARTESIAN_POINT('',(-59.00299835205,-115.3069992065,
    6.083000183105));
#16009 = VECTOR('',#16010,1.);
#16010 = DIRECTION('',(0.,0.997888724128,-6.494685717728E-02));
#16011 = ORIENTED_EDGE('',*,*,#15990,.F.);
#16012 = ORIENTED_EDGE('',*,*,#16013,.T.);
#16013 = EDGE_CURVE('',#15937,#14340,#16014,.T.);
#16014 = LINE('',#16015,#16016);
#16015 = CARTESIAN_POINT('',(-59.00299835205,-116.5899963378,
    6.337999820709));
#16016 = VECTOR('',#16017,1.);
#16017 = DIRECTION('',(0.,0.980815161594,-0.194940038954));
#16018 = PLANE('',#16019);
#16019 = AXIS2_PLACEMENT_3D('',#16020,#16021,#16022);
#16020 = CARTESIAN_POINT('',(-59.00299835205,-115.2982933411,
    6.146716256709));
#16021 = DIRECTION('',(1.,0.,0.));
#16022 = DIRECTION('',(-0.,0.,1.));
#16023 = ADVANCED_FACE('',(#16024),#16029,.F.);
#16024 = FACE_BOUND('',#16025,.F.);
#16025 = EDGE_LOOP('',(#16026,#16027,#16028));
#16026 = ORIENTED_EDGE('',*,*,#14348,.F.);
#16027 = ORIENTED_EDGE('',*,*,#15857,.F.);
#16028 = ORIENTED_EDGE('',*,*,#16006,.F.);
#16029 = PLANE('',#16030);
#16030 = AXIS2_PLACEMENT_3D('',#16031,#16032,#16033);
#16031 = CARTESIAN_POINT('',(-49.31699917858,-114.338168093,
    6.019944519246));
#16032 = DIRECTION('',(0.,6.494685717728E-02,0.997888724128));
#16033 = DIRECTION('',(0.,0.997888724128,-6.494685717728E-02));
#16034 = ADVANCED_FACE('',(#16035),#16045,.F.);
#16035 = FACE_BOUND('',#16036,.F.);
#16036 = EDGE_LOOP('',(#16037,#16043,#16044));
#16037 = ORIENTED_EDGE('',*,*,#16038,.T.);
#16038 = EDGE_CURVE('',#14317,#15937,#16039,.T.);
#16039 = LINE('',#16040,#16041);
#16040 = CARTESIAN_POINT('',(-38.99800109863,-116.5899963378,
    6.337999820709));
#16041 = VECTOR('',#16042,1.);
#16042 = DIRECTION('',(-1.,0.,0.));
#16043 = ORIENTED_EDGE('',*,*,#15975,.F.);
#16044 = ORIENTED_EDGE('',*,*,#14363,.F.);
#16045 = PLANE('',#16046);
#16046 = AXIS2_PLACEMENT_3D('',#16047,#16048,#16049);
#16047 = CARTESIAN_POINT('',(-49.00974204247,-116.5987553467,
    6.341002616276));
#16048 = DIRECTION('',(0.,0.324295991318,0.945955659646));
#16049 = DIRECTION('',(0.,0.945955659646,-0.324295991318));
#16050 = ADVANCED_FACE('',(#16051),#16056,.F.);
#16051 = FACE_BOUND('',#16052,.F.);
#16052 = EDGE_LOOP('',(#16053,#16054,#16055));
#16053 = ORIENTED_EDGE('',*,*,#14385,.F.);
#16054 = ORIENTED_EDGE('',*,*,#16013,.F.);
#16055 = ORIENTED_EDGE('',*,*,#16038,.F.);
#16056 = PLANE('',#16057);
#16057 = AXIS2_PLACEMENT_3D('',#16058,#16059,#16060);
#16058 = CARTESIAN_POINT('',(-49.31684255508,-116.2587716158,
    6.27216788546));
#16059 = DIRECTION('',(0.,0.194940038954,0.980815161594));
#16060 = DIRECTION('',(0.,0.980815161594,-0.194940038954));
#16061 = ADVANCED_FACE('',(#16062),#16079,.F.);
#16062 = FACE_BOUND('',#16063,.F.);
#16063 = EDGE_LOOP('',(#16064,#16072,#16073));
#16064 = ORIENTED_EDGE('',*,*,#16065,.T.);
#16065 = EDGE_CURVE('',#16066,#14470,#16068,.T.);
#16066 = VERTEX_POINT('',#16067);
#16067 = CARTESIAN_POINT('',(-59.00299835205,-126.5899963378,
    6.337999820709));
#16068 = LINE('',#16069,#16070);
#16069 = CARTESIAN_POINT('',(-59.00299835205,-126.5899963378,
    6.337999820709));
#16070 = VECTOR('',#16071,1.);
#16071 = DIRECTION('',(0.,0.99999734848,2.302831602027E-03));
#16072 = ORIENTED_EDGE('',*,*,#14500,.F.);
#16073 = ORIENTED_EDGE('',*,*,#16074,.T.);
#16074 = EDGE_CURVE('',#14493,#16066,#16075,.T.);
#16075 = LINE('',#16076,#16077);
#16076 = CARTESIAN_POINT('',(-59.00299835205,-126.625,6.349999904633));
#16077 = VECTOR('',#16078,1.);
#16078 = DIRECTION('',(0.,0.945955659646,-0.324295991318));
#16079 = PLANE('',#16080);
#16080 = AXIS2_PLACEMENT_3D('',#16081,#16082,#16083);
#16081 = CARTESIAN_POINT('',(-59.00299835205,-124.0024954044,
    6.346999307992));
#16082 = DIRECTION('',(1.,0.,0.));
#16083 = DIRECTION('',(-0.,0.,1.));
#16084 = ADVANCED_FACE('',(#16085),#16102,.F.);
#16085 = FACE_BOUND('',#16086,.F.);
#16086 = EDGE_LOOP('',(#16087,#16095,#16096));
#16087 = ORIENTED_EDGE('',*,*,#16088,.T.);
#16088 = EDGE_CURVE('',#16089,#14470,#16091,.T.);
#16089 = VERTEX_POINT('',#16090);
#16090 = CARTESIAN_POINT('',(-59.00299835205,-125.3069992065,
    6.083000183105));
#16091 = LINE('',#16092,#16093);
#16092 = CARTESIAN_POINT('',(-59.00299835205,-125.3069992065,
    6.083000183105));
#16093 = VECTOR('',#16094,1.);
#16094 = DIRECTION('',(0.,0.997697781318,6.781693853823E-02));
#16095 = ORIENTED_EDGE('',*,*,#16065,.F.);
#16096 = ORIENTED_EDGE('',*,*,#16097,.T.);
#16097 = EDGE_CURVE('',#16066,#16089,#16098,.T.);
#16098 = LINE('',#16099,#16100);
#16099 = CARTESIAN_POINT('',(-59.00299835205,-126.5899963378,
    6.337999820709));
#16100 = VECTOR('',#16101,1.);
#16101 = DIRECTION('',(0.,0.980815161594,-0.194940038954));
#16102 = PLANE('',#16103);
#16103 = AXIS2_PLACEMENT_3D('',#16104,#16105,#16106);
#16104 = CARTESIAN_POINT('',(-59.00299835205,-123.9886547241,
    6.279291151262));
#16105 = DIRECTION('',(1.,0.,0.));
#16106 = DIRECTION('',(-0.,0.,1.));
#16107 = ADVANCED_FACE('',(#16108),#16125,.F.);
#16108 = FACE_BOUND('',#16109,.F.);
#16109 = EDGE_LOOP('',(#16110,#16118,#16119));
#16110 = ORIENTED_EDGE('',*,*,#16111,.T.);
#16111 = EDGE_CURVE('',#16112,#14470,#16114,.T.);
#16112 = VERTEX_POINT('',#16113);
#16113 = CARTESIAN_POINT('',(-59.00299835205,-124.0019989013,
    5.998000144958));
#16114 = LINE('',#16115,#16116);
#16115 = CARTESIAN_POINT('',(-59.00299835205,-124.0019989013,
    5.998000144958));
#16116 = VECTOR('',#16117,1.);
#16117 = DIRECTION('',(0.,0.991115361117,0.133005041098));
#16118 = ORIENTED_EDGE('',*,*,#16088,.F.);
#16119 = ORIENTED_EDGE('',*,*,#16120,.T.);
#16120 = EDGE_CURVE('',#16089,#16112,#16121,.T.);
#16121 = LINE('',#16122,#16123);
#16122 = CARTESIAN_POINT('',(-59.00299835205,-125.3069992065,
    6.083000183105));
#16123 = VECTOR('',#16124,1.);
#16124 = DIRECTION('',(0.,0.99788549925,-6.499638748449E-02));
#16125 = PLANE('',#16126);
#16126 = AXIS2_PLACEMENT_3D('',#16127,#16128,#16129);
#16127 = CARTESIAN_POINT('',(-59.00299835205,-123.3415138663,
    6.173079881541));
#16128 = DIRECTION('',(1.,0.,0.));
#16129 = DIRECTION('',(-0.,0.,1.));
#16130 = ADVANCED_FACE('',(#16131),#16148,.F.);
#16131 = FACE_BOUND('',#16132,.F.);
#16132 = EDGE_LOOP('',(#16133,#16141,#16142));
#16133 = ORIENTED_EDGE('',*,*,#16134,.T.);
#16134 = EDGE_CURVE('',#16135,#14470,#16137,.T.);
#16135 = VERTEX_POINT('',#16136);
#16136 = CARTESIAN_POINT('',(-59.00299835205,-122.6969985961,
    6.083000183105));
#16137 = LINE('',#16138,#16139);
#16138 = CARTESIAN_POINT('',(-59.00299835205,-122.6969985961,
    6.083000183105));
#16139 = VECTOR('',#16140,1.);
#16140 = DIRECTION('',(0.,0.980091512459,0.198546284795));
#16141 = ORIENTED_EDGE('',*,*,#16111,.F.);
#16142 = ORIENTED_EDGE('',*,*,#16143,.T.);
#16143 = EDGE_CURVE('',#16112,#16135,#16144,.T.);
#16144 = LINE('',#16145,#16146);
#16145 = CARTESIAN_POINT('',(-59.00299835205,-124.0019989013,
    5.998000144958));
#16146 = VECTOR('',#16147,1.);
#16147 = DIRECTION('',(0.,0.99788549925,6.499638748449E-02));
#16148 = PLANE('',#16149);
#16149 = AXIS2_PLACEMENT_3D('',#16150,#16151,#16152);
#16150 = CARTESIAN_POINT('',(-59.00299835205,-122.6875456207,
    6.151838776043));
#16151 = DIRECTION('',(1.,0.,0.));
#16152 = DIRECTION('',(-0.,0.,1.));
#16153 = ADVANCED_FACE('',(#16154),#16171,.F.);
#16154 = FACE_BOUND('',#16155,.F.);
#16155 = EDGE_LOOP('',(#16156,#16164,#16165));
#16156 = ORIENTED_EDGE('',*,*,#16157,.T.);
#16157 = EDGE_CURVE('',#16158,#14470,#16160,.T.);
#16158 = VERTEX_POINT('',#16159);
#16159 = CARTESIAN_POINT('',(-59.00299835205,-121.4140014648,
    6.337999820709));
#16160 = LINE('',#16161,#16162);
#16161 = CARTESIAN_POINT('',(-59.00299835205,-121.4140014648,
    6.337999820709));
#16162 = VECTOR('',#16163,1.);
#16163 = DIRECTION('',(0.,0.945955659646,0.324295991318));
#16164 = ORIENTED_EDGE('',*,*,#16134,.F.);
#16165 = ORIENTED_EDGE('',*,*,#16166,.T.);
#16166 = EDGE_CURVE('',#16135,#16158,#16167,.T.);
#16167 = LINE('',#16168,#16169);
#16168 = CARTESIAN_POINT('',(-59.00299835205,-122.6969985961,
    6.083000183105));
#16169 = VECTOR('',#16170,1.);
#16170 = DIRECTION('',(0.,0.980815161594,0.194940038954));
#16171 = PLANE('',#16172);
#16172 = AXIS2_PLACEMENT_3D('',#16173,#16174,#16175);
#16173 = CARTESIAN_POINT('',(-59.00299835205,-122.0376845524,
    6.21533616857));
#16174 = DIRECTION('',(1.,0.,0.));
#16175 = DIRECTION('',(-0.,0.,1.));
#16176 = ADVANCED_FACE('',(#16177),#16194,.F.);
#16177 = FACE_BOUND('',#16178,.F.);
#16178 = EDGE_LOOP('',(#16179,#16187,#16188));
#16179 = ORIENTED_EDGE('',*,*,#16180,.T.);
#16180 = EDGE_CURVE('',#16181,#14516,#16183,.T.);
#16181 = VERTEX_POINT('',#16182);
#16182 = CARTESIAN_POINT('',(-38.99800109863,-121.4140014648,
    6.337999820709));
#16183 = LINE('',#16184,#16185);
#16184 = CARTESIAN_POINT('',(-38.99800109863,-121.4140014648,
    6.337999820709));
#16185 = VECTOR('',#16186,1.);
#16186 = DIRECTION('',(0.,-0.99999734848,2.302831602027E-03));
#16187 = ORIENTED_EDGE('',*,*,#14689,.F.);
#16188 = ORIENTED_EDGE('',*,*,#16189,.T.);
#16189 = EDGE_CURVE('',#14419,#16181,#16190,.T.);
#16190 = LINE('',#16191,#16192);
#16191 = CARTESIAN_POINT('',(-38.99800109863,-121.3789978027,
    6.349999904633));
#16192 = VECTOR('',#16193,1.);
#16193 = DIRECTION('',(0.,-0.945955659646,-0.324295991318));
#16194 = PLANE('',#16195);
#16195 = AXIS2_PLACEMENT_3D('',#16196,#16197,#16198);
#16196 = CARTESIAN_POINT('',(-38.99800109863,-124.0015023983,
    6.346999307992));
#16197 = DIRECTION('',(-1.,-0.,-0.));
#16198 = DIRECTION('',(0.,0.,-1.));
#16199 = ADVANCED_FACE('',(#16200),#16217,.F.);
#16200 = FACE_BOUND('',#16201,.F.);
#16201 = EDGE_LOOP('',(#16202,#16210,#16211));
#16202 = ORIENTED_EDGE('',*,*,#16203,.T.);
#16203 = EDGE_CURVE('',#16204,#14516,#16206,.T.);
#16204 = VERTEX_POINT('',#16205);
#16205 = CARTESIAN_POINT('',(-38.99800109863,-122.6969985961,
    6.083000183105));
#16206 = LINE('',#16207,#16208);
#16207 = CARTESIAN_POINT('',(-38.99800109863,-122.6969985961,
    6.083000183105));
#16208 = VECTOR('',#16209,1.);
#16209 = DIRECTION('',(0.,-0.997697781318,6.781693853823E-02));
#16210 = ORIENTED_EDGE('',*,*,#16180,.F.);
#16211 = ORIENTED_EDGE('',*,*,#16212,.T.);
#16212 = EDGE_CURVE('',#16181,#16204,#16213,.T.);
#16213 = LINE('',#16214,#16215);
#16214 = CARTESIAN_POINT('',(-38.99800109863,-121.4140014648,
    6.337999820709));
#16215 = VECTOR('',#16216,1.);
#16216 = DIRECTION('',(0.,-0.980815161594,-0.194940038954));
#16217 = PLANE('',#16218);
#16218 = AXIS2_PLACEMENT_3D('',#16219,#16220,#16221);
#16219 = CARTESIAN_POINT('',(-38.99800109863,-124.0153430785,
    6.279291151262));
#16220 = DIRECTION('',(-1.,-0.,-0.));
#16221 = DIRECTION('',(0.,0.,-1.));
#16222 = ADVANCED_FACE('',(#16223),#16240,.F.);
#16223 = FACE_BOUND('',#16224,.F.);
#16224 = EDGE_LOOP('',(#16225,#16233,#16234));
#16225 = ORIENTED_EDGE('',*,*,#16226,.T.);
#16226 = EDGE_CURVE('',#16227,#14516,#16229,.T.);
#16227 = VERTEX_POINT('',#16228);
#16228 = CARTESIAN_POINT('',(-38.99800109863,-124.0019989013,
    5.998000144958));
#16229 = LINE('',#16230,#16231);
#16230 = CARTESIAN_POINT('',(-38.99800109863,-124.0019989013,
    5.998000144958));
#16231 = VECTOR('',#16232,1.);
#16232 = DIRECTION('',(0.,-0.991115361117,0.133005041098));
#16233 = ORIENTED_EDGE('',*,*,#16203,.F.);
#16234 = ORIENTED_EDGE('',*,*,#16235,.T.);
#16235 = EDGE_CURVE('',#16204,#16227,#16236,.T.);
#16236 = LINE('',#16237,#16238);
#16237 = CARTESIAN_POINT('',(-38.99800109863,-122.6969985961,
    6.083000183105));
#16238 = VECTOR('',#16239,1.);
#16239 = DIRECTION('',(0.,-0.99788549925,-6.499638748449E-02));
#16240 = PLANE('',#16241);
#16241 = AXIS2_PLACEMENT_3D('',#16242,#16243,#16244);
#16242 = CARTESIAN_POINT('',(-38.99800109863,-124.6624839363,
    6.173079881541));
#16243 = DIRECTION('',(-1.,-0.,-0.));
#16244 = DIRECTION('',(0.,0.,-1.));
#16245 = ADVANCED_FACE('',(#16246),#16263,.F.);
#16246 = FACE_BOUND('',#16247,.F.);
#16247 = EDGE_LOOP('',(#16248,#16256,#16257));
#16248 = ORIENTED_EDGE('',*,*,#16249,.T.);
#16249 = EDGE_CURVE('',#16250,#14516,#16252,.T.);
#16250 = VERTEX_POINT('',#16251);
#16251 = CARTESIAN_POINT('',(-38.99800109863,-125.3069992065,
    6.083000183105));
#16252 = LINE('',#16253,#16254);
#16253 = CARTESIAN_POINT('',(-38.99800109863,-125.3069992065,
    6.083000183105));
#16254 = VECTOR('',#16255,1.);
#16255 = DIRECTION('',(0.,-0.980091512459,0.198546284795));
#16256 = ORIENTED_EDGE('',*,*,#16226,.F.);
#16257 = ORIENTED_EDGE('',*,*,#16258,.T.);
#16258 = EDGE_CURVE('',#16227,#16250,#16259,.T.);
#16259 = LINE('',#16260,#16261);
#16260 = CARTESIAN_POINT('',(-38.99800109863,-124.0019989013,
    5.998000144958));
#16261 = VECTOR('',#16262,1.);
#16262 = DIRECTION('',(0.,-0.99788549925,6.499638748449E-02));
#16263 = PLANE('',#16264);
#16264 = AXIS2_PLACEMENT_3D('',#16265,#16266,#16267);
#16265 = CARTESIAN_POINT('',(-38.99800109863,-125.316452182,
    6.151838776043));
#16266 = DIRECTION('',(-1.,-0.,-0.));
#16267 = DIRECTION('',(0.,0.,-1.));
#16268 = ADVANCED_FACE('',(#16269),#16286,.F.);
#16269 = FACE_BOUND('',#16270,.F.);
#16270 = EDGE_LOOP('',(#16271,#16279,#16280));
#16271 = ORIENTED_EDGE('',*,*,#16272,.T.);
#16272 = EDGE_CURVE('',#16273,#14516,#16275,.T.);
#16273 = VERTEX_POINT('',#16274);
#16274 = CARTESIAN_POINT('',(-38.99800109863,-126.5899963378,
    6.337999820709));
#16275 = LINE('',#16276,#16277);
#16276 = CARTESIAN_POINT('',(-38.99800109863,-126.5899963378,
    6.337999820709));
#16277 = VECTOR('',#16278,1.);
#16278 = DIRECTION('',(0.,-0.945955659646,0.324295991318));
#16279 = ORIENTED_EDGE('',*,*,#16249,.F.);
#16280 = ORIENTED_EDGE('',*,*,#16281,.T.);
#16281 = EDGE_CURVE('',#16250,#16273,#16282,.T.);
#16282 = LINE('',#16283,#16284);
#16283 = CARTESIAN_POINT('',(-38.99800109863,-125.3069992065,
    6.083000183105));
#16284 = VECTOR('',#16285,1.);
#16285 = DIRECTION('',(0.,-0.980815161594,0.194940038954));
#16286 = PLANE('',#16287);
#16287 = AXIS2_PLACEMENT_3D('',#16288,#16289,#16290);
#16288 = CARTESIAN_POINT('',(-38.99800109863,-125.9663132503,
    6.21533616857));
#16289 = DIRECTION('',(-1.,-0.,-0.));
#16290 = DIRECTION('',(0.,0.,-1.));
#16291 = ADVANCED_FACE('',(#16292),#16307,.F.);
#16292 = FACE_BOUND('',#16293,.F.);
#16293 = EDGE_LOOP('',(#16294,#16300,#16301));
#16294 = ORIENTED_EDGE('',*,*,#16295,.T.);
#16295 = EDGE_CURVE('',#16204,#16158,#16296,.T.);
#16296 = LINE('',#16297,#16298);
#16297 = CARTESIAN_POINT('',(-38.99800109863,-122.6969985961,
    6.083000183105));
#16298 = VECTOR('',#16299,1.);
#16299 = DIRECTION('',(-0.997869016428,6.399716377462E-02,
    1.27196337166E-02));
#16300 = ORIENTED_EDGE('',*,*,#16166,.F.);
#16301 = ORIENTED_EDGE('',*,*,#16302,.T.);
#16302 = EDGE_CURVE('',#16135,#16204,#16303,.T.);
#16303 = LINE('',#16304,#16305);
#16304 = CARTESIAN_POINT('',(-59.00299835205,-122.6969985961,
    6.083000183105));
#16305 = VECTOR('',#16306,1.);
#16306 = DIRECTION('',(1.,0.,0.));
#16307 = PLANE('',#16308);
#16308 = AXIS2_PLACEMENT_3D('',#16309,#16310,#16311);
#16309 = CARTESIAN_POINT('',(-49.31684255508,-122.3657738741,
    6.148832118354));
#16310 = DIRECTION('',(0.,-0.194940038954,0.980815161594));
#16311 = DIRECTION('',(0.,0.980815161594,0.194940038954));
#16312 = ADVANCED_FACE('',(#16313),#16323,.F.);
#16313 = FACE_BOUND('',#16314,.F.);
#16314 = EDGE_LOOP('',(#16315,#16321,#16322));
#16315 = ORIENTED_EDGE('',*,*,#16316,.T.);
#16316 = EDGE_CURVE('',#16181,#16158,#16317,.T.);
#16317 = LINE('',#16318,#16319);
#16318 = CARTESIAN_POINT('',(-38.99800109863,-121.4140014648,
    6.337999820709));
#16319 = VECTOR('',#16320,1.);
#16320 = DIRECTION('',(-1.,0.,0.));
#16321 = ORIENTED_EDGE('',*,*,#16295,.F.);
#16322 = ORIENTED_EDGE('',*,*,#16212,.F.);
#16323 = PLANE('',#16324);
#16324 = AXIS2_PLACEMENT_3D('',#16325,#16326,#16327);
#16325 = CARTESIAN_POINT('',(-48.68415689559,-121.7452261868,
    6.27216788546));
#16326 = DIRECTION('',(0.,-0.194940038954,0.980815161594));
#16327 = DIRECTION('',(0.,0.980815161594,0.194940038954));
#16328 = ADVANCED_FACE('',(#16329),#16339,.F.);
#16329 = FACE_BOUND('',#16330,.F.);
#16330 = EDGE_LOOP('',(#16331,#16337,#16338));
#16331 = ORIENTED_EDGE('',*,*,#16332,.T.);
#16332 = EDGE_CURVE('',#16135,#16227,#16333,.T.);
#16333 = LINE('',#16334,#16335);
#16334 = CARTESIAN_POINT('',(-59.00299835205,-122.6969985961,
    6.083000183105));
#16335 = VECTOR('',#16336,1.);
#16336 = DIRECTION('',(0.99787007864,-6.509477310366E-02,
    -4.239890347178E-03));
#16337 = ORIENTED_EDGE('',*,*,#16235,.F.);
#16338 = ORIENTED_EDGE('',*,*,#16302,.F.);
#16339 = PLANE('',#16340);
#16340 = AXIS2_PLACEMENT_3D('',#16341,#16342,#16343);
#16341 = CARTESIAN_POINT('',(-48.68423333588,-123.0339011048,
    6.061056336829));
#16342 = DIRECTION('',(0.,-6.499638748449E-02,0.99788549925));
#16343 = DIRECTION('',(0.,0.99788549925,6.499638748449E-02));
#16344 = ADVANCED_FACE('',(#16345),#16355,.F.);
#16345 = FACE_BOUND('',#16346,.F.);
#16346 = EDGE_LOOP('',(#16347,#16353,#16354));
#16347 = ORIENTED_EDGE('',*,*,#16348,.T.);
#16348 = EDGE_CURVE('',#16112,#16227,#16349,.T.);
#16349 = LINE('',#16350,#16351);
#16350 = CARTESIAN_POINT('',(-59.00299835205,-124.0019989013,
    5.998000144958));
#16351 = VECTOR('',#16352,1.);
#16352 = DIRECTION('',(1.,0.,0.));
#16353 = ORIENTED_EDGE('',*,*,#16332,.F.);
#16354 = ORIENTED_EDGE('',*,*,#16143,.F.);
#16355 = PLANE('',#16356);
#16356 = AXIS2_PLACEMENT_3D('',#16357,#16358,#16359);
#16357 = CARTESIAN_POINT('',(-49.31676611479,-123.6650963927,
    6.019943991235));
#16358 = DIRECTION('',(0.,-6.499638748449E-02,0.99788549925));
#16359 = DIRECTION('',(0.,0.99788549925,6.499638748449E-02));
#16360 = ADVANCED_FACE('',(#16361),#16371,.F.);
#16361 = FACE_BOUND('',#16362,.F.);
#16362 = EDGE_LOOP('',(#16363,#16369,#16370));
#16363 = ORIENTED_EDGE('',*,*,#16364,.T.);
#16364 = EDGE_CURVE('',#16112,#16250,#16365,.T.);
#16365 = LINE('',#16366,#16367);
#16366 = CARTESIAN_POINT('',(-59.00299835205,-124.0019989013,
    5.998000144958));
#16367 = VECTOR('',#16368,1.);
#16368 = DIRECTION('',(0.99787007864,-6.509477310366E-02,
    4.239890347178E-03));
#16369 = ORIENTED_EDGE('',*,*,#16258,.F.);
#16370 = ORIENTED_EDGE('',*,*,#16348,.F.);
#16371 = PLANE('',#16372);
#16372 = AXIS2_PLACEMENT_3D('',#16373,#16374,#16375);
#16373 = CARTESIAN_POINT('',(-48.68423333588,-124.33890141,
    6.019943991235));
#16374 = DIRECTION('',(0.,6.499638748449E-02,0.99788549925));
#16375 = DIRECTION('',(0.,0.99788549925,-6.499638748449E-02));
#16376 = ADVANCED_FACE('',(#16377),#16387,.F.);
#16377 = FACE_BOUND('',#16378,.F.);
#16378 = EDGE_LOOP('',(#16379,#16385,#16386));
#16379 = ORIENTED_EDGE('',*,*,#16380,.T.);
#16380 = EDGE_CURVE('',#16089,#16250,#16381,.T.);
#16381 = LINE('',#16382,#16383);
#16382 = CARTESIAN_POINT('',(-59.00299835205,-125.3069992065,
    6.083000183105));
#16383 = VECTOR('',#16384,1.);
#16384 = DIRECTION('',(1.,0.,0.));
#16385 = ORIENTED_EDGE('',*,*,#16364,.F.);
#16386 = ORIENTED_EDGE('',*,*,#16120,.F.);
#16387 = PLANE('',#16388);
#16388 = AXIS2_PLACEMENT_3D('',#16389,#16390,#16391);
#16389 = CARTESIAN_POINT('',(-49.31676611479,-124.9700966978,
    6.061056336829));
#16390 = DIRECTION('',(0.,6.499638748449E-02,0.99788549925));
#16391 = DIRECTION('',(0.,0.99788549925,-6.499638748449E-02));
#16392 = ADVANCED_FACE('',(#16393),#16403,.F.);
#16393 = FACE_BOUND('',#16394,.F.);
#16394 = EDGE_LOOP('',(#16395,#16401,#16402));
#16395 = ORIENTED_EDGE('',*,*,#16396,.T.);
#16396 = EDGE_CURVE('',#16089,#16273,#16397,.T.);
#16397 = LINE('',#16398,#16399);
#16398 = CARTESIAN_POINT('',(-59.00299835205,-125.3069992065,
    6.083000183105));
#16399 = VECTOR('',#16400,1.);
#16400 = DIRECTION('',(0.997869016428,-6.399716377462E-02,
    1.27196337166E-02));
#16401 = ORIENTED_EDGE('',*,*,#16281,.F.);
#16402 = ORIENTED_EDGE('',*,*,#16380,.F.);
#16403 = PLANE('',#16404);
#16404 = AXIS2_PLACEMENT_3D('',#16405,#16406,#16407);
#16405 = CARTESIAN_POINT('',(-48.68415689559,-125.6382239285,
    6.148832118354));
#16406 = DIRECTION('',(0.,0.194940038954,0.980815161594));
#16407 = DIRECTION('',(0.,0.980815161594,-0.194940038954));
#16408 = ADVANCED_FACE('',(#16409),#16419,.F.);
#16409 = FACE_BOUND('',#16410,.F.);
#16410 = EDGE_LOOP('',(#16411,#16417,#16418));
#16411 = ORIENTED_EDGE('',*,*,#16412,.T.);
#16412 = EDGE_CURVE('',#16066,#16273,#16413,.T.);
#16413 = LINE('',#16414,#16415);
#16414 = CARTESIAN_POINT('',(-59.00299835205,-126.5899963378,
    6.337999820709));
#16415 = VECTOR('',#16416,1.);
#16416 = DIRECTION('',(1.,0.,0.));
#16417 = ORIENTED_EDGE('',*,*,#16396,.F.);
#16418 = ORIENTED_EDGE('',*,*,#16097,.F.);
#16419 = PLANE('',#16420);
#16420 = AXIS2_PLACEMENT_3D('',#16421,#16422,#16423);
#16421 = CARTESIAN_POINT('',(-49.31684255508,-126.2587716158,
    6.27216788546));
#16422 = DIRECTION('',(0.,0.194940038954,0.980815161594));
#16423 = DIRECTION('',(0.,0.980815161594,-0.194940038954));
#16424 = ADVANCED_FACE('',(#16425),#16435,.F.);
#16425 = FACE_BOUND('',#16426,.F.);
#16426 = EDGE_LOOP('',(#16427,#16433,#16434));
#16427 = ORIENTED_EDGE('',*,*,#16428,.T.);
#16428 = EDGE_CURVE('',#16066,#14516,#16429,.T.);
#16429 = LINE('',#16430,#16431);
#16430 = CARTESIAN_POINT('',(-59.00299835205,-126.5899963378,
    6.337999820709));
#16431 = VECTOR('',#16432,1.);
#16432 = DIRECTION('',(0.999998289286,-1.749742915968E-03,
    5.998532887868E-04));
#16433 = ORIENTED_EDGE('',*,*,#16272,.F.);
#16434 = ORIENTED_EDGE('',*,*,#16412,.F.);
#16435 = PLANE('',#16436);
#16436 = AXIS2_PLACEMENT_3D('',#16437,#16438,#16439);
#16437 = CARTESIAN_POINT('',(-48.99125740821,-126.5987553467,
    6.341002616276));
#16438 = DIRECTION('',(0.,0.324295991318,0.945955659646));
#16439 = DIRECTION('',(0.,0.945955659646,-0.324295991318));
#16440 = ADVANCED_FACE('',(#16441),#16446,.F.);
#16441 = FACE_BOUND('',#16442,.F.);
#16442 = EDGE_LOOP('',(#16443,#16444,#16445));
#16443 = ORIENTED_EDGE('',*,*,#14523,.F.);
#16444 = ORIENTED_EDGE('',*,*,#16428,.F.);
#16445 = ORIENTED_EDGE('',*,*,#16074,.F.);
#16446 = PLANE('',#16447);
#16447 = AXIS2_PLACEMENT_3D('',#16448,#16449,#16450);
#16448 = CARTESIAN_POINT('',(-49.00974204247,-126.6162409911,
    6.346997109066));
#16449 = DIRECTION('',(0.,0.324295991318,0.945955659646));
#16450 = DIRECTION('',(0.,0.945955659646,-0.324295991318));
#16451 = ADVANCED_FACE('',(#16452),#16462,.F.);
#16452 = FACE_BOUND('',#16453,.F.);
#16453 = EDGE_LOOP('',(#16454,#16460,#16461));
#16454 = ORIENTED_EDGE('',*,*,#16455,.T.);
#16455 = EDGE_CURVE('',#16181,#14470,#16456,.T.);
#16456 = LINE('',#16457,#16458);
#16457 = CARTESIAN_POINT('',(-38.99800109863,-121.4140014648,
    6.337999820709));
#16458 = VECTOR('',#16459,1.);
#16459 = DIRECTION('',(-0.999998289286,1.749742915968E-03,
    5.998532887868E-04));
#16460 = ORIENTED_EDGE('',*,*,#16157,.F.);
#16461 = ORIENTED_EDGE('',*,*,#16316,.F.);
#16462 = PLANE('',#16463);
#16463 = AXIS2_PLACEMENT_3D('',#16464,#16465,#16466);
#16464 = CARTESIAN_POINT('',(-49.00974204247,-121.4052424559,
    6.341002616276));
#16465 = DIRECTION('',(0.,-0.324295991318,0.945955659646));
#16466 = DIRECTION('',(0.,0.945955659646,0.324295991318));
#16467 = ADVANCED_FACE('',(#16468),#16473,.F.);
#16468 = FACE_BOUND('',#16469,.F.);
#16469 = EDGE_LOOP('',(#16470,#16471,#16472));
#16470 = ORIENTED_EDGE('',*,*,#14537,.F.);
#16471 = ORIENTED_EDGE('',*,*,#16455,.F.);
#16472 = ORIENTED_EDGE('',*,*,#16189,.F.);
#16473 = PLANE('',#16474);
#16474 = AXIS2_PLACEMENT_3D('',#16475,#16476,#16477);
#16475 = CARTESIAN_POINT('',(-48.99125740821,-121.3877568115,
    6.346997109066));
#16476 = DIRECTION('',(0.,-0.324295991318,0.945955659646));
#16477 = DIRECTION('',(0.,0.945955659646,0.324295991318));
#16478 = ( GEOMETRIC_REPRESENTATION_CONTEXT(3) 
GLOBAL_UNCERTAINTY_ASSIGNED_CONTEXT((#16482)) 
GLOBAL_UNIT_ASSIGNED_CONTEXT((#16479,#16480,#16481)) 
REPRESENTATION_CONTEXT('Context #1',
  '3D Context with UNIT and UNCERTAINTY') );
#16479 = ( LENGTH_UNIT() NAMED_UNIT(*) SI_UNIT(.MILLI.,.METRE.) );
#16480 = ( NAMED_UNIT(*) PLANE_ANGLE_UNIT() SI_UNIT($,.RADIAN.) );
#16481 = ( NAMED_UNIT(*) SI_UNIT($,.STERADIAN.) SOLID_ANGLE_UNIT() );
#16482 = UNCERTAINTY_MEASURE_WITH_UNIT(LENGTH_MEASURE(1.E-07),#16479,
  'distance_accuracy_value','confusion accuracy');
#16483 = PRODUCT_RELATED_PRODUCT_CATEGORY('part',$,(#7));
#16484 = MECHANICAL_DESIGN_GEOMETRIC_PRESENTATION_REPRESENTATION('',(
    #16485),#16478);
#16485 = STYLED_ITEM('color',(#16486),#15);
#16486 = PRESENTATION_STYLE_ASSIGNMENT((#16487,#16493));
#16487 = SURFACE_STYLE_USAGE(.BOTH.,#16488);
#16488 = SURFACE_SIDE_STYLE('',(#16489));
#16489 = SURFACE_STYLE_FILL_AREA(#16490);
#16490 = FILL_AREA_STYLE('',(#16491));
#16491 = FILL_AREA_STYLE_COLOUR('',#16492);
#16492 = COLOUR_RGB('',0.447058818107,0.474509808674,0.501960817233);
#16493 = CURVE_STYLE('',#16494,POSITIVE_LENGTH_MEASURE(0.1),#16495);
#16494 = DRAUGHTING_PRE_DEFINED_CURVE_FONT('continuous');
#16495 = COLOUR_RGB('',9.803921802644E-02,9.803921802644E-02,
  9.803921802644E-02);
ENDSEC;
END-ISO-10303-21;
